日期,品类,净销量_kg,销售额_元,打折销量_kg,均价_元每kg,星期
2020-07-01,花叶类,205.40199999999973,1503.7895999999978,13.684999999999999,7.321202325196443,2
2020-07-01,花菜类,46.64000000000003,592.5299999999994,0.0,12.704331046312157,2
2020-07-01,水生根茎类,4.8500000000000005,70.2838,0.0,14.491505154639173,2
2020-07-01,茄类,35.373999999999995,176.818,0.0,4.998529993780744,2
2020-07-01,辣椒类,76.71500000000003,759.9901999999998,0.0,9.906670142736095,2
2020-07-01,食用菌,35.36500000000001,368.60200000000003,0.195,10.422790894952636,2
2020-07-02,花叶类,198.36199999999985,1409.664699999999,19.362000000000005,7.106525947510107,3
2020-07-02,花菜类,43.943000000000005,546.0320000000003,0.0,12.425915390392104,3
2020-07-02,水生根茎类,4.6,53.1208,0.0,11.548000000000002,3
2020-07-02,茄类,32.199,172.09199999999996,0.0,5.344638032237025,3
2020-07-02,辣椒类,66.06399999999998,669.7044,0.0,10.137206345362076,3
2020-07-02,食用菌,48.51000000000002,605.929,0.0,12.490806019377443,3
2020-07-03,花叶类,190.77899999999997,1399.5064999999993,6.832000000000001,7.335747121014365,4
2020-07-03,花菜类,42.07599999999999,495.36800000000005,0.0,11.77317235478658,4
2020-07-03,水生根茎类,9.572,76.69300000000003,5.162000000000001,8.012223150856668,4
2020-07-03,茄类,35.89600000000002,196.24300000000002,0.0,5.466987965232892,4
2020-07-03,辣椒类,64.25299999999999,670.6645999999997,0.0,10.437872161611129,4
2020-07-03,食用菌,42.44199999999994,546.2949999999997,0.0,12.871565901701157,4
2020-07-04,花叶类,236.5869999999997,1841.3999999999978,2.0140000000000002,7.783183353269623,5
2020-07-04,花菜类,55.662,702.1859999999998,0.0,12.61517732025439,5
2020-07-04,水生根茎类,5.439,118.75319999999999,0.0,21.833645890788745,5
2020-07-04,茄类,57.06699999999999,327.40299999999985,0.0,5.737168591304956,5
2020-07-04,辣椒类,81.28199999999997,826.4166000000007,0.444,10.167276887871866,5
2020-07-04,食用菌,47.26199999999998,578.7036,0.43800000000000006,12.244585502094713,5
2020-07-05,花叶类,223.899,1573.1792999999955,4.253,7.0262899789637085,6
2020-07-05,花菜类,55.47400000000002,697.9820000000001,0.0,12.582146591195873,6
2020-07-05,水生根茎类,4.019,40.19,0.0,10.0,6
2020-07-05,茄类,61.81600000000001,411.3631000000003,0.874,6.65463795781028,6
2020-07-05,辣椒类,98.496,1016.2366000000005,0.465,10.317541829109818,6
2020-07-05,食用菌,73.21300000000004,732.6237999999996,0.0,10.006744703809423,6
2020-07-06,花叶类,195.73999999999992,1511.596799999997,12.301000000000002,7.722472667824653,0
2020-07-06,花菜类,42.721,506.3038,0.444,11.851403291121464,0
2020-07-06,水生根茎类,3.0890000000000004,30.7757,0.381,9.962997733894463,0
2020-07-06,茄类,30.727000000000015,201.412,0.0,6.554886581833563,0
2020-07-06,辣椒类,58.68200000000003,645.2907999999998,0.0,10.996400940663227,0
2020-07-06,食用菌,40.57799999999998,487.603,1.0,12.016437478436597,0
2020-07-07,花叶类,172.05200000000005,1328.4089999999971,15.176999999999998,7.720973891614144,1
2020-07-07,花菜类,45.74900000000001,526.9909999999998,0.0,11.519180747120148,1
2020-07-07,水生根茎类,3.1170000000000004,31.169999999999998,0.0,9.999999999999998,1
2020-07-07,茄类,32.112,186.84799999999998,0.0,5.818634778276033,1
2020-07-07,辣椒类,42.21300000000003,531.0704000000001,0.0,12.58073105441451,1
2020-07-07,食用菌,52.55999999999996,622.3338999999997,1.441,11.840447108066975,1
2020-07-08,花叶类,152.5699999999999,1210.4449999999981,15.216000000000001,7.933702562758071,2
2020-07-08,花菜类,45.433,532.1020000000001,0.0,11.711795391015343,2
2020-07-08,水生根茎类,10.605,155.48399999999998,0.0,14.661386138613858,2
2020-07-08,茄类,39.66999999999999,232.2832,0.576,5.8553869422737606,2
2020-07-08,辣椒类,65.88000000000002,768.0609999999992,2.647,11.658485124468715,2
2020-07-08,食用菌,43.96800000000001,565.4191999999999,0.0,12.85978893740902,2
2020-07-09,花叶类,187.43900000000016,1395.7573999999988,0.288,7.446462048986591,3
2020-07-09,花菜类,41.13099999999999,496.2039999999999,0.0,12.063990663976076,3
2020-07-09,水生根茎类,2.1060000000000003,21.060000000000002,0.0,10.0,3
2020-07-09,茄类,25.921,205.51999999999995,0.0,7.928706454226301,3
2020-07-09,辣椒类,58.859999999999985,615.3549999999997,0.0,10.454553177030238,3
2020-07-09,食用菌,37.837,464.1237999999999,0.0,12.266400613156431,3
2020-07-10,花叶类,179.8329999999999,1305.5265999999983,24.869,7.259660907619842,4
2020-07-10,花菜类,62.34400000000001,659.9567999999998,5.177,10.585730784036953,4
2020-07-10,水生根茎类,9.025,128.7304,0.244,14.26375623268698,4
2020-07-10,茄类,37.85999999999999,268.3507000000001,3.6979999999999995,7.087974115161123,4
2020-07-10,辣椒类,58.93600000000002,714.7903,2.2699999999999996,12.128245893850952,4
2020-07-10,食用菌,41.428999999999995,470.81010000000015,4.398999999999999,11.364264162784528,4
2020-07-11,花叶类,270.34299999999985,2100.112699999997,32.208999999999996,7.768326533329874,5
2020-07-11,花菜类,76.56400000000004,784.2707000000001,7.188,10.243334987722687,5
2020-07-11,水生根茎类,8.928000000000003,132.12330000000003,1.522,14.798756720430106,5
2020-07-11,茄类,68.277,405.2063999999999,7.954000000000001,5.934742299749549,5
2020-07-11,辣椒类,85.936,1060.3597999999997,8.482999999999999,12.338947588903366,5
2020-07-11,食用菌,52.23799999999994,700.3147999999997,3.681,13.40623301045217,5
2020-07-12,花叶类,300.1889999999998,2195.992199999997,28.834,7.315365319848491,6
2020-07-12,花菜类,71.61500000000004,777.0745000000001,7.611,10.850722613977513,6
2020-07-12,水生根茎类,13.994000000000002,247.96040000000002,1.369,17.719051021866512,6
2020-07-12,茄类,81.70599999999999,582.6195000000001,8.576,7.1306819572614035,6
2020-07-12,辣椒类,72.16800000000003,852.3497,6.286000000000002,11.81063213612681,6
2020-07-12,食用菌,55.95999999999998,678.7290999999999,5.186000000000001,12.128825947105078,6
2020-07-13,花叶类,190.83199999999985,1422.2043999999971,19.911,7.452651546910362,0
2020-07-13,花菜类,32.028,315.37620000000004,2.807,9.846890221056578,0
2020-07-13,水生根茎类,11.604999999999997,164.10539999999997,1.263,14.140922016372254,0
2020-07-13,茄类,44.37899999999999,306.69840000000005,1.117,6.910890285946058,0
2020-07-13,辣椒类,61.23999999999999,662.7452,3.297,10.822096668843894,0
2020-07-13,食用菌,42.11299999999997,544.0010000000004,2.3129999999999997,12.917650131788303,0
2020-07-14,花叶类,190.59900000000007,1375.163199999997,7.467999999999999,7.214954957790946,1
2020-07-14,花菜类,57.575,558.9169,4.54,9.707631784628745,1
2020-07-14,水生根茎类,9.007,135.8165,0.325,15.078994115687799,1
2020-07-14,茄类,34.747,225.4722,2.987,6.488968831841597,1
2020-07-14,辣椒类,66.74499999999999,710.1372999999998,3.4720000000000004,10.63955801932729,1
2020-07-14,食用菌,44.83600000000001,537.0122000000002,3.9879999999999995,11.97725488446784,1
2020-07-15,花叶类,217.442,1478.0206999999975,8.450000000000001,6.797310087287633,2
2020-07-15,花菜类,37.961999999999996,375.1279,3.0680000000000005,9.88166851061588,2
2020-07-15,水生根茎类,10.238000000000001,151.4427,0.623,14.792215276421175,2
2020-07-15,茄类,38.17000000000001,274.55000000000007,0.414,7.192821587634268,2
2020-07-15,辣椒类,73.35400000000007,749.7707999999994,4.2700000000000005,10.221266733920423,2
2020-07-15,食用菌,42.19600000000001,494.03610000000015,4.417,11.708126362688407,2
2020-07-16,花叶类,212.5259999999999,1517.892199999997,19.976999999999997,7.142148254801755,3
2020-07-16,花菜类,39.45000000000001,417.22800000000007,4.15,10.5761216730038,3
2020-07-16,水生根茎类,11.354,162.72509999999997,1.171,14.33196230403382,3
2020-07-16,茄类,26.586000000000002,192.9674,2.555,7.258233656811855,3
2020-07-16,辣椒类,72.65600000000006,764.0533999999997,8.331,10.516039969169773,3
2020-07-16,食用菌,53.25900000000002,637.6837999999999,3.595,11.973258979702955,3
2020-07-17,花叶类,195.67000000000002,1343.7053999999982,28.238,6.867201921602689,4
2020-07-17,花菜类,44.19799999999999,455.7297,4.342999999999999,10.31109326213856,4
2020-07-17,水生根茎类,10.727,154.124,0.0,14.367856809918896,4
2020-07-17,茄类,37.251000000000005,294.06499999999994,4.751999999999999,7.894150492604223,4
2020-07-17,辣椒类,61.02500000000001,690.4716000000001,5.205,11.314569438754608,4
2020-07-17,食用菌,51.90800000000002,656.7742,5.922,12.652658549741844,4
2020-07-18,花叶类,274.26500000000004,2017.5222999999978,43.97499999999998,7.356105591307668,5
2020-07-18,花菜类,61.088000000000015,634.3341000000003,9.716999999999999,10.38393956259822,5
2020-07-18,水生根茎类,10.418000000000001,151.25990000000002,3.176,14.519091956229603,5
2020-07-18,茄类,56.58499999999998,393.64089999999993,8.432,6.956629848899887,5
2020-07-18,辣椒类,85.05100000000006,987.4653000000002,13.839,11.610272659933447,5
2020-07-18,食用菌,71.69200000000005,880.7574000000001,15.003,12.285295430452484,5
2020-07-19,花叶类,319.79099999999994,2296.424299999996,51.96500000000002,7.1810160386002,6
2020-07-19,花菜类,76.35100000000007,809.2379000000001,8.422999999999998,10.59891684457308,6
2020-07-19,水生根茎类,11.123999999999999,159.4384,2.9200000000000004,14.332829917295939,6
2020-07-19,茄类,71.77199999999996,556.3027999999998,11.955,7.7509725241041085,6
2020-07-19,辣椒类,102.71100000000006,1106.7811999999988,10.843000000000005,10.775683227697114,6
2020-07-19,食用菌,79.82099999999997,1118.7524999999998,9.953999999999997,14.015766527605521,6
2020-07-20,花叶类,204.997,1412.9579999999985,22.660000000000004,6.892578915789004,0
2020-07-20,花菜类,47.43100000000001,411.3892000000001,4.920999999999999,8.673424553562016,0
2020-07-20,水生根茎类,9.547999999999998,134.2522,0.5449999999999999,14.060766652702139,0
2020-07-20,茄类,33.94700000000001,280.5997000000001,3.8689999999999998,8.265817303443603,0
2020-07-20,辣椒类,67.35000000000001,677.3548999999999,8.161999999999999,10.057236822568669,0
2020-07-20,食用菌,52.617000000000026,627.6751999999997,3.7500000000000004,11.929133169888047,0
2020-07-21,花叶类,214.99,1592.4823,14.480000000000004,7.407238941346108,1
2020-07-21,花菜类,49.005,461.43580000000003,4.1080000000000005,9.416096316702378,1
2020-07-21,水生根茎类,12.744000000000003,213.18280000000001,1.299,16.728091650973003,1
2020-07-21,茄类,27.093999999999994,206.34200000000004,1.504,7.615782091976087,1
2020-07-21,辣椒类,56.99300000000001,571.6610999999997,3.207,10.030373905567343,1
2020-07-21,食用菌,45.905000000000015,570.2716000000001,3.8779999999999997,12.42286461169807,1
2020-07-22,花叶类,232.40999999999963,1645.7256999999993,27.327999999999996,7.0811311905684,2
2020-07-22,花菜类,53.67500000000002,531.4383999999999,4.836,9.901041453190492,2
2020-07-22,水生根茎类,10.850000000000001,177.73640000000003,1.051,16.381235023041476,2
2020-07-22,茄类,48.24699999999999,372.42590000000007,1.7489999999999999,7.71915144983108,2
2020-07-22,辣椒类,81.30899999999994,800.0899000000003,7.1739999999999995,9.840114870432558,2
2020-07-22,食用菌,66.67799999999998,743.2708999999994,3.964,11.147168481358163,2
2020-07-23,花叶类,199.98399999999972,1422.4458000000006,28.06500000000001,7.11279802384192,3
2020-07-23,花菜类,39.425,420.2273000000002,3.0810000000000004,10.658904248573245,3
2020-07-23,水生根茎类,30.417,207.48090000000008,4.444,6.8212151099714,3
2020-07-23,茄类,44.14200000000002,338.846,3.428,7.6762720311721235,3
2020-07-23,辣椒类,57.63899999999998,640.9893,3.7780000000000005,11.120756779264044,3
2020-07-23,食用菌,56.75899999999999,623.9235999999999,4.032,10.992505153367746,3
2020-07-24,花叶类,176.32499999999985,1340.1699,16.396,7.600566567418127,4
2020-07-24,花菜类,37.695,404.5051000000001,3.8600000000000003,10.731001459079456,4
2020-07-24,水生根茎类,11.74,197.42970000000003,0.757,16.816839863713803,4
2020-07-24,茄类,34.97,289.33170000000007,2.5540000000000003,8.273711752931087,4
2020-07-24,辣椒类,57.58000000000004,590.1562999999999,5.346000000000001,10.249327891629028,4
2020-07-24,食用菌,49.201,573.4826000000003,4.937,11.655913497693142,4
2020-07-25,花叶类,227.13699999999983,1805.9511999999986,22.624,7.950933577532502,5
2020-07-25,花菜类,57.42100000000002,620.8881000000001,7.785,10.812909911008166,5
2020-07-25,水生根茎类,10.424000000000001,150.716,2.908,14.458557175748272,5
2020-07-25,茄类,61.87399999999997,435.23049999999995,12.455000000000002,7.034141965930766,5
2020-07-25,辣椒类,94.20599999999999,951.9404999999997,12.509,10.104881854658936,5
2020-07-25,食用菌,67.01300000000002,809.1514999999996,8.315999999999999,12.074545237491224,5
2020-07-26,花叶类,250.8249999999998,2045.451299999997,35.09500000000001,8.154894049636196,6
2020-07-26,花菜类,64.119,711.6963999999997,9.188999999999998,11.099617897970955,6
2020-07-26,水生根茎类,12.988000000000001,234.4727,1.9570000000000003,18.053025870033874,6
2020-07-26,茄类,69.521,515.1741000000001,7.637,7.410337883517212,6
2020-07-26,辣椒类,102.06099999999996,1058.5516999999975,13.593000000000002,10.371755126835891,6
2020-07-26,食用菌,71.29499999999997,882.8238999999996,9.619,12.382690230731468,6
2020-07-27,花叶类,198.00899999999982,1568.921099999999,18.404,7.923483781040257,0
2020-07-27,花菜类,42.876,463.1992999999999,5.213,10.803230245358707,0
2020-07-27,水生根茎类,17.264999999999997,246.9673,0.829,14.304506226469739,0
2020-07-27,茄类,36.121,265.8719000000001,5.545000000000001,7.360590792060023,0
2020-07-27,辣椒类,71.40200000000003,776.7883999999998,3.0989999999999998,10.879084619478439,0
2020-07-27,食用菌,52.77699999999997,654.2722999999995,11.797999999999998,12.396921007256946,0
2020-07-28,花叶类,165.44300000000007,1326.3970999999992,22.837999999999994,8.017245214363852,1
2020-07-28,花菜类,34.937,379.23389999999995,2.202,10.854792912957608,1
2020-07-28,水生根茎类,13.959,166.7864,0.451,11.94830575256107,1
2020-07-28,茄类,40.33999999999998,313.67069999999995,6.663,7.775674268715917,1
2020-07-28,辣椒类,66.001,667.8375999999998,8.600999999999997,10.118598203057527,1
2020-07-28,食用菌,47.72799999999998,550.9985,5.336,11.544554559168628,1
2020-07-29,花叶类,193.72900000000013,1516.0659999999991,18.622999999999994,7.825704979636493,2
2020-07-29,花菜类,42.21999999999999,486.9335,4.189,11.533242539081007,2
2020-07-29,水生根茎类,18.59700000000001,226.97220000000004,0.543,12.20477496370382,2
2020-07-29,茄类,40.77700000000001,324.21810000000005,5.242,7.951004242587733,2
2020-07-29,辣椒类,82.49400000000007,815.1327999999994,7.978999999999999,9.88111620239046,2
2020-07-29,食用菌,54.314999999999976,660.9124999999995,4.373000000000001,12.168139556291996,2
2020-07-30,花叶类,201.74300000000005,1575.9331999999995,25.931000000000008,7.811588010488587,3
2020-07-30,花菜类,38.198000000000015,392.41680000000014,5.803999999999999,10.27322896486727,3
2020-07-30,水生根茎类,10.644999999999998,126.79490000000003,2.3289999999999997,11.911216533583847,3
2020-07-30,茄类,46.311,355.9828,5.8020000000000005,7.686787156399127,3
2020-07-30,辣椒类,67.643,643.0350999999997,5.854,9.506306639267917,3
2020-07-30,食用菌,50.773999999999994,578.2915999999999,3.063,11.389522196399732,3
2020-07-31,花叶类,197.16599999999963,1534.2383999999986,2.0,7.781455220474125,4
2020-07-31,花菜类,37.54899999999999,393.0232999999999,0.627,10.466944525819596,4
2020-07-31,水生根茎类,19.061999999999998,213.32999999999996,0.0,11.191375511488825,4
2020-07-31,茄类,34.09199999999999,265.1070000000001,0.0,7.776223160858857,4
2020-07-31,辣椒类,41.10399999999997,440.0909999999996,0.0,10.70676819774231,4
2020-07-31,食用菌,45.58700000000001,522.947,0.0,11.471406321977755,4
2020-08-01,花叶类,229.88999999999982,1835.827199999999,27.403000000000002,7.985676627952501,5
2020-08-01,花菜类,54.36199999999999,607.9992999999996,3.7589999999999995,11.184270262315584,5
2020-08-01,水生根茎类,21.432000000000002,237.80840000000003,2.3320000000000003,11.09594998133632,5
2020-08-01,茄类,48.805,353.97419999999977,3.151,7.252826554656281,5
2020-08-01,辣椒类,66.15599999999998,693.1243,3.624,10.47711923332729,5
2020-08-01,食用菌,53.79699999999999,669.5793999999997,1.5819999999999999,12.446407792256071,5
2020-08-02,花叶类,243.1379999999999,2089.567,9.035999999999998,8.59416051789519,6
2020-08-02,花菜类,49.21900000000002,556.502,0.0,11.306649870984776,6
2020-08-02,水生根茎类,56.153999999999996,627.7452,5.880000000000002,11.178993482209638,6
2020-08-02,茄类,50.89299999999999,352.94200000000006,0.0,6.934981235140396,6
2020-08-02,辣椒类,67.96300000000002,661.0503999999995,0.0,9.72662183835321,6
2020-08-02,食用菌,54.96099999999998,617.6406000000001,0.0,11.237797711104243,6
2020-08-03,花叶类,207.84299999999996,1680.619799999998,1.338,8.086006264343752,0
2020-08-03,花菜类,44.426000000000016,492.02800000000013,0.0,11.075226218880834,0
2020-08-03,水生根茎类,15.555000000000001,195.61760000000007,0.0,12.575866280938609,0
2020-08-03,茄类,45.191,302.95300000000003,0.0,6.703834834369676,0
2020-08-03,辣椒类,86.474,854.4543999999989,0.0,9.881055577398975,0
2020-08-03,食用菌,48.574999999999974,600.7601999999997,1.9050000000000002,12.367682964487907,0
2020-08-04,花叶类,180.0119999999999,1328.5651999999995,2.0,7.380425749394487,1
2020-08-04,花菜类,44.53400000000003,484.39000000000004,0.0,10.8768581308663,1
2020-08-04,水生根茎类,26.207999999999995,319.5464,0.0,12.19270451770452,1
2020-08-04,茄类,30.591000000000008,228.63600000000005,0.0,7.4739629302736095,1
2020-08-04,辣椒类,73.36500000000004,706.3547999999993,0.0,9.627953383766085,1
2020-08-04,食用菌,45.300999999999995,570.8357999999998,0.0,12.60095362133286,1
2020-08-05,花叶类,244.3949999999996,1891.6621999999982,3.589,7.740183718979526,2
2020-08-05,花菜类,43.63099999999999,446.41000000000014,0.0,10.231486786917563,2
2020-08-05,水生根茎类,21.451999999999998,258.012,0.0,12.027410031698677,2
2020-08-05,茄类,49.472,368.65000000000003,0.0,7.451689844760673,2
2020-08-05,辣椒类,82.22900000000003,808.7543999999996,0.0,9.835391406924556,2
2020-08-05,食用菌,62.83999999999996,757.8291999999997,0.0,12.059662635264166,2
2020-08-06,花叶类,234.77699999999973,1788.7844000000007,16.740000000000002,7.619078529838966,3
2020-08-06,花菜类,40.827000000000005,394.47600000000006,0.0,9.662135351605555,3
2020-08-06,水生根茎类,19.115000000000002,220.89580000000007,0.0,11.556149620716717,3
2020-08-06,茄类,31.596000000000004,252.76800000000003,0.0,8.0,3
2020-08-06,辣椒类,74.04700000000001,731.4873999999993,0.0,9.87869056140018,3
2020-08-06,食用菌,48.61100000000001,596.5882,0.0,12.272699594741928,3
2020-08-07,花叶类,204.94099999999995,1683.3441999999989,6.229,8.21379909339761,4
2020-08-07,花菜类,40.272,438.672,0.0,10.892729439809298,4
2020-08-07,水生根茎类,25.415000000000003,312.62200000000007,0.0,12.30068856974228,4
2020-08-07,茄类,51.799,266.1600000000001,0.0,5.13832313365123,4
2020-08-07,辣椒类,78.61099999999999,789.5279999999997,0.0,10.043479920112958,4
2020-08-07,食用菌,68.17699999999996,735.9745999999997,0.0,10.795056984026871,4
2020-08-08,花叶类,311.16099999999983,2505.768600000001,1.0,8.052964863848626,5
2020-08-08,花菜类,58.156000000000006,619.8679999999998,0.0,10.658711053029778,5
2020-08-08,水生根茎类,27.46100000000001,335.91,0.0,12.23225665489239,5
2020-08-08,茄类,63.76399999999999,323.1759999999999,0.0,5.068314409384604,5
2020-08-08,辣椒类,100.29199999999987,980.1271999999993,0.0,9.772735612012928,5
2020-08-08,食用菌,92.14399999999995,863.6599999999994,0.0,9.372938010071191,5
2020-08-09,花叶类,250.58999999999992,2007.3659999999988,5.538,8.010559080569854,6
2020-08-09,花菜类,54.87600000000003,655.2299999999999,0.0,11.940192433850855,6
2020-08-09,水生根茎类,25.90000000000001,289.34800000000007,0.0,11.171737451737451,6
2020-08-09,茄类,51.83499999999999,259.74999999999994,0.0,5.0110928909038295,6
2020-08-09,辣椒类,73.68400000000005,729.5185999999995,0.0,9.900637858965299,6
2020-08-09,食用菌,73.07299999999995,930.3619999999997,0.0,12.731952978528327,6
2020-08-10,花叶类,210.29199999999975,1730.6999999999991,5.341,8.229984973275261,0
2020-08-10,花菜类,50.70000000000001,589.8299999999998,0.0,11.633727810650882,0
2020-08-10,水生根茎类,30.683000000000003,342.8468000000001,0.0,11.173835674477726,0
2020-08-10,茄类,47.663999999999994,237.18599999999998,0.0,4.976208459214502,0
2020-08-10,辣椒类,78.73499999999997,781.3778,0.0,9.92414809170001,0
2020-08-10,食用菌,36.094,497.3137999999999,0.0,13.77829556158918,0
2020-08-11,花叶类,216.71299999999997,1614.1095999999984,16.645,7.4481438584671835,1
2020-08-11,花菜类,56.279,643.2960000000002,0.0,11.430480285719364,1
2020-08-11,水生根茎类,20.458,248.3272000000001,0.777,12.138390849545415,1
2020-08-11,茄类,33.572,167.39400000000003,0.0,4.986119385201954,1
2020-08-11,辣椒类,73.29200000000007,747.7901999999995,0.0,10.202889810620514,1
2020-08-11,食用菌,40.01699999999999,529.7576000000001,0.0,13.238313716670422,1
2020-08-12,花叶类,206.87699999999978,1561.0813999999991,12.354,7.5459398579832495,2
2020-08-12,花菜类,50.064999999999976,581.2999999999997,0.0,11.61090582243084,2
2020-08-12,水生根茎类,27.355000000000008,311.9464,0.0,11.403633704989943,2
2020-08-12,茄类,36.00899999999999,244.55299999999994,0.0,6.791441028631731,2
2020-08-12,辣椒类,85.16600000000004,860.6531999999996,0.0,10.105596129910989,2
2020-08-12,食用菌,34.19500000000001,459.8045999999998,0.0,13.446544816493631,2
2020-08-13,花叶类,188.20800000000008,1360.5063999999998,8.253,7.2287384170704705,3
2020-08-13,花菜类,47.46800000000002,494.769,0.0,10.423211426645315,3
2020-08-13,水生根茎类,19.323999999999998,234.16140000000001,0.0,12.117646450010351,3
2020-08-13,茄类,31.109,212.74200000000008,0.0,6.838599762126718,3
2020-08-13,辣椒类,61.768000000000015,613.2287999999996,0.0,9.927936795751837,3
2020-08-13,食用菌,35.650000000000006,480.52569999999986,0.263,13.478981767180919,3
2020-08-14,花叶类,217.75800000000007,1606.1536000000003,6.702000000000001,7.3758649510006515,4
2020-08-14,花菜类,58.581999999999994,598.5409999999997,0.0,10.217148612201697,4
2020-08-14,水生根茎类,29.991,253.29940000000002,0.0,8.445847087459573,4
2020-08-14,茄类,37.826000000000015,276.06300000000005,0.0,7.2982340189287775,4
2020-08-14,辣椒类,76.48899999999998,776.5717999999995,0.0,10.15272522846422,4
2020-08-14,食用菌,53.79499999999996,583.8700000000005,0.0,10.853610930383882,4
2020-08-15,花叶类,245.1359999999999,1933.7169999999994,0.0,7.888343613341166,5
2020-08-15,花菜类,79.38000000000002,680.8400000000001,0.0,8.57697152935248,5
2020-08-15,水生根茎类,25.642,272.66620000000006,0.0,10.63357772404649,5
2020-08-15,茄类,43.279000000000025,318.82300000000015,0.0,7.366690542757457,5
2020-08-15,辣椒类,94.28500000000001,956.6031999999987,0.0,10.145868377790725,5
2020-08-15,食用菌,58.015,658.7175999999996,0.0,11.354263552529511,5
2020-08-16,花叶类,241.47999999999976,1826.1871999999985,0.0,7.56247805201259,6
2020-08-16,花菜类,60.23100000000004,634.4398,0.0,10.533442911457549,6
2020-08-16,水生根茎类,24.453999999999994,244.5982,0.0,10.002379978735588,6
2020-08-16,茄类,48.366,341.8159999999999,0.0,7.06727866683207,6
2020-08-16,辣椒类,95.285,943.0664,0.0,9.897322768536496,6
2020-08-16,食用菌,55.09300000000001,685.6207999999998,0.0,12.44478971920207,6
2020-08-17,花叶类,215.63299999999987,1440.4119999999991,2.287,6.679923759350378,0
2020-08-17,花菜类,51.74899999999999,535.1469999999999,0.0,10.341204660959633,0
2020-08-17,水生根茎类,15.915999999999997,172.62300000000002,0.0,10.84587836139734,0
2020-08-17,茄类,35.01399999999998,259.04599999999994,0.0,7.398354943736793,0
2020-08-17,辣椒类,72.95299999999997,690.9761999999996,0.0,9.471525502720928,0
2020-08-17,食用菌,47.418,538.4361999999999,0.0,11.355101438272383,0
2020-08-18,花叶类,225.11299999999972,1601.7917999999995,0.0,7.115501103890053,1
2020-08-18,花菜类,55.919999999999995,551.62,0.0,9.864449213161661,1
2020-08-18,水生根茎类,21.753,208.0406,0.0,9.563765917344735,1
2020-08-18,茄类,34.019000000000005,259.42500000000007,0.0,7.625885534554221,1
2020-08-18,辣椒类,76.91999999999996,725.1409999999998,0.0,9.42721008840354,1
2020-08-18,食用菌,45.715999999999994,523.6235999999997,0.0,11.453836731122577,1
2020-08-19,花叶类,214.17299999999977,1519.7383999999981,0.0,7.095844947775862,2
2020-08-19,花菜类,64.06100000000002,591.3059999999998,0.0,9.230358564493212,2
2020-08-19,水生根茎类,17.95,188.24040000000002,0.0,10.486930362116993,2
2020-08-19,茄类,30.34699999999999,232.61599999999993,0.0,7.665205786403928,2
2020-08-19,辣椒类,80.91899999999994,658.4699999999996,0.0,8.137396655915175,2
2020-08-19,食用菌,50.12600000000001,621.4786000000001,0.0,12.398328212903483,2
2020-08-20,花叶类,233.53199999999973,1683.266999999998,0.0,7.207864446842403,3
2020-08-20,花菜类,69.58699999999999,630.3,0.0,9.057726299452485,3
2020-08-20,水生根茎类,22.966,223.08760000000004,0.0,9.713820430201167,3
2020-08-20,茄类,37.957,329.80600000000015,0.0,8.688937481887402,3
2020-08-20,辣椒类,75.95299999999999,633.0239999999998,0.0,8.334417337037376,3
2020-08-20,食用菌,54.411,608.8121999999996,0.0,11.189138225726408,3
2020-08-21,花叶类,207.07599999999988,1551.3669999999984,5.381,7.491775966311882,4
2020-08-21,花菜类,50.062000000000005,507.66000000000014,0.0,10.140625624225962,4
2020-08-21,水生根茎类,34.598,251.56880000000004,0.0,7.271194866755305,4
2020-08-21,茄类,29.693999999999996,247.64800000000002,0.0,8.340001347073486,4
2020-08-21,辣椒类,85.19800000000006,694.9940000000007,0.0,8.157398060987349,4
2020-08-21,食用菌,50.0,608.3198000000002,0.0,12.166396000000004,4
2020-08-22,花叶类,273.08099999999985,2003.070999999998,8.571,7.335080067818703,5
2020-08-22,花菜类,55.88600000000003,563.7560000000002,0.0,10.08760691407508,5
2020-08-22,水生根茎类,42.77200000000001,282.67359999999996,0.0,6.608846909192927,5
2020-08-22,茄类,30.421999999999993,295.3269999999999,0.0,9.70767865360594,5
2020-08-22,辣椒类,116.80099999999992,959.5359999999991,0.0,8.215135144390885,5
2020-08-22,食用菌,49.89500000000002,627.0160000000001,0.0,12.5667100911915,5
2020-08-23,花叶类,261.552,1988.1942000000004,5.6659999999999995,7.6015255092677565,6
2020-08-23,花菜类,71.55600000000001,775.2729999999999,0.0,10.834493264016992,6
2020-08-23,水生根茎类,46.05699999999999,309.38300000000004,0.0,6.717393664372411,6
2020-08-23,茄类,47.316,454.528,0.0,9.606221996787555,6
2020-08-23,辣椒类,93.71399999999991,770.5759999999988,0.0,8.22263482510617,6
2020-08-23,食用菌,55.22599999999996,665.1795999999996,0.0,12.044681852750518,6
2020-08-24,花叶类,260.6939999999999,1777.8259999999987,0.0,6.81958925023207,0
2020-08-24,花菜类,41.784000000000006,439.1870000000001,0.0,10.510889335630864,0
2020-08-24,水生根茎类,20.305000000000003,201.1994,0.0,9.908859886727406,0
2020-08-24,茄类,26.874,233.14900000000003,0.0,8.675634442211805,0
2020-08-24,辣椒类,97.07899999999995,760.6727999999999,0.0,7.83560605280236,0
2020-08-24,食用菌,39.576,472.2157999999999,0.0,11.931872852233674,0
2020-08-25,花叶类,343.4269999999996,1911.8019999999979,1.106,5.566836620300675,1
2020-08-25,花菜类,47.761,527.5210000000001,0.0,11.04501580787672,1
2020-08-25,水生根茎类,20.062,213.2984,0.0,10.63196092114445,1
2020-08-25,茄类,23.272000000000006,230.43099999999998,0.0,9.901641457545546,1
2020-08-25,辣椒类,107.21299999999997,839.8613999999998,0.464,7.833578017591151,1
2020-08-25,食用菌,54.487999999999985,627.6221999999997,0.0,11.518539861987957,1
2020-08-26,花叶类,241.68599999999978,1632.5700000000002,4.759,6.754921675231506,2
2020-08-26,花菜类,82.54400000000001,915.260999999999,19.438000000000002,11.088159042450073,2
2020-08-26,水生根茎类,18.95,196.00360000000003,0.0,10.34319788918206,2
2020-08-26,茄类,30.722,304.66499999999996,0.0,9.916834841481673,2
2020-08-26,辣椒类,82.32000000000001,644.1260000000002,0.0,7.82465986394558,2
2020-08-26,食用菌,42.81099999999999,605.6674,0.0,14.147471444254984,2
2020-08-27,花叶类,199.0069999999998,1573.878999999998,0.0,7.908661504369191,3
2020-08-27,花菜类,92.50599999999996,935.5279999999995,26.57399999999999,10.113160227444705,3
2020-08-27,水生根茎类,19.486999999999995,240.08280000000002,0.0,12.32015189613589,3
2020-08-27,茄类,19.129000000000005,191.572,0.0,10.014742014742012,3
2020-08-27,辣椒类,89.91999999999996,709.0152,0.0,7.884955516014239,3
2020-08-27,食用菌,50.45800000000001,600.5287999999997,1.0,11.901557731182361,3
2020-08-28,花叶类,195.03199999999995,1479.2109999999998,0.0,7.584452807744371,4
2020-08-28,花菜类,39.92999999999999,387.05600000000004,0.0,9.693363385925371,4
2020-08-28,水生根茎类,20.996999999999996,258.9204,0.0,12.331304472067439,4
2020-08-28,茄类,24.597,259.176,0.0,10.536894743261373,4
2020-08-28,辣椒类,156.1099999999999,993.3809999999995,0.0,6.363339952597529,4
2020-08-28,食用菌,55.659000000000006,652.1884000000001,0.0,11.717573078927039,4
2020-08-29,花叶类,267.03099999999995,2101.759999999999,0.0,7.870846456029447,5
2020-08-29,花菜类,56.80300000000002,583.7400000000001,0.0,10.276569899477138,5
2020-08-29,水生根茎类,65.814,544.4687999999999,0.0,8.272841644634878,5
2020-08-29,茄类,30.675,324.78,0.0,10.587775061124693,5
2020-08-29,辣椒类,145.62699999999992,945.656999999998,0.0,6.49369279048527,5
2020-08-29,食用菌,62.43100000000001,728.2265999999995,0.0,11.664503211545536,5
2020-08-30,花叶类,266.387,2080.0217999999986,5.263,7.808270673869215,6
2020-08-30,花菜类,80.77900000000001,815.6999999999998,0.0,10.097921489496029,6
2020-08-30,水生根茎类,30.004999999999992,286.33200000000005,0.0,9.542809531744714,6
2020-08-30,茄类,21.641,219.287,0.0,10.1329421006423,6
2020-08-30,辣椒类,155.81100000000004,1023.8159999999992,0.0,6.5708839555615395,6
2020-08-30,食用菌,73.19499999999998,761.0295999999994,0.0,10.397289432338269,6
2020-08-31,花叶类,224.88199999999992,1721.1057999999994,0.0,7.653372879999289,0
2020-08-31,花菜类,54.722000000000016,546.932,0.0,9.994737034465112,0
2020-08-31,水生根茎类,52.948999999999984,449.9679999999999,0.0,8.498139719352585,0
2020-08-31,茄类,15.943,157.33199999999997,0.0,9.868406197077086,0
2020-08-31,辣椒类,117.96499999999999,790.7803999999994,0.0,6.70351714491586,0
2020-08-31,食用菌,44.77600000000002,605.2586000000001,0.0,13.517478113274967,0
2020-09-01,花叶类,190.62700000000012,1436.6489999999985,7.3359999999999985,7.536440273413512,1
2020-09-01,花菜类,55.858,566.6719999999998,0.0,10.14486734218912,1
2020-09-01,水生根茎类,47.657999999999994,411.34919999999994,0.0,8.631272818834194,1
2020-09-01,茄类,26.329000000000008,263.517,0.0,10.008621671920693,1
2020-09-01,辣椒类,102.50399999999992,684.0115999999996,0.0,6.673023491766176,1
2020-09-01,食用菌,47.28199999999997,585.404,0.0,12.381117550019043,1
2020-09-02,花叶类,179.81899999999996,1354.1117999999976,0.0,7.530415584560019,2
2020-09-02,花菜类,38.71600000000001,393.956,0.0,10.175534662671762,2
2020-09-02,水生根茎类,17.941000000000003,154.65400000000002,0.0,8.62014380469316,2
2020-09-02,茄类,13.872999999999998,138.29399999999998,0.0,9.968572046421107,2
2020-09-02,辣椒类,83.96900000000004,559.7978000000004,0.0,6.666719860901049,2
2020-09-02,食用菌,51.01100000000001,550.8761999999999,0.0,10.799164886004975,2
2020-09-03,花叶类,193.4629999999999,1344.2867999999992,8.572999999999999,6.948547267436149,3
2020-09-03,花菜类,38.893000000000015,386.36000000000007,0.0,9.933921271179901,3
2020-09-03,水生根茎类,15.995999999999997,133.14399999999995,0.0,8.323580895223804,3
2020-09-03,茄类,14.172000000000004,141.41400000000004,0.0,9.978408128704489,3
2020-09-03,辣椒类,87.11899999999996,591.0915999999999,0.0,6.784875859456607,3
2020-09-03,食用菌,48.16300000000002,514.7058,0.0,10.686747088013615,3
2020-09-04,花叶类,176.316,1276.8378,0.0,7.241757979990472,4
2020-09-04,花菜类,46.61200000000002,460.08800000000014,0.0,9.870591264052173,4
2020-09-04,水生根茎类,16.635,146.93600000000004,0.0,8.832942590922755,4
2020-09-04,茄类,20.233000000000008,186.40000000000003,0.0,9.212672366925318,4
2020-09-04,辣椒类,91.57900000000001,616.0522000000001,0.0,6.727002915515566,4
2020-09-04,食用菌,54.42999999999997,638.4451999999994,0.0,11.729656439463527,4
2020-09-05,花叶类,249.55899999999988,1875.2994000000003,9.718,7.514453095260044,5
2020-09-05,花菜类,57.828,582.4600000000003,0.0,10.072283322957741,5
2020-09-05,水生根茎类,42.55400000000001,331.0884000000001,0.0,7.780429571838136,5
2020-09-05,茄类,33.731,325.696,0.0,9.655687646378702,5
2020-09-05,辣椒类,110.43899999999996,789.6522000000004,0.0,7.150120881210448,5
2020-09-05,食用菌,62.59400000000002,733.1445999999997,0.0,11.712697702655198,5
2020-09-06,花叶类,275.793,2150.700999999999,3.961,7.798243610243912,6
2020-09-06,花菜类,53.20200000000003,592.3179999999996,0.0,11.133378444419371,6
2020-09-06,水生根茎类,46.963,357.9579999999999,4.384,7.622128058258627,6
2020-09-06,茄类,33.397,331.6280000000001,0.0,9.929873940773128,6
2020-09-06,辣椒类,126.49999999999989,1095.620399999999,0.0,8.661030830039527,6
2020-09-06,食用菌,78.47200000000002,845.6329999999991,0.0,10.776238658374947,6
2020-09-07,花叶类,148.221,1164.219799999999,5.680000000000001,7.854621140054371,0
2020-09-07,花菜类,26.257000000000005,293.354,0.0,11.17241116654606,0
2020-09-07,水生根茎类,38.925999999999995,299.60720000000003,1.2369999999999999,7.696840158248987,0
2020-09-07,茄类,17.365,166.34600000000003,0.0,9.579383818024764,0
2020-09-07,辣椒类,56.47300000000002,496.2667999999999,0.0,8.787682609388552,0
2020-09-07,食用菌,41.803999999999995,490.5716000000002,0.0,11.735039709118752,0
2020-09-08,花叶类,158.3289999999999,1168.7830000000001,14.475999999999997,7.381989401815213,1
2020-09-08,花菜类,33.239000000000004,371.6500000000001,0.0,11.18114263365324,1
2020-09-08,水生根茎类,19.127,153.016,0.0,8.0,1
2020-09-08,茄类,20.622999999999998,199.11599999999999,0.0,9.65504533772972,1
2020-09-08,辣椒类,50.25900000000001,444.6855999999999,0.0,8.847879981694817,1
2020-09-08,食用菌,32.38899999999999,446.3426000000002,0.0,13.780684800395207,1
2020-09-09,花叶类,131.492,980.7451999999992,0.869,7.458592157697801,2
2020-09-09,花菜类,32.730000000000004,363.6399999999999,0.0,11.110296364191868,2
2020-09-09,水生根茎类,12.160999999999998,102.43599999999998,0.0,8.423320450620837,2
2020-09-09,茄类,12.041000000000002,105.45400000000001,0.0,8.757910472552112,2
2020-09-09,辣椒类,39.795,359.26599999999985,0.0,9.02791808016082,2
2020-09-09,食用菌,33.45,416.38899999999995,0.0,12.44810164424514,2
2020-09-10,花叶类,119.91899999999998,852.5873999999991,0.0,7.109694043479342,3
2020-09-10,花菜类,57.31900000000001,660.568,5.252,11.524415987717857,3
2020-09-10,水生根茎类,14.492,120.616,0.0,8.32293679271322,3
2020-09-10,茄类,16.916,154.97000000000003,0.0,9.161149207850556,3
2020-09-10,辣椒类,49.32100000000001,504.6209999999998,0.0,10.23136189452768,3
2020-09-10,食用菌,35.789,442.8454,0.0,12.373785241275252,3
2020-09-11,花叶类,151.95699999999988,1064.8528000000001,0.0,7.0075929374757395,4
2020-09-11,花菜类,31.537999999999997,290.536,1.132,9.212251886612975,4
2020-09-11,水生根茎类,13.363999999999997,110.77599999999998,0.0,8.289134989524095,4
2020-09-11,茄类,22.019000000000005,166.36700000000002,1.603,7.555611063172713,4
2020-09-11,辣椒类,50.22000000000001,518.5636000000002,0.0,10.32583831142971,4
2020-09-11,食用菌,48.467000000000006,584.8805999999997,0.0,12.067604762003006,4
2020-09-12,花叶类,231.52500000000006,1689.021599999999,1.04,7.2952018140589505,5
2020-09-12,花菜类,43.337,451.51500000000004,0.0,10.41869534116344,5
2020-09-12,水生根茎类,16.957,135.656,0.0,8.0,5
2020-09-12,茄类,21.410999999999998,191.94,0.0,8.964550931764048,5
2020-09-12,辣椒类,74.51000000000002,801.8313999999992,0.0,10.761393101597088,5
2020-09-12,食用菌,73.173,794.1149999999998,0.0,10.852568570374315,5
2020-09-13,花叶类,263.3449999999997,1810.3009999999988,0.868,6.874256203839074,6
2020-09-13,花菜类,41.704,419.7980000000001,0.0,10.066132745060429,6
2020-09-13,水生根茎类,18.739000000000004,159.268,0.0,8.499279577352045,6
2020-09-13,茄类,28.737,281.08,0.0,9.781118418763267,6
2020-09-13,辣椒类,83.72300000000001,890.1391999999995,0.0,10.631955376658736,6
2020-09-13,食用菌,74.83399999999999,936.6563999999994,0.0,12.516455087259795,6
2020-09-14,花叶类,175.8439999999999,1181.2894,0.72,6.71782602761539,0
2020-09-14,花菜类,64.25699999999998,677.2249999999995,0.0,10.539318673451914,0
2020-09-14,水生根茎类,17.361000000000004,145.75200000000004,0.0,8.395368930361155,0
2020-09-14,茄类,16.134,135.65700000000004,0.0,8.408144291558202,0
2020-09-14,辣椒类,48.550000000000004,512.8710000000003,0.0,10.563769309989707,0
2020-09-14,食用菌,31.147000000000023,444.75460000000027,0.0,14.27921148104151,0
2020-09-15,花叶类,156.04799999999994,1083.0753999999986,1.58,6.940655439351987,1
2020-09-15,花菜类,29.878000000000007,305.848,0.0,10.236562018876764,1
2020-09-15,水生根茎类,19.218999999999994,182.97799999999992,0.0,9.520682657786564,1
2020-09-15,茄类,13.243,102.405,0.0,7.73276447934758,1
2020-09-15,辣椒类,49.991000000000014,518.8700000000001,0.0,10.37926826828829,1
2020-09-15,食用菌,41.57800000000001,525.6190000000001,0.0,12.64175766030112,1
2020-09-16,花叶类,176.94899999999996,1141.9699999999993,0.0,6.453667440901048,2
2020-09-16,花菜类,59.448,614.3919999999998,6.281,10.3349481900148,2
2020-09-16,水生根茎类,18.817999999999998,138.92300000000003,3.317,7.382452970560104,2
2020-09-16,茄类,15.194000000000004,129.21599999999998,0.0,8.504409635382384,2
2020-09-16,辣椒类,46.89500000000006,542.3643999999997,0.0,11.565505917475189,2
2020-09-16,食用菌,35.413000000000004,448.1617999999999,0.0,12.65529043006805,2
2020-09-17,花叶类,143.53400000000008,1054.4646000000005,0.738,7.3464447447991414,3
2020-09-17,花菜类,32.647999999999996,331.39400000000006,0.0,10.150514579759866,3
2020-09-17,水生根茎类,17.437,122.05900000000004,0.0,7.000000000000002,3
2020-09-17,茄类,22.923999999999992,176.78400000000005,0.0,7.711743151282503,3
2020-09-17,辣椒类,46.14500000000007,546.8039999999997,0.0,11.84969119081155,3
2020-09-17,食用菌,39.259,387.1481999999999,0.0,9.861387197839983,3
2020-09-18,花叶类,154.388,1117.1473999999987,0.0,7.235973003083132,4
2020-09-18,花菜类,27.704999999999995,279.765,0.0,10.097996751488902,4
2020-09-18,水生根茎类,11.388999999999998,88.53600000000002,0.0,7.773816840811312,4
2020-09-18,茄类,13.805,108.19300000000001,0.0,7.837232886635278,4
2020-09-18,辣椒类,48.074999999999996,513.4474,0.0,10.680133125325014,4
2020-09-18,食用菌,38.54100000000001,494.78139999999973,0.575,12.837793518590582,4
2020-09-19,花叶类,235.87399999999997,1639.4565999999988,0.772,6.950560892679986,5
2020-09-19,花菜类,82.75999999999999,769.5467999999996,10.014,9.298535524407923,5
2020-09-19,水生根茎类,39.43100000000002,322.01800000000014,0.0,8.166620171945931,5
2020-09-19,茄类,30.40600000000001,241.87,0.0,7.954679997368938,5
2020-09-19,辣椒类,84.26899999999999,863.8510000000001,10.014,10.251112508751739,5
2020-09-19,食用菌,60.52000000000001,587.0485999999996,2.107,9.700076007931255,5
2020-09-20,花叶类,317.99799999999976,2192.5507999999954,0.0,6.894857200359741,6
2020-09-20,花菜类,53.497,480.42400000000004,0.0,8.980391423818158,6
2020-09-20,水生根茎类,39.55100000000001,323.61400000000003,0.0,8.182195140451569,6
2020-09-20,茄类,41.474,305.7069999999999,0.0,7.371051743260836,6
2020-09-20,辣椒类,99.14800000000002,1115.9915999999992,0.0,11.25581554847298,6
2020-09-20,食用菌,50.420000000000016,661.0377999999996,0.0,13.11062673542244,6
2020-09-21,花叶类,212.9969999999998,1403.6909999999984,0.0,6.590191411146635,0
2020-09-21,花菜类,39.19100000000002,366.70699999999994,0.0,9.35691868030925,0
2020-09-21,水生根茎类,16.288999999999998,130.31199999999998,0.0,8.0,0
2020-09-21,茄类,20.868000000000006,154.16600000000005,0.0,7.387674908951506,0
2020-09-21,辣椒类,56.56100000000003,640.6618000000001,0.0,11.326917840915113,0
2020-09-21,食用菌,63.52900000000005,625.1465999999997,0.0,9.840334335500309,0
2020-09-22,花叶类,232.24299999999982,1687.4827999999957,0.0,7.266022226719414,1
2020-09-22,花菜类,40.904999999999994,433.2600000000001,0.0,10.591859185918596,1
2020-09-22,水生根茎类,37.808,310.666,0.0,8.216938214134574,1
2020-09-22,茄类,25.819000000000003,177.74599999999998,0.0,6.884310004260427,1
2020-09-22,辣椒类,77.00900000000001,866.3646000000001,0.0,11.250173356360945,1
2020-09-22,食用菌,49.05800000000001,743.7362000000002,1.4220000000000002,15.160344897875985,1
2020-09-23,花叶类,179.2619999999999,1292.2329999999993,0.0,7.208627595363212,2
2020-09-23,花菜类,31.971999999999994,356.02600000000007,0.0,11.135556111597651,2
2020-09-23,水生根茎类,18.628999999999998,157.10799999999998,0.0,8.433517633796768,2
2020-09-23,茄类,22.514999999999997,153.85199999999995,0.0,6.833311125916055,2
2020-09-23,辣椒类,54.32700000000005,656.8227999999995,0.0,12.090172474092052,2
2020-09-23,食用菌,56.26500000000007,629.0033999999998,1.7750000000000001,11.179301519594757,2
2020-09-24,花叶类,162.861,1263.2615999999985,0.0,7.756685762705611,3
2020-09-24,花菜类,38.952,480.07599999999996,0.0,12.324810022591908,3
2020-09-24,水生根茎类,51.885999999999996,409.2999999999999,5.234,7.888447750838375,3
2020-09-24,茄类,18.9,130.59,0.0,6.90952380952381,3
2020-09-24,辣椒类,50.48600000000002,608.2411999999996,0.0,12.047720160044356,3
2020-09-24,食用菌,61.01100000000004,765.6499999999994,-0.325,12.549376341971103,3
2020-09-25,花叶类,173.781,1331.6093999999998,0.0,7.662571857682945,4
2020-09-25,花菜类,41.56100000000001,545.658,0.0,13.129087365559055,4
2020-09-25,水生根茎类,22.731999999999996,196.19000000000003,0.0,8.63056484251276,4
2020-09-25,茄类,26.529,168.44800000000004,0.0,6.349579705228242,4
2020-09-25,辣椒类,53.938000000000045,663.8968000000001,0.0,12.308517186399191,4
2020-09-25,食用菌,64.50900000000006,768.5567999999997,1.071,11.913946891131456,4
2020-09-26,花叶类,226.92599999999993,1769.3467999999982,0.0,7.797021055321994,5
2020-09-26,花菜类,86.64300000000001,1074.981999999999,0.0,12.407026534168933,5
2020-09-26,水生根茎类,65.74400000000001,543.382,0.0,8.265119250425892,5
2020-09-26,茄类,33.517,223.18900000000005,0.0,6.658979025569115,5
2020-09-26,辣椒类,68.09400000000002,770.6291999999997,0.0,11.317138073839097,5
2020-09-26,食用菌,94.49499999999999,1114.7231999999995,0.519,11.79663685909307,5
2020-09-27,花叶类,199.81299999999987,1507.6781999999985,0.0,7.545445992002519,6
2020-09-27,花菜类,35.96399999999999,420.324,0.0,11.687354020687357,6
2020-09-27,水生根茎类,28.288999999999998,233.35000000000002,0.0,8.248789282053096,6
2020-09-27,茄类,20.531999999999993,146.238,0.0,7.122443015780248,6
2020-09-27,辣椒类,54.45900000000001,626.7256000000001,0.0,11.508209845939147,6
2020-09-27,食用菌,72.52200000000002,827.3037999999991,0.319,11.40762527233114,6
2020-09-28,花叶类,114.93299999999992,942.4537999999997,0.508,8.20002784230813,0
2020-09-28,花菜类,24.575999999999997,296.92800000000017,0.0,12.082031250000009,0
2020-09-28,水生根茎类,11.860999999999999,100.258,0.0,8.452744288002698,0
2020-09-28,茄类,18.401000000000003,112.097,0.0,6.091897179501113,0
2020-09-28,辣椒类,37.40999999999999,404.08820000000003,0.0,10.801609195402303,0
2020-09-28,食用菌,46.913000000000025,559.5805999999999,0.0,11.928049794300078,0
2020-09-29,花叶类,157.957,1291.7203999999995,1.22,8.177671138347776,1
2020-09-29,花菜类,28.105000000000004,341.57000000000016,0.0,12.153353495819253,1
2020-09-29,水生根茎类,24.135000000000005,197.88600000000002,0.0,8.199129894344313,1
2020-09-29,茄类,24.719000000000005,147.128,0.0,5.952020712812005,1
2020-09-29,辣椒类,57.017000000000046,570.4870000000003,0.0,10.005559745339108,1
2020-09-29,食用菌,45.48500000000001,561.5907999999998,0.0,12.346725294052979,1
2020-09-30,花叶类,177.12900000000013,1375.8179999999993,7.181999999999999,7.76732212116592,2
2020-09-30,花菜类,60.771,742.159,2.47,12.212387487452897,2
2020-09-30,水生根茎类,36.83899999999999,301.9719999999999,0.0,8.197073753359211,2
2020-09-30,茄类,25.865000000000006,154.13899999999995,0.0,5.959365938526964,2
2020-09-30,辣椒类,53.628000000000036,542.9571999999997,0.0,10.124509584545375,2
2020-09-30,食用菌,110.35799999999996,1347.0066000000006,0.0,12.205790246289359,2
2020-10-01,花叶类,248.4149999999997,2004.5305999999973,22.725,8.069281645633314,3
2020-10-01,花菜类,93.92799999999997,1137.434,5.169,12.109637168895327,3
2020-10-01,水生根茎类,55.355999999999995,450.028,0.0,8.129705903605753,3
2020-10-01,茄类,32.482,187.865,0.0,5.783664798965582,3
2020-10-01,辣椒类,64.09200000000001,678.0898000000007,0.0,10.579944454846167,3
2020-10-01,食用菌,103.92900000000002,1363.1910000000005,0.0,13.116560344081059,3
2020-10-02,花叶类,244.124,1975.4443999999987,0.0,8.091971293277181,4
2020-10-02,花菜类,67.14500000000001,807.8539999999994,3.94,12.031484101571214,4
2020-10-02,水生根茎类,21.931000000000004,189.632,0.0,8.646755733892661,4
2020-10-02,茄类,38.76200000000001,206.50239999999994,0.0,5.3274444043135,4
2020-10-02,辣椒类,69.05400000000004,736.9587999999995,0.0,10.672210154371927,4
2020-10-02,食用菌,89.31599999999997,957.4801999999995,0.0,10.720141967844505,4
2020-10-03,花叶类,298.34099999999984,2252.062199999996,0.0,7.548617856747807,5
2020-10-03,花菜类,44.493,531.162,0.0,11.938102622884498,5
2020-10-03,水生根茎类,18.496999999999996,153.088,0.0,8.276369140941776,5
2020-10-03,茄类,63.53499999999999,340.60440000000006,0.0,5.360893995435588,5
2020-10-03,辣椒类,84.72800000000011,895.9309999999994,0.0,10.5742021527712,5
2020-10-03,食用菌,60.052000000000014,777.5975999999998,0.0,12.948737760607468,5
2020-10-04,花叶类,232.77599999999998,1732.6159999999977,0.0,7.443275939100242,6
2020-10-04,花菜类,34.49100000000001,397.0859999999999,0.0,11.512742454553356,6
2020-10-04,水生根茎类,19.254,157.40800000000002,0.0,8.175340189051626,6
2020-10-04,茄类,43.849000000000004,228.37279999999998,0.0,5.208164382312025,6
2020-10-04,辣椒类,75.21000000000004,804.5309999999995,0.0,10.697128041483833,6
2020-10-04,食用菌,122.50100000000013,1049.7051999999992,0.0,8.568952090187002,6
2020-10-05,花叶类,294.6230000000001,1926.4109999999991,0.0,6.538562841326028,0
2020-10-05,花菜类,92.27900000000001,852.9239999999999,9.630999999999998,9.242882996131295,0
2020-10-05,水生根茎类,79.75199999999997,650.3359999999997,0.0,8.15447888454208,0
2020-10-05,茄类,31.128,184.84,0.0,5.938062194808532,0
2020-10-05,辣椒类,87.93299999999999,969.3613999999989,0.0,11.023863623440562,0
2020-10-05,食用菌,126.51800000000006,1250.1501999999982,0.0,9.881204255520935,0
2020-10-06,花叶类,286.95899999999995,2221.674999999997,0.0,7.742133893692121,1
2020-10-06,花菜类,108.15700000000002,806.1340000000004,0.0,7.453368713999096,1
2020-10-06,水生根茎类,25.784,208.444,0.0,8.08423828730996,1
2020-10-06,茄类,42.31800000000002,262.756,0.0,6.209083605085303,1
2020-10-06,辣椒类,81.72700000000003,920.1355999999996,0.0,11.258648916514728,1
2020-10-06,食用菌,124.05900000000014,1159.662399999999,0.0,9.347668448077107,1
2020-10-07,花叶类,255.3779999999999,1871.255999999998,1.3820000000000001,7.327397034983432,2
2020-10-07,花菜类,56.266,555.216,5.3340000000000005,9.867699854263677,2
2020-10-07,水生根茎类,52.907000000000004,424.588,0.836,8.025176252669779,2
2020-10-07,茄类,29.085000000000015,192.16960000000006,0.0,6.60717208182912,2
2020-10-07,辣椒类,63.15099999999999,757.9944000000002,0.0,12.002888315307759,2
2020-10-07,食用菌,80.42100000000005,1044.4743999999992,0.0,12.987582845276712,2
2020-10-08,花叶类,252.72999999999996,1907.875999999997,0.0,7.549068175523275,3
2020-10-08,花菜类,49.580000000000005,455.94399999999973,0.0,9.19612747075433,3
2020-10-08,水生根茎类,31.95200000000001,261.16,0.0,8.173510265398095,3
2020-10-08,茄类,33.49,208.26500000000001,0.0,6.218722006569125,3
2020-10-08,辣椒类,72.02300000000002,851.7548,0.0,11.82614997986754,3
2020-10-08,食用菌,328.488,1355.160400000001,0.0,4.125448722632184,3
2020-10-09,花叶类,162.51800000000003,1305.609999999999,0.0,8.033633197553494,4
2020-10-09,花菜类,55.845000000000034,650.5519999999998,0.0,11.649243441668894,4
2020-10-09,水生根茎类,51.47599999999999,395.6319999999999,6.26,7.6857564690341125,4
2020-10-09,茄类,24.288999999999998,171.199,0.0,7.048416978879329,4
2020-10-09,辣椒类,51.24300000000003,570.2036000000003,0.0,11.127443748414416,4
2020-10-09,食用菌,57.258,567.0858,0.0,9.904044849627999,4
2020-10-10,花叶类,175.1629999999999,1443.3009999999986,0.0,8.239759538258648,5
2020-10-10,花菜类,37.39300000000001,380.184,0.0,10.167250554916695,5
2020-10-10,水生根茎类,22.069999999999997,177.62799999999996,0.0,8.048391481649297,5
2020-10-10,茄类,26.81399999999999,178.06199999999998,0.0,6.6406354889236985,5
2020-10-10,辣椒类,52.51100000000004,557.3166000000001,0.0,10.613330540267748,5
2020-10-10,食用菌,75.62999999999998,805.1393999999997,0.0,10.645767552558507,5
2020-10-11,花叶类,238.0809999999999,1864.7259999999965,2.348,7.83231757259083,6
2020-10-11,花菜类,60.47000000000002,676.8999999999995,0.0,11.193980486191489,6
2020-10-11,水生根茎类,57.22299999999999,460.388,0.0,8.045506177585937,6
2020-10-11,茄类,34.726000000000006,246.40699999999993,0.0,7.095749582445427,6
2020-10-11,辣椒类,70.21400000000004,790.5901999999998,0.0,11.25972313213888,6
2020-10-11,食用菌,163.66400000000007,1149.3133999999993,0.0,7.022395884250653,6
2020-10-12,花叶类,170.21199999999993,1234.1939999999986,0.0,7.250922379150701,0
2020-10-12,花菜类,34.815,336.7699999999999,0.0,9.67312939824788,0
2020-10-12,水生根茎类,38.33300000000001,297.2840000000001,8.364,7.7553022200193045,0
2020-10-12,茄类,17.875999999999998,132.67399999999998,0.0,7.421906466771089,0
2020-10-12,辣椒类,48.97899999999999,535.7464000000001,0.0,10.938287837644708,0
2020-10-12,食用菌,102.38499999999999,712.3059999999987,0.0,6.957132392440286,0
2020-10-13,花叶类,177.94499999999982,1188.926600000001,3.058,6.6814274073449775,1
2020-10-13,花菜类,47.321,423.0059999999997,0.0,8.939075674647613,1
2020-10-13,水生根茎类,50.51899999999999,400.03199999999987,3.6959999999999997,7.918446525069775,1
2020-10-13,茄类,23.119,169.698,0.0,7.340196375275748,1
2020-10-13,辣椒类,49.11599999999997,546.9048000000003,0.0,11.134962130466661,1
2020-10-13,食用菌,48.02100000000002,532.1817999999997,0.0,11.082272339184929,1
2020-10-14,花叶类,182.95999999999992,1332.6359999999981,0.0,7.283756012243106,2
2020-10-14,花菜类,48.25900000000002,434.5199999999999,0.0,9.003916367931364,2
2020-10-14,水生根茎类,46.20699999999998,369.65599999999984,0.0,8.0,2
2020-10-14,茄类,13.741999999999997,100.99499999999999,0.0,7.349366904380731,2
2020-10-14,辣椒类,46.36000000000001,524.5342000000002,0.0,11.314370146678172,2
2020-10-14,食用菌,73.83100000000005,723.5073999999992,1.0,9.799506982161947,2
2020-10-15,花叶类,190.23799999999997,1356.5089999999984,0.0,7.13058905160903,3
2020-10-15,花菜类,59.624,473.12960000000004,0.0,7.935220716490004,3
2020-10-15,水生根茎类,42.162,323.68199999999996,6.807,7.677102604240785,3
2020-10-15,茄类,19.447,133.0996,0.0,6.844222759294493,3
2020-10-15,辣椒类,45.23600000000002,501.1804000000001,0.0,11.079237775223271,3
2020-10-15,食用菌,72.91000000000007,692.3813999999998,0.0,9.496384583733358,3
2020-10-16,花叶类,170.76999999999995,1224.071999999999,0.0,7.167956901095036,4
2020-10-16,花菜类,88.36100000000005,701.1059999999998,8.332,7.934563891309508,4
2020-10-16,水生根茎类,58.973000000000006,459.408,6.188000000000001,7.790141251081002,4
2020-10-16,茄类,20.139000000000003,132.29079999999996,0.0,6.568886240627635,4
2020-10-16,辣椒类,44.67000000000001,467.9844,0.0,10.476480859637338,4
2020-10-16,食用菌,69.80499999999999,804.4311999999994,0.0,11.523976792493368,4
2020-10-17,花叶类,248.7619999999998,1753.453999999997,0.0,7.048721267717732,5
2020-10-17,花菜类,109.31100000000004,988.0179999999993,0.0,9.038596298634163,5
2020-10-17,水生根茎类,87.11999999999998,692.1759999999996,2.3920000000000003,7.945087235996325,5
2020-10-17,茄类,30.55600000000001,198.04279999999997,0.0,6.481306453724306,5
2020-10-17,辣椒类,96.27699999999996,889.4011999999997,0.0,9.237940525774588,5
2020-10-17,食用菌,115.55700000000003,1251.6254000000004,0.0,10.831238263367862,5
2020-10-18,花叶类,226.73499999999999,1616.4899999999998,0.0,7.129424217699076,6
2020-10-18,花菜类,91.59699999999995,818.3059999999994,0.0,8.933764206251293,6
2020-10-18,水生根茎类,79.33800000000002,626.04,4.332,7.890796339711107,6
2020-10-18,茄类,36.361000000000004,233.73899999999995,0.0,6.428288550919939,6
2020-10-18,辣椒类,88.24699999999994,829.5527999999996,0.0,9.400351286729295,6
2020-10-18,食用菌,113.12500000000007,1339.1599999999996,0.0,11.837878453038662,6
2020-10-19,花叶类,152.70899999999992,980.4559999999988,0.0,6.42042053840965,0
2020-10-19,花菜类,57.41199999999999,490.30400000000014,0.0,8.540096147146942,0
2020-10-19,水生根茎类,40.6,322.36,1.22,7.939901477832512,0
2020-10-19,茄类,20.03,128.30899999999997,0.0,6.405841238142784,0
2020-10-19,辣椒类,56.690000000000005,546.0217999999998,0.0,9.631712824131235,0
2020-10-19,食用菌,58.33799999999999,562.8823999999998,0.0,9.648640680174157,0
2020-10-20,花叶类,186.07799999999997,1231.6019999999994,0.0,6.618740528165605,1
2020-10-20,花菜类,30.899000000000004,259.0820000000001,0.0,8.38480209715525,1
2020-10-20,水生根茎类,49.43399999999999,389.44999999999993,3.011,7.87818100902213,1
2020-10-20,茄类,13.777000000000001,87.99080000000002,0.0,6.386789576830951,1
2020-10-20,辣椒类,49.29600000000003,484.37520000000023,0.0,9.82585199610516,1
2020-10-20,食用菌,45.41900000000002,508.9569999999997,0.613,11.205816948853993,1
2020-10-21,花叶类,168.76499999999996,1078.5601999999997,0.0,6.39089977187213,2
2020-10-21,花菜类,40.555000000000014,356.971,0.0,8.802145234866227,2
2020-10-21,水生根茎类,21.201000000000004,162.75199999999998,3.428,7.6766190274043655,2
2020-10-21,茄类,15.327000000000002,104.6112,0.0,6.825288706204736,2
2020-10-21,辣椒类,48.047000000000004,489.3047999999999,0.0,10.183878285845108,2
2020-10-21,食用菌,56.11400000000001,545.6308,0.0,9.723612645685566,2
2020-10-22,花叶类,117.23499999999996,794.8453999999994,0.0,6.779932613980463,3
2020-10-22,花菜类,26.166,223.062,0.0,8.524879614767256,3
2020-10-22,水生根茎类,35.91699999999999,272.91999999999985,7.208,7.598630175125983,3
2020-10-22,茄类,14.724999999999998,104.81520000000002,0.0,7.118179966044145,3
2020-10-22,辣椒类,50.03700000000003,491.2957999999999,0.0,9.818650198852842,3
2020-10-22,食用菌,94.68799999999999,906.6723999999994,0.0,9.575367522811755,3
2020-10-23,花叶类,211.914,1155.419,21.659999999999997,5.452301405287051,4
2020-10-23,花菜类,23.854000000000003,221.518,0.0,9.286408988010395,4
2020-10-23,水生根茎类,30.801,245.63799999999995,0.853,7.975000811661958,4
2020-10-23,茄类,14.426999999999998,96.29899999999999,0.0,6.674915089762252,4
2020-10-23,辣椒类,43.75800000000001,464.3299999999999,0.0,10.611316787787372,4
2020-10-23,食用菌,114.30600000000001,1055.073199999999,0.0,9.230252130246871,4
2020-10-24,花叶类,282.10699999999974,1656.383000000001,0.0,5.871470754004695,5
2020-10-24,花菜类,31.113,278.33899999999994,0.0,8.946067560183844,5
2020-10-24,水生根茎类,67.93199999999999,529.1039999999999,7.175999999999999,7.7887299063769655,5
2020-10-24,茄类,22.220999999999997,146.65560000000002,0.0,6.599864992574593,5
2020-10-24,辣椒类,77.097,755.7421999999995,0.0,9.80248518100574,5
2020-10-24,食用菌,115.38999999999993,963.0699999999993,0.0,8.346217176531761,5
2020-10-25,花叶类,223.3970000000001,1410.525599999998,0.0,6.313986311364957,6
2020-10-25,花菜类,43.11399999999998,383.4899999999999,0.0,8.89479055527207,6
2020-10-25,水生根茎类,71.16,553.124,8.078,7.772962338392356,6
2020-10-25,茄类,30.136,200.05599999999998,0.0,6.6384390761879475,6
2020-10-25,辣椒类,72.53699999999998,756.3009999999994,0.0,10.426416863118128,6
2020-10-25,食用菌,104.1599999999999,914.668999999999,0.0,8.781384408602149,6
2020-10-26,花叶类,157.37300000000002,936.8199999999986,0.0,5.952863578885822,0
2020-10-26,花菜类,22.371000000000006,213.35700000000003,0.0,9.53721335657771,0
2020-10-26,水生根茎类,20.666000000000004,165.32800000000003,0.0,8.0,0
2020-10-26,茄类,10.797,70.918,0.0,6.568306010928962,0
2020-10-26,辣椒类,45.43900000000002,461.7382,0.0,10.16171570677171,0
2020-10-26,食用菌,62.363,545.7379999999998,0.0,8.750990170453631,0
2020-10-27,花叶类,154.56599999999997,842.1275999999989,0.0,5.448336632894679,1
2020-10-27,花菜类,23.305,228.92200000000005,0.0,9.82287062862047,1
2020-10-27,水生根茎类,21.273000000000003,169.14800000000002,0.518,7.951299769661072,1
2020-10-27,茄类,13.444,85.26200000000001,0.0,6.342011306158882,1
2020-10-27,辣椒类,45.479,462.39140000000003,0.0,10.167140878207526,1
2020-10-27,食用菌,56.508,501.13999999999993,0.0,8.868478799462022,1
2020-10-28,花叶类,167.5420000000001,954.7009999999992,0.0,5.698278640579668,2
2020-10-28,花菜类,30.296999999999997,274.37200000000007,0.0,9.056078159553755,2
2020-10-28,水生根茎类,32.41799999999999,223.7580000000001,17.793000000000003,6.902276513048311,2
2020-10-28,茄类,12.238,75.568,0.0,6.174865174048047,2
2020-10-28,辣椒类,49.394999999999996,502.5848000000001,0.0,10.174811215710095,2
2020-10-28,食用菌,75.21100000000001,607.9480000000001,0.0,8.083232505883448,2
2020-10-29,花叶类,120.55099999999997,702.4833999999994,0.0,5.827271445280417,3
2020-10-29,花菜类,24.901999999999997,215.89600000000004,0.0,8.669825716809898,3
2020-10-29,水生根茎类,15.828000000000003,126.62400000000002,0.0,8.0,3
2020-10-29,茄类,14.435999999999998,93.90920000000001,0.0,6.505209199224163,3
2020-10-29,辣椒类,52.654,532.7496000000002,0.0,10.11793216089946,3
2020-10-29,食用菌,81.051,661.9799999999996,0.0,8.167450123995996,3
2020-10-30,花叶类,148.24299999999997,823.8969999999995,0.0,5.557746402865563,4
2020-10-30,花菜类,28.938999999999997,243.16740000000004,0.0,8.40275752444798,4
2020-10-30,水生根茎类,18.769,146.672,1.7400000000000002,7.814587884277266,4
2020-10-30,茄类,12.192,83.95659999999998,0.0,6.886204068241468,4
2020-10-30,辣椒类,46.452000000000034,504.01260000000025,0.0,10.8501808318264,4
2020-10-30,食用菌,74.22999999999998,657.7919999999998,0.0,8.861538461538462,4
2020-10-31,花叶类,248.1020000000001,1393.8187999999989,0.0,5.617926497972602,5
2020-10-31,花菜类,82.70100000000001,712.5239999999997,0.0,8.61566365582036,5
2020-10-31,水生根茎类,79.26499999999999,622.7159999999999,5.702000000000001,7.856128177631994,5
2020-10-31,茄类,16.499000000000006,102.11920000000002,0.0,6.189417540456996,5
2020-10-31,辣椒类,81.29200000000003,885.3269999999998,0.0,10.890702652167487,5
2020-10-31,食用菌,135.28399999999993,1339.8959999999995,0.0,9.904319801306881,5
2020-11-01,花叶类,206.95600000000042,1063.2485999999983,0.0,5.137558708131179,6
2020-11-01,花菜类,69.06199999999994,608.4480000000001,0.0,8.810170571370662,6
2020-11-01,水生根茎类,71.33200000000004,537.7420000000002,16.456999999999997,7.538580160376828,6
2020-11-01,茄类,15.406999999999998,100.832,0.0,6.544557668592199,6
2020-11-01,辣椒类,73.72200000000002,731.8591999999998,0.0,9.927283578850268,6
2020-11-01,食用菌,127.96699999999996,1165.7219999999993,0.0,9.109551681292832,6
2020-11-02,花叶类,144.44200000000004,674.3917999999992,0.786,4.668945320613111,0
2020-11-02,花菜类,32.726,271.24679999999995,0.0,8.288418994071991,0
2020-11-02,水生根茎类,15.052999999999999,120.42399999999999,0.0,8.0,0
2020-11-02,茄类,11.378000000000002,72.4372,0.0,6.366426436983652,0
2020-11-02,辣椒类,54.35099999999998,590.4853999999999,0.0,10.864296885061915,0
2020-11-02,食用菌,78.32100000000003,676.3303999999997,0.0,8.635364716997989,0
2020-11-03,花叶类,135.0669999999999,642.3219999999992,3.3880000000000003,4.755580563720225,1
2020-11-03,花菜类,51.944999999999986,440.26839999999993,0.0,8.475664645297913,1
2020-11-03,水生根茎类,15.726999999999999,122.838,1.489,7.810644115215871,1
2020-11-03,茄类,10.845999999999998,70.61959999999999,0.0,6.511119306656832,1
2020-11-03,辣椒类,66.83399999999997,551.5728000000001,0.0,8.252877278032145,1
2020-11-03,食用菌,64.341,533.0330000000001,0.0,8.284499774638258,1
2020-11-04,花叶类,122.11400000000006,571.8402000000002,0.0,4.682838986520792,2
2020-11-04,花菜类,67.52699999999999,474.66800000000006,0.0,7.029306795800201,2
2020-11-04,水生根茎类,18.183,145.464,0.0,8.0,2
2020-11-04,茄类,10.702,70.6324,0.0,6.599925247617268,2
2020-11-04,辣椒类,59.731,500.41479999999996,0.0,8.377807168806816,2
2020-11-04,食用菌,195.3400000000001,789.9679999999995,0.0,4.044066755400835,2
2020-11-05,花叶类,146.32700000000006,698.3253999999994,0.0,4.772361901767952,3
2020-11-05,花菜类,57.35400000000002,400.5953999999997,0.0,6.984611361021019,3
2020-11-05,水生根茎类,8.347,66.776,0.0,8.0,3
2020-11-05,茄类,9.067000000000002,59.2802,0.0,6.53801698466968,3
2020-11-05,辣椒类,45.281999999999975,482.5766,0.0,10.657139702309975,3
2020-11-05,食用菌,129.089,664.1779999999998,0.0,5.145116934827907,3
2020-11-06,花叶类,142.586,689.5883999999991,0.0,4.836298093781991,4
2020-11-06,花菜类,95.13599999999997,458.16719999999987,0.0,4.815918264379415,4
2020-11-06,水生根茎类,13.442999999999998,103.79799999999999,1.8730000000000002,7.721341962359593,4
2020-11-06,茄类,7.22,45.14919999999999,0.0,6.253351800554016,4
2020-11-06,辣椒类,49.286999999999985,485.64659999999986,0.0,9.853442084119544,4
2020-11-06,食用菌,80.15299999999995,552.1379999999999,0.0,6.888550646887831,4
2020-11-07,花叶类,223.59299999999993,1052.3027999999981,0.0,4.7063315935650865,5
2020-11-07,花菜类,121.45299999999995,703.7703999999994,0.0,5.794590500028815,5
2020-11-07,水生根茎类,71.41299999999997,549.4939999999997,10.905,7.694593421365857,5
2020-11-07,茄类,10.878,68.2188,0.0,6.2712630998345285,5
2020-11-07,辣椒类,69.738,743.7168000000001,0.0,10.664441194183947,5
2020-11-07,食用菌,122.89600000000002,1174.5839999999994,0.0,9.5575445905481,5
2020-11-08,花叶类,209.8079999999999,1000.6623999999979,0.0,4.769419659879501,6
2020-11-08,花菜类,125.59100000000004,705.3079999999992,0.0,5.615911968214275,6
2020-11-08,水生根茎类,58.20700000000001,460.406,2.625,7.909804662669438,6
2020-11-08,茄类,16.906,104.14999999999999,0.0,6.160534721400686,6
2020-11-08,辣椒类,78.90699999999997,720.0059999999996,0.0,9.12474178463254,6
2020-11-08,食用菌,124.49199999999996,1146.9769999999985,0.0,9.213258683288878,6
2020-11-09,花叶类,144.9110000000001,691.2117999999995,0.0,4.769905666236511,0
2020-11-09,花菜类,57.592000000000006,349.2429999999999,0.0,6.064088762328098,0
2020-11-09,水生根茎类,14.578999999999999,114.28999999999999,1.171,7.83935798065711,0
2020-11-09,茄类,10.062999999999999,61.822799999999994,0.0,6.143575474510583,0
2020-11-09,辣椒类,64.61600000000004,538.0967999999999,0.0,8.327609260864175,0
2020-11-09,食用菌,63.22000000000002,469.4429999999998,0.0,7.425545713381836,0
2020-11-10,花叶类,157.96200000000033,656.1001999999995,0.0,4.153531862093403,1
2020-11-10,花菜类,25.698000000000004,160.224,0.0,6.234882091991594,1
2020-11-10,水生根茎类,12.102999999999998,92.444,2.19,7.638106254647609,1
2020-11-10,茄类,9.573999999999998,60.891200000000005,0.0,6.360058491748488,1
2020-11-10,辣椒类,54.66300000000002,456.8900000000002,0.0,8.358304520425152,1
2020-11-10,食用菌,64.18,450.6159999999998,0.0,7.021128077282639,1
2020-11-11,花叶类,150.86700000000016,587.6944000000001,1.001,3.89544698310432,2
2020-11-11,花菜类,63.250000000000036,364.2720000000002,0.0,5.759241106719368,2
2020-11-11,水生根茎类,17.155,153.452,1.606,8.945030603322646,2
2020-11-11,茄类,15.585,94.90839999999999,0.0,6.089727301892845,2
2020-11-11,辣椒类,65.83399999999999,590.5646000000002,0.0,8.97051067837288,2
2020-11-11,食用菌,64.52199999999999,395.88100000000003,1.9100000000000001,6.1355971606583815,2
2020-11-12,花叶类,151.1440000000001,583.2938000000001,0.0,3.859192558090297,3
2020-11-12,花菜类,13.405999999999999,77.774,0.0,5.801432194539759,3
2020-11-12,水生根茎类,15.236999999999998,132.806,1.505,8.716020213952879,3
2020-11-12,茄类,15.508,99.92480000000002,0.0,6.443435646118134,3
2020-11-12,辣椒类,58.85100000000001,515.6316000000002,0.0,8.761645511546108,3
2020-11-12,食用菌,68.656,397.194,0.0,5.785277324632952,3
2020-11-13,花叶类,141.97700000000012,523.3356,0.9770000000000001,3.686059009557883,4
2020-11-13,花菜类,60.306000000000004,332.5360000000002,0.0,5.5141445295658835,4
2020-11-13,水生根茎类,13.766,114.394,0.7190000000000001,8.309893941595234,4
2020-11-13,茄类,8.044,48.07039999999999,0.0,5.97593237195425,4
2020-11-13,辣椒类,70.24600000000001,566.3542000000002,0.0,8.062440566010878,4
2020-11-13,食用菌,67.67600000000002,405.83400000000006,0.0,5.996719664282758,4
2020-11-14,花叶类,207.14500000000024,933.8277999999996,0.0,4.508087571507874,5
2020-11-14,花菜类,84.00099999999998,457.38159999999993,0.0,5.444954226735397,5
2020-11-14,水生根茎类,58.12699999999999,400.46700000000004,6.422000000000001,6.889517780033377,5
2020-11-14,茄类,18.145999999999997,93.66619999999999,0.0,5.161809765237518,5
2020-11-14,辣椒类,71.84000000000003,738.8982000000001,0.0,10.285331291759462,5
2020-11-14,食用菌,92.79299999999994,677.1330000000003,0.0,7.29724224887654,5
2020-11-15,花叶类,227.23099999999994,1019.4927999999987,0.0,4.4865920583019,6
2020-11-15,花菜类,77.79799999999996,423.28639999999973,0.0,5.4408390961207225,6
2020-11-15,水生根茎类,45.35299999999999,311.349,6.122,6.86501444226402,6
2020-11-15,茄类,17.736,97.53060000000002,0.0,5.499018944519622,6
2020-11-15,辣椒类,74.07800000000007,710.5855999999999,0.0,9.592397202948233,6
2020-11-15,食用菌,73.108,433.1230000000001,0.0,5.924426875307765,6
2020-11-16,花叶类,140.08700000000005,646.0147999999999,0.0,4.611525694746834,0
2020-11-16,花菜类,48.64,260.72159999999997,0.0,5.360230263157894,0
2020-11-16,水生根茎类,14.449999999999998,114.69599999999998,0.452,7.937439446366782,0
2020-11-16,茄类,15.672,86.90580000000001,0.0,5.545290964777949,0
2020-11-16,辣椒类,45.345000000000034,430.45259999999996,0.0,9.492834932186561,0
2020-11-16,食用菌,54.363000000000014,327.34699999999987,0.0,6.021503596195938,0
2020-11-17,花叶类,222.51700000000002,850.9527999999995,0.0,3.8242147790955268,1
2020-11-17,花菜类,43.62099999999999,238.60879999999995,0.0,5.470044244744504,1
2020-11-17,水生根茎类,24.762,189.802,4.147,7.665051288264276,1
2020-11-17,茄类,12.223999999999998,68.94119999999998,0.0,5.639823298429318,1
2020-11-17,辣椒类,43.486000000000026,383.01899999999983,0.0,8.80786919928252,1
2020-11-17,食用菌,131.97899999999998,495.59200000000004,0.0,3.7550822479333843,1
2020-11-18,花叶类,203.32200000000017,827.3133999999988,0.0,4.068981221904162,2
2020-11-18,花菜类,50.43799999999998,240.732,0.0,4.77283000912011,2
2020-11-18,水生根茎类,19.171,148.318,2.525,7.736581294663816,2
2020-11-18,茄类,15.946,96.8378,0.0,6.0728583970901795,2
2020-11-18,辣椒类,45.40700000000003,462.78100000000006,0.0,10.191842667430127,2
2020-11-18,食用菌,99.08899999999996,461.1050000000001,0.0,4.653442864495557,2
2020-11-19,花叶类,207.80000000000007,681.1600000000002,1.45,3.2779595765158804,3
2020-11-19,花菜类,77.16499999999998,362.27980000000014,0.0,4.694872027473599,3
2020-11-19,水生根茎类,22.977,199.49200000000005,4.584,8.682247464856163,3
2020-11-19,茄类,12.807999999999998,86.47159999999998,0.0,6.751374141161773,3
2020-11-19,辣椒类,59.11100000000002,543.5856,0.0,9.196014278222325,3
2020-11-19,食用菌,90.297,524.004,0.0,5.803116382604074,3
2020-11-20,花叶类,244.55500000000004,756.6245999999993,0.0,3.093883175563776,4
2020-11-20,花菜类,52.701,256.3829999999999,0.0,4.864860249331131,4
2020-11-20,水生根茎类,22.479999999999997,183.07799999999997,1.839,8.144039145907474,4
2020-11-20,茄类,9.804,65.91100000000002,0.0,6.722868217054265,4
2020-11-20,辣椒类,53.491999999999976,545.285,0.0,10.193767292305395,4
2020-11-20,食用菌,70.888,358.9839999999999,0.0,5.064101117255388,4
2020-11-21,花叶类,460.1029999999997,1462.3347999999958,0.0,3.1782770379675784,5
2020-11-21,花菜类,114.06600000000009,487.83600000000024,0.0,4.2767871232444366,5
2020-11-21,水生根茎类,95.37499999999999,779.872,4.098,8.176901703800787,5
2020-11-21,茄类,25.150000000000002,167.31820000000005,0.0,6.652811133200797,5
2020-11-21,辣椒类,79.34399999999997,769.8435999999995,0.0,9.702606372252468,5
2020-11-21,食用菌,169.38200000000006,869.0299999999991,0.0,5.130592388801636,5
2020-11-22,花叶类,371.9680000000005,1141.9126000000006,0.0,3.0699216061596672,6
2020-11-22,花菜类,119.596,508.11440000000016,0.0,4.248590253854645,6
2020-11-22,水生根茎类,67.53799999999998,540.3039999999999,0.0,8.0,6
2020-11-22,茄类,26.932999999999993,183.64380000000003,0.0,6.818542308691942,6
2020-11-22,辣椒类,99.221,834.0507999999993,0.0,8.405990667298246,6
2020-11-22,食用菌,160.15399999999985,1537.6911999999986,0.0,9.601328721105936,6
2020-11-23,花叶类,294.3110000000001,1016.2259999999993,0.0,3.452898464549402,0
2020-11-23,花菜类,74.62299999999998,304.9214,0.0,4.086158423006313,0
2020-11-23,水生根茎类,34.986999999999995,279.89599999999996,0.0,8.0,0
2020-11-23,茄类,15.902,103.20599999999999,0.0,6.490127028046786,0
2020-11-23,辣椒类,59.056000000000026,499.0114000000003,0.0,8.449800189650503,0
2020-11-23,食用菌,195.78799999999993,1147.4389999999996,0.0,5.860619649825321,0
2020-11-24,花叶类,220.18899999999985,871.6004000000001,0.0,3.9584193579152487,1
2020-11-24,花菜类,60.927000000000014,268.0452,0.0,4.399448520360431,1
2020-11-24,水生根茎类,44.692000000000014,349.20800000000014,4.164,7.813657925355769,1
2020-11-24,茄类,13.897,85.793,0.0,6.173490681442038,1
2020-11-24,辣椒类,52.15700000000003,479.5806,0.0,9.194942193761138,1
2020-11-24,食用菌,117.66099999999997,827.3983999999998,0.0,7.032053101707447,1
2020-11-25,花叶类,237.71299999999974,822.8219999999994,0.0,3.461409346564977,2
2020-11-25,花菜类,37.13699999999999,152.57240000000004,0.0,4.1083663193042,2
2020-11-25,水生根茎类,38.69699999999998,295.79599999999994,6.889999999999999,7.6439000439310565,2
2020-11-25,茄类,13.199000000000002,85.3798,0.0,6.46865671641791,2
2020-11-25,辣椒类,39.05400000000006,386.19879999999984,0.0,9.888841091821561,2
2020-11-25,食用菌,95.58099999999999,803.3277999999997,0.0,8.404680846611772,2
2020-11-26,花叶类,282.92300000000023,696.0343999999986,14.290000000000003,2.460154883130739,3
2020-11-26,花菜类,34.765999999999984,162.3144,0.0,4.668768336880863,3
2020-11-26,水生根茎类,24.098999999999993,192.79199999999994,0.0,8.0,3
2020-11-26,茄类,12.868,91.0904,0.0,7.078831209201119,3
2020-11-26,辣椒类,48.086000000000034,447.8549999999999,0.0,9.313625587489074,3
2020-11-26,食用菌,110.27599999999998,839.5889999999989,0.0,7.6135242482498375,3
2020-11-27,花叶类,225.59600000000003,670.4739999999996,0.0,2.9720119151048756,4
2020-11-27,花菜类,28.93399999999999,135.98200000000003,0.0,4.699730420958045,4
2020-11-27,水生根茎类,23.178000000000004,179.26800000000006,3.0780000000000003,7.734403313486928,4
2020-11-27,茄类,13.175000000000002,103.37439999999997,0.0,7.8462542694497115,4
2020-11-27,辣椒类,53.116000000000014,470.1752000000002,0.0,8.851856314481513,4
2020-11-27,食用菌,112.97900000000003,901.7317999999985,0.0,7.981410704644211,4
2020-11-28,花叶类,400.29500000000024,1043.2143999999992,0.0,2.6061139909316844,5
2020-11-28,花菜类,79.44100000000006,429.05600000000015,0.0,5.400939061693582,5
2020-11-28,水生根茎类,30.289,242.312,0.0,8.0,5
2020-11-28,茄类,18.759,138.701,0.0,7.393837624606855,5
2020-11-28,辣椒类,82.48500000000006,668.0339999999994,0.0,8.098854337152197,5
2020-11-28,食用菌,187.13300000000015,1306.8872,0.0,6.983734563118204,5
2020-11-29,花叶类,287.707,814.8010000000005,0.0,2.832051357804991,6
2020-11-29,花菜类,77.33500000000001,423.0939999999998,0.0,5.470925195577679,6
2020-11-29,水生根茎类,31.494,251.952,0.0,8.0,6
2020-11-29,茄类,20.701999999999998,156.62199999999996,0.0,7.565549222297361,6
2020-11-29,辣椒类,66.15100000000005,612.9717999999998,0.0,9.266251455004449,6
2020-11-29,食用菌,168.21799999999976,1362.4976000000001,0.0,8.09959457370794,6
2020-11-30,花叶类,207.35299999999998,629.2275999999996,0.0,3.034571961823555,0
2020-11-30,花菜类,41.156000000000006,217.53040000000007,0.0,5.285508795801342,0
2020-11-30,水生根茎类,18.481,143.096,2.3760000000000003,7.742871056760997,0
2020-11-30,茄类,18.290000000000006,137.4694,0.0,7.51609622744669,0
2020-11-30,辣椒类,54.21400000000005,498.7759999999998,0.0,9.200132807024003,0
2020-11-30,食用菌,100.48599999999993,609.4373999999993,0.0,6.064898592838801,0
2020-12-01,花叶类,287.7969999999999,738.5805999999995,0.0,2.5663248748249625,1
2020-12-01,花菜类,25.82000000000001,140.33600000000004,0.0,5.435166537567776,1
2020-12-01,水生根茎类,25.028999999999993,200.23199999999994,0.0,8.0,1
2020-12-01,茄类,9.271,77.79020000000001,0.0,8.390702189623559,1
2020-12-01,辣椒类,47.88200000000003,421.1564,0.0,8.795714464725778,1
2020-12-01,食用菌,99.47700000000002,641.6120000000001,2.0,6.449852729776732,1
2020-12-02,花叶类,213.66500000000028,617.9328000000008,0.0,2.892063744646994,2
2020-12-02,花菜类,24.46,134.51199999999997,0.0,5.499264104660669,2
2020-12-02,水生根茎类,22.979000000000003,182.662,0.585,7.949083946211758,2
2020-12-02,茄类,9.603,78.40299999999999,0.0,8.164427782984482,2
2020-12-02,辣椒类,48.739999999999995,461.3949999999999,0.0,9.466454657365613,2
2020-12-02,食用菌,185.14099999999993,1065.2649999999992,50.0,5.753803857600421,2
2020-12-03,花叶类,274.09699999999975,688.7303999999999,0.8,2.5127250571877857,3
2020-12-03,花菜类,27.341999999999995,162.4644000000001,0.0,5.941935483870973,3
2020-12-03,水生根茎类,35.34800000000001,273.11599999999993,4.8340000000000005,7.726490890573719,3
2020-12-03,茄类,12.913000000000002,115.8798,0.0,8.97388678076357,3
2020-12-03,辣椒类,48.795,516.5614,0.0,10.58635925812071,3
2020-12-03,食用菌,97.39499999999998,786.578999999999,0.0,8.076174341598636,3
2020-12-04,花叶类,242.5289999999999,719.1001999999999,0.739,2.965007071319307,4
2020-12-04,花菜类,27.456999999999997,169.06699999999998,0.0,6.157519029755618,4
2020-12-04,水生根茎类,87.25000000000003,551.3839999999999,19.964,6.31958739255014,4
2020-12-04,茄类,11.517000000000001,92.63600000000001,0.0,8.043414083528697,4
2020-12-04,辣椒类,42.929,438.33979999999985,0.0,10.21080854434065,4
2020-12-04,食用菌,110.87499999999997,910.5811999999991,0.0,8.21268275084554,4
2020-12-05,花叶类,306.95899999999983,842.0552000000002,0.0,2.743217172325948,5
2020-12-05,花菜类,72.116,422.49120000000033,0.0,5.858494647512346,5
2020-12-05,水生根茎类,43.51799999999999,314.50100000000003,3.746,7.226917597316056,5
2020-12-05,茄类,18.692999999999998,149.888,0.0,8.0184026106029,5
2020-12-05,辣椒类,50.32000000000002,590.9723999999994,0.0,11.744284578696327,5
2020-12-05,食用菌,155.11499999999995,1375.4552000000003,0.622,8.867325532669314,5
2020-12-06,花叶类,367.1289999999997,941.8606,0.0,2.5654758953937193,6
2020-12-06,花菜类,67.96799999999998,486.78399999999976,0.0,7.161958568738229,6
2020-12-06,水生根茎类,93.76100000000001,653.5190000000002,4.4830000000000005,6.970051513955697,6
2020-12-06,茄类,18.880999999999997,146.91039999999998,0.0,7.780859064668185,6
2020-12-06,辣椒类,61.76999999999999,769.1411999999999,0.0,12.451694997571638,6
2020-12-06,食用菌,234.20499999999973,1740.8920000000032,3.4019999999999997,7.433197412523239,6
2020-12-07,花叶类,197.71800000000007,576.0325999999995,0.0,2.913404950485031,0
2020-12-07,花菜类,29.01700000000001,196.97999999999996,0.0,6.788434366061271,0
2020-12-07,水生根茎类,60.12700000000002,419.3130000000001,8.713000000000001,6.973788813677715,0
2020-12-07,茄类,10.536999999999999,86.11399999999999,0.0,8.172534877099743,0
2020-12-07,辣椒类,39.56600000000001,559.2496000000001,0.0,14.134600414497294,0
2020-12-07,食用菌,91.33300000000001,737.0819999999997,7.159,8.070270329453752,0
2020-12-08,花叶类,183.98000000000008,523.6909999999997,0.0,2.846456136536577,1
2020-12-08,花菜类,29.685999999999993,211.39999999999992,0.0,7.121201913359832,1
2020-12-08,水生根茎类,78.34500000000001,537.7350000000001,8.514000000000001,6.863679877465059,1
2020-12-08,茄类,10.904,92.34200000000001,0.0,8.468635363169481,1
2020-12-08,辣椒类,37.891000000000005,514.5546000000002,0.0,13.579863292074638,1
2020-12-08,食用菌,89.028,783.5737999999994,0.0,8.80143101046861,1
2020-12-09,花叶类,180.67299999999997,540.6844,1.1669999999999998,2.992613174076924,2
2020-12-09,花菜类,20.824999999999996,146.632,0.0,7.041152460984396,2
2020-12-09,水生根茎类,39.897,289.1179999999999,19.385,7.246610020803566,2
2020-12-09,茄类,9.89,81.304,0.0,8.22082912032356,2
2020-12-09,辣椒类,36.05899999999999,477.86740000000003,0.0,13.252375273856739,2
2020-12-09,食用菌,80.16399999999994,815.8225999999993,0.0,10.176919814380518,2
2020-12-10,花叶类,188.53900000000004,540.4644000000003,0.0,2.8665920578766206,3
2020-12-10,花菜类,20.405,137.45000000000002,0.0,6.7360940945846615,3
2020-12-10,水生根茎类,48.44799999999999,324.0269999999998,13.827,6.688139861294581,3
2020-12-10,茄类,11.411,93.746,0.0,8.215406187012531,3
2020-12-10,辣椒类,45.74700000000002,609.4304000000001,0.0,13.321756617920297,3
2020-12-10,食用菌,89.36299999999996,815.3699999999993,0.863,9.124246052616853,3
2020-12-11,花叶类,212.51000000000005,555.6912000000002,0.0,2.6148943579125694,4
2020-12-11,花菜类,30.644,220.46599999999998,0.0,7.194426315102467,4
2020-12-11,水生根茎类,55.35800000000004,372.4720000000001,0.0,6.728422269590661,4
2020-12-11,茄类,14.918,128.516,0.0,8.614827724896099,4
2020-12-11,辣椒类,44.51400000000001,579.8593999999997,0.0,13.02645010558475,4
2020-12-11,食用菌,94.15300000000005,784.8757999999993,4.0,8.336174099603825,4
2020-12-12,花叶类,269.6190000000002,761.3570000000001,0.0,2.823825472240456,5
2020-12-12,花菜类,65.466,464.55399999999986,0.0,7.096110958360064,5
2020-12-12,水生根茎类,71.47,580.7639999999999,1.9569999999999999,8.125982929900657,5
2020-12-12,茄类,11.965,108.842,0.0,9.096698704554951,5
2020-12-12,辣椒类,54.731,779.1783999999996,0.0,14.23650947360727,5
2020-12-12,食用菌,174.11899999999991,1579.9194,1.802,9.073790913111152,5
2020-12-13,花叶类,375.78100000000006,1015.5981999999993,0.0,2.702633182624984,6
2020-12-13,花菜类,78.67,560.8199999999999,0.0,7.128765730265666,6
2020-12-13,水生根茎类,73.57799999999997,625.446,0.0,8.500448503628805,6
2020-12-13,茄类,20.845000000000002,178.52799999999996,0.0,8.564547853202203,6
2020-12-13,辣椒类,76.78399999999992,996.6763999999995,0.0,12.980261512815176,6
2020-12-13,食用菌,197.615,1692.8208000000002,0.813,8.566256610075147,6
2020-12-14,花叶类,197.65399999999997,618.0595999999999,0.879,3.126977445434952,0
2020-12-14,花菜类,33.376000000000005,228.47799999999998,0.0,6.845577660594437,0
2020-12-14,水生根茎类,65.51700000000001,424.73000000000013,42.88600000000001,6.482744936428714,0
2020-12-14,茄类,12.715000000000003,108.766,0.0,8.554148643334642,0
2020-12-14,辣椒类,48.394000000000005,673.5411999999997,0.0,13.917865851138563,0
2020-12-14,食用菌,83.08900000000004,834.3399999999996,1.876,10.041521741746791,0
2020-12-15,花叶类,203.808,628.2684,0.0,3.0826483749411215,1
2020-12-15,花菜类,33.429999999999986,223.38800000000003,0.0,6.68226144181873,1
2020-12-15,水生根茎类,51.179999999999986,415.428,3.5449999999999995,8.116998827667059,1
2020-12-15,茄类,10.295000000000003,86.829,0.0,8.434094220495382,1
2020-12-15,辣椒类,41.06600000000001,572.815,0.0,13.948643646812446,1
2020-12-15,食用菌,99.76399999999998,976.4125999999998,11.087,9.787223848281945,1
2020-12-16,花叶类,152.02899999999994,504.5324000000001,8.555,3.3186589400706463,2
2020-12-16,花菜类,26.065,190.15400000000005,0.0,7.295376942259737,2
2020-12-16,水生根茎类,47.28199999999999,379.8779999999999,8.999,8.034304809441224,2
2020-12-16,茄类,9.312999999999999,74.50399999999999,0.0,8.0,2
2020-12-16,辣椒类,34.839999999999996,563.5351999999998,0.0,16.17494833524684,2
2020-12-16,食用菌,74.21200000000002,706.6527999999995,0.0,9.52208268204602,2
2020-12-17,花叶类,167.799,497.96479999999997,0.0,2.96762674390193,3
2020-12-17,花菜类,31.098,209.044,0.0,6.722104315390058,3
2020-12-17,水生根茎类,47.928999999999995,371.22200000000004,6.105,7.745248179598992,3
2020-12-17,茄类,12.154,101.34600000000003,0.0,8.338489386210304,3
2020-12-17,辣椒类,33.18000000000002,518.3186,0.0,15.621416515973467,3
2020-12-17,食用菌,94.65199999999999,868.6615999999995,16.729000000000003,9.177424671427962,3
2020-12-18,花叶类,150.625,564.7749999999997,4.85,3.7495435684647287,4
2020-12-18,花菜类,26.453999999999997,186.446,0.0,7.04793225977168,4
2020-12-18,水生根茎类,63.36200000000001,523.142,8.027,8.256399734856855,4
2020-12-18,茄类,19.540999999999997,157.78699999999998,0.0,8.07466352796684,4
2020-12-18,辣椒类,41.801000000000016,646.9969999999997,0.0,15.47802684146311,4
2020-12-18,食用菌,86.25999999999993,831.6573999999997,2.189,9.64128680732669,4
2020-12-19,花叶类,266.55000000000007,905.8064000000004,2.01,3.3982607390733452,5
2020-12-19,花菜类,60.28999999999998,432.55199999999985,0.0,7.174523138165533,5
2020-12-19,水生根茎类,85.82499999999997,790.1409999999996,0.0,9.206420040780657,5
2020-12-19,茄类,14.524000000000003,116.19200000000002,0.0,8.0,5
2020-12-19,辣椒类,68.24000000000001,1035.8707999999997,0.0,15.179818288393898,5
2020-12-19,食用菌,154.6809999999999,1478.8159999999998,1.739,9.560424357225521,5
2020-12-20,花叶类,276.911,912.4599999999995,0.0,3.2951381490803886,6
2020-12-20,花菜类,89.85100000000001,648.9319999999999,0.0,7.222312495130826,6
2020-12-20,水生根茎类,77.31299999999996,687.1919999999996,1.205,8.888440495130183,6
2020-12-20,茄类,14.386,115.088,0.0,8.0,6
2020-12-20,辣椒类,64.27300000000002,992.5267999999998,0.0,15.442359933409042,6
2020-12-20,食用菌,141.9719999999999,1216.8007999999993,0.776,8.570709717409068,6
2020-12-21,花叶类,136.04100000000008,493.6224000000001,0.667,3.628482589807483,0
2020-12-21,花菜类,37.057,256.254,4.649,6.9151307445287,0
2020-12-21,水生根茎类,48.46800000000001,403.6500000000001,1.622,8.328175290913592,0
2020-12-21,茄类,12.996999999999998,102.58399999999999,0.0,7.892898361160268,0
2020-12-21,辣椒类,30.846,494.15020000000004,0.0,16.019911820009078,0
2020-12-21,食用菌,84.04499999999996,802.8053999999996,1.19,9.55208995181153,0
2020-12-22,花叶类,152.18500000000017,483.6387999999999,9.751999999999999,3.1779662910273636,1
2020-12-22,花菜类,27.34599999999999,199.29999999999995,0.0,7.288086008922695,1
2020-12-22,水生根茎类,38.698,320.18399999999997,0.87,8.273915964649335,1
2020-12-22,茄类,11.078999999999999,91.13399999999999,0.0,8.225832656376928,1
2020-12-22,辣椒类,38.61500000000001,584.1571999999998,0.0,15.12772756700763,1
2020-12-22,食用菌,75.88599999999998,689.7419999999998,1.74,9.08918641119574,1
2020-12-23,花叶类,143.7319999999999,577.0702,0.9299999999999999,4.014904127125486,2
2020-12-23,花菜类,39.82300000000001,310.5320000000001,0.0,7.797805288401176,2
2020-12-23,水生根茎类,43.83,340.32899999999995,7.726,7.764750171115673,2
2020-12-23,茄类,9.4,78.989,0.0,8.40308510638298,2
2020-12-23,辣椒类,41.738,645.0766000000002,0.0,15.455378791508942,2
2020-12-23,食用菌,67.60400000000001,626.5559999999997,0.55,9.268031477427364,2
2020-12-24,花叶类,218.53300000000004,631.9950000000002,0.323,2.891988852942119,3
2020-12-24,花菜类,39.29299999999999,288.801,0.0,7.349935102944546,3
2020-12-24,水生根茎类,61.288000000000004,481.15200000000004,9.265,7.8506722360005226,3
2020-12-24,茄类,9.801000000000002,79.59400000000001,0.0,8.121008060402,3
2020-12-24,辣椒类,37.46299999999998,624.1382,0.0,16.660123321677396,3
2020-12-24,食用菌,75.626,662.6869999999993,1.612,8.762687435538034,3
2020-12-25,花叶类,159.65400000000014,619.996599999999,0.0,3.8833765517932437,4
2020-12-25,花菜类,33.71099999999999,253.32200000000006,0.0,7.5145204829284244,4
2020-12-25,水生根茎类,65.984,547.5479999999998,5.569,8.298193501454895,4
2020-12-25,茄类,10.328,78.2,0.0,7.571649883811,4
2020-12-25,辣椒类,53.08300000000001,883.9123999999994,0.0,16.651515551118045,4
2020-12-25,食用菌,148.94300000000007,1323.4407999999992,0.0,8.885552191106655,4
2020-12-26,花叶类,285.2240000000001,871.8724,0.0,3.056798866855523,5
2020-12-26,花菜类,62.71699999999998,539.7890000000002,0.0,8.606741393880453,5
2020-12-26,水生根茎类,103.90499999999997,876.7319999999997,0.0,8.437823011404648,5
2020-12-26,茄类,16.19,127.23200000000001,0.0,7.858678196417542,5
2020-12-26,辣椒类,52.907,1056.7130000000006,0.0,19.973028143723905,5
2020-12-26,食用菌,135.65800000000004,1095.3318000000002,0.42200000000000004,8.074214568989664,5
2020-12-27,花叶类,288.75500000000005,850.352199999999,0.0,2.944891690187179,6
2020-12-27,花菜类,51.016,403.3279999999998,0.0,7.905911870785633,6
2020-12-27,水生根茎类,93.23199999999997,761.9759999999998,0.0,8.172902007894285,6
2020-12-27,茄类,11.874,99.64200000000002,0.0,8.391611925214757,6
2020-12-27,辣椒类,52.745000000000005,1010.3044000000003,0.0,19.15450564034506,6
2020-12-27,食用菌,118.12900000000008,1153.7683999999997,0.945,9.767020799295677,6
2020-12-28,花叶类,251.4550000000001,724.4485999999994,0.0,2.881026823884986,0
2020-12-28,花菜类,33.949,257.13399999999996,0.0,7.574125894724439,0
2020-12-28,水生根茎类,63.262,515.2889999999999,7.776,8.145316303626187,0
2020-12-28,茄类,13.266000000000002,116.47200000000001,0.0,8.779737675260062,0
2020-12-28,辣椒类,45.86300000000003,892.2476000000001,0.0,19.454627913568665,0
2020-12-28,食用菌,69.81900000000003,681.1419999999995,0.6890000000000001,9.755825778083318,0
2020-12-29,花叶类,223.51199999999997,647.9889999999995,0.0,2.899123984394572,1
2020-12-29,花菜类,33.714,273.70400000000006,0.0,8.118407783116808,1
2020-12-29,水生根茎类,54.924,435.60599999999994,3.011,7.931068385405286,1
2020-12-29,茄类,12.741000000000003,109.29100000000001,0.0,8.577898124166076,1
2020-12-29,辣椒类,28.906,598.5574,0.0,20.707029682418877,1
2020-12-29,食用菌,79.64700000000002,759.3047999999993,0.0,9.533376021695721,1
2020-12-30,花叶类,146.3900000000001,554.7568000000001,0.0,3.7895812555502406,2
2020-12-30,花菜类,33.438,283.35599999999994,0.0,8.474071415754528,2
2020-12-30,水生根茎类,75.74199999999996,624.3019999999998,0.97,8.242481054104726,2
2020-12-30,茄类,16.318,146.62900000000002,0.0,8.985721289373698,2
2020-12-30,辣椒类,32.166999999999994,666.8054,0.0,20.729486741070044,2
2020-12-30,食用菌,66.63099999999997,618.0834999999997,1.289,9.276215275172216,2
2020-12-31,花叶类,179.17699999999985,830.7594000000003,0.301,4.636529242034419,3
2020-12-31,花菜类,23.092,208.70999999999992,0.0,9.03819504590334,3
2020-12-31,水生根茎类,73.30499999999999,533.6569999999999,0.585,7.279953618443489,3
2020-12-31,茄类,20.724999999999998,187.64099999999996,0.0,9.05384800965018,3
2020-12-31,辣椒类,45.584,1013.3386000000002,0.252,22.23013776763777,3
2020-12-31,食用菌,120.94499999999994,1031.8059999999994,1.1440000000000001,8.531200132291536,3
2021-01-01,花叶类,224.79699999999985,976.4329999999987,0.0,4.343621133733988,4
2021-01-01,花菜类,55.985,503.32800000000026,0.0,8.990408145038854,4
2021-01-01,水生根茎类,91.56899999999997,628.0089999999999,0.0,6.858314495080213,4
2021-01-01,茄类,18.037,159.24900000000005,0.0,8.82901812940068,4
2021-01-01,辣椒类,67.73300000000002,1412.1457999999996,0.0,20.848711853896905,4
2021-01-01,食用菌,136.33799999999994,1247.1205999999993,0.278,9.147270753568337,4
2021-01-02,花叶类,212.91099999999986,942.0993999999995,0.0,4.424850759237429,5
2021-01-02,花菜类,31.832999999999988,275.116,0.0,8.642477931706095,5
2021-01-02,水生根茎类,102.21399999999997,760.1129999999998,7.024,7.436486195628779,5
2021-01-02,茄类,18.302,161.774,0.0,8.839143263031364,5
2021-01-02,辣椒类,61.50199999999999,1153.8285999999991,0.0,18.760830542096183,5
2021-01-02,食用菌,115.29599999999996,1000.7443999999994,1.189,8.67978420760477,5
2021-01-03,花叶类,224.87999999999982,934.1735999999995,13.243999999999998,4.15409818569904,6
2021-01-03,花菜类,50.089999999999996,464.0019999999999,0.0,9.263365941305649,6
2021-01-03,水生根茎类,76.505,537.5319999999999,4.651,7.026102869093522,6
2021-01-03,茄类,13.385,119.074,0.0,8.896077698916697,6
2021-01-03,辣椒类,73.79700000000001,1266.7623999999994,0.0,17.16549995257259,6
2021-01-03,食用菌,103.87099999999997,978.1915999999995,1.167,9.417369621934899,6
2021-01-04,花叶类,177.80099999999996,707.2597999999991,0.0,3.977816772684064,0
2021-01-04,花菜类,24.727999999999998,223.92399999999992,0.0,9.055483662245226,0
2021-01-04,水生根茎类,68.24799999999999,617.9369999999997,0.0,9.054287305122491,0
2021-01-04,茄类,9.866999999999999,87.90100000000002,0.0,8.908584169453738,0
2021-01-04,辣椒类,58.50500000000004,989.1725999999998,0.0,16.907488248867605,0
2021-01-04,食用菌,95.49899999999998,838.3733999999995,0.8109999999999999,8.778870982942227,0
2021-01-05,花叶类,154.65400000000002,709.0251999999996,0.0,4.584590117294085,1
2021-01-05,花菜类,49.04899999999999,429.084,3.997,8.748068258272342,1
2021-01-05,水生根茎类,89.14399999999999,777.9869999999996,0.0,8.727306380687423,1
2021-01-05,茄类,14.439,128.986,0.0,8.933167116836346,1
2021-01-05,辣椒类,37.55600000000002,728.4130000000001,0.0,19.395382894876978,1
2021-01-05,食用菌,83.70499999999998,757.7943999999995,0.644,9.053155725464425,1
2021-01-06,花叶类,176.8239999999999,721.8798000000003,0.0,4.082476360675026,2
2021-01-06,花菜类,51.71100000000002,439.13,10.428,8.492003635590104,2
2021-01-06,水生根茎类,49.852,436.27699999999993,0.0,8.75144427505416,2
2021-01-06,茄类,13.689,133.28199999999998,0.0,9.736430710789683,2
2021-01-06,辣椒类,44.528000000000006,832.8801999999998,0.0,18.704639777218823,2
2021-01-06,食用菌,81.46200000000002,760.2541999999997,0.985,9.332623800054007,2
2021-01-07,花叶类,161.62799999999996,756.4825999999994,0.0,4.68039324869453,3
2021-01-07,花菜类,42.42700000000001,379.62600000000015,0.0,8.947745539397085,3
2021-01-07,水生根茎类,54.723,502.22499999999985,0.0,9.177585293203952,3
2021-01-07,茄类,12.560000000000002,123.06800000000003,0.0,9.798407643312101,3
2021-01-07,辣椒类,50.18299999999999,889.2625999999995,17.566,17.720395353007984,3
2021-01-07,食用菌,96.00199999999991,935.4933999999994,1.878,9.744519905835297,3
2021-01-08,花叶类,234.46199999999993,1025.355,0.0,4.373224659006578,4
2021-01-08,花菜类,29.702999999999992,287.14900000000006,0.0,9.667339999326671,4
2021-01-08,水生根茎类,53.903999999999996,455.22599999999983,0.0,8.445124666073015,4
2021-01-08,茄类,12.049,119.38699999999999,0.0,9.908457133372064,4
2021-01-08,辣椒类,37.342,725.6311999999999,10.824,19.432038990948527,4
2021-01-08,食用菌,90.41500000000003,808.2599999999998,0.0,8.939445888403467,4
2021-01-09,花叶类,233.42700000000008,1205.1096,0.0,5.16268298011798,5
2021-01-09,花菜类,47.18800000000004,525.9280000000001,0.0,11.145375943036358,5
2021-01-09,水生根茎类,90.49,810.5819999999994,0.0,8.957696983092049,5
2021-01-09,茄类,17.964999999999996,179.00400000000002,0.0,9.964041191205125,5
2021-01-09,辣椒类,78.49800000000002,1389.4341999999992,25.24,17.700249687890125,5
2021-01-09,食用菌,129.83300000000003,1199.1510000000003,0.0,9.236103301934023,5
2021-01-10,花叶类,250.64499999999992,1093.613199999999,0.0,4.363195754952221,6
2021-01-10,花菜类,57.69599999999999,649.7779999999999,0.0,11.262097892401552,6
2021-01-10,水生根茎类,79.56300000000002,727.4179999999992,0.0,9.14266681749053,6
2021-01-10,茄类,23.755000000000006,235.0330000000001,0.0,9.894043359292782,6
2021-01-10,辣椒类,68.36499999999997,1300.1861999999994,0.0,19.018301762597822,6
2021-01-10,食用菌,137.98599999999996,1401.8242000000005,0.0,10.15917701795835,6
2021-01-11,花叶类,182.2039999999998,778.0853999999999,0.0,4.2704078944479855,0
2021-01-11,花菜类,28.86200000000001,339.0259999999999,0.0,11.746448617559414,0
2021-01-11,水生根茎类,47.91099999999999,407.9879999999998,0.0,8.515539228987079,0
2021-01-11,茄类,15.841000000000001,156.62800000000001,0.0,9.88750710182438,0
2021-01-11,辣椒类,46.76799999999999,922.2997999999994,0.0,19.720744953814567,0
2021-01-11,食用菌,81.66999999999997,782.5883999999994,0.0,9.582323986776046,0
2021-01-12,花叶类,173.44899999999987,741.7301999999993,0.853,4.276359045021879,1
2021-01-12,花菜类,18.847,235.88700000000003,0.0,12.515891123255692,1
2021-01-12,水生根茎类,55.59499999999999,526.5019999999998,0.0,9.470312078424318,1
2021-01-12,茄类,6.304,63.040000000000006,0.0,10.0,1
2021-01-12,辣椒类,35.595,746.7238,0.0,20.97833403567917,1
2021-01-12,食用菌,73.28299999999997,755.0019999999998,0.0,10.302553116002349,1
2021-01-13,花叶类,172.10099999999997,816.0731999999982,0.0,4.741827182875163,2
2021-01-13,花菜类,25.300999999999995,305.3543999999999,1.4529999999999998,12.068866843207775,2
2021-01-13,水生根茎类,40.61599999999999,395.36000000000007,0.0,9.734094937955488,2
2021-01-13,茄类,0.0,0.0,0.0,,2
2021-01-13,辣椒类,37.06500000000001,749.0260000000003,0.0,20.208444624308648,2
2021-01-13,食用菌,76.68399999999998,779.5429999999997,0.0,10.16565385217255,2
2021-01-14,花叶类,148.94699999999997,761.9669999999985,0.0,5.115692158955861,3
2021-01-14,花菜类,34.11900000000001,408.191,3.033,11.963744541164743,3
2021-01-14,水生根茎类,43.510000000000005,400.16499999999985,0.0,9.19708113077453,3
2021-01-14,茄类,18.642999999999997,171.17400000000004,0.0,9.181676768760395,3
2021-01-14,辣椒类,39.296,828.2590000000002,0.0,21.07743790716613,3
2021-01-14,食用菌,75.96299999999998,812.0379999999998,0.0,10.689914826955228,3
2021-01-15,花叶类,171.21300000000016,899.3303999999988,0.0,5.252699269331172,4
2021-01-15,花菜类,30.978999999999992,385.20700000000005,0.652,12.434455598954136,4
2021-01-15,水生根茎类,51.42799999999999,466.5949999999998,0.0,9.072781364237379,4
2021-01-15,茄类,14.644,135.71200000000002,0.0,9.26741327506146,4
2021-01-15,辣椒类,39.211000000000006,755.9859999999996,0.0,19.27994695366095,4
2021-01-15,食用菌,101.38300000000001,1069.2339999999997,0.0,10.546482151840047,4
2021-01-16,花叶类,252.82499999999985,1387.8049999999992,0.0,5.489192128942944,5
2021-01-16,花菜类,45.80700000000002,570.1609999999998,0.0,12.447027746850909,5
2021-01-16,水生根茎类,82.62400000000001,755.7969999999995,0.0,9.147426897753672,5
2021-01-16,茄类,20.108999999999998,183.42300000000003,0.0,9.121438162017009,5
2021-01-16,辣椒类,76.17399999999998,1452.269799999999,0.0,19.065163966707793,5
2021-01-16,食用菌,150.0149999999999,1398.2766000000017,0.0,9.320911908809137,5
2021-01-17,花叶类,228.99100000000013,1196.0909999999976,0.0,5.223310086422597,6
2021-01-17,花菜类,45.210000000000015,601.6601999999998,0.0,13.308122096881212,6
2021-01-17,水生根茎类,67.482,660.1639999999994,0.0,9.782816158382968,6
2021-01-17,茄类,24.612999999999992,227.12700000000007,0.0,9.227928330557027,6
2021-01-17,辣椒类,74.5340000000001,1643.2842000000007,0.0,22.047444119462238,6
2021-01-17,食用菌,141.49200000000005,1245.6993999999988,0.0,8.804027082803257,6
2021-01-18,花叶类,167.11899999999994,1106.773799999999,0.0,6.622668876668717,0
2021-01-18,花菜类,33.169999999999995,424.4419999999999,6.766000000000001,12.795960205004521,0
2021-01-18,水生根茎类,48.09500000000001,458.2979999999999,0.0,9.52901549017569,0
2021-01-18,茄类,10.266,103.83599999999998,0.0,10.114552893045001,0
2021-01-18,辣椒类,48.166000000000004,1024.5664000000002,0.0,21.27156915666653,0
2021-01-18,食用菌,72.53199999999997,711.6725999999995,0.0,9.81184304858545,0
2021-01-19,花叶类,216.05499999999998,1039.9639999999988,0.0,4.81342250815764,1
2021-01-19,花菜类,33.818,419.34000000000015,4.941,12.39990537583536,1
2021-01-19,水生根茎类,42.265000000000015,403.18199999999996,0.0,9.53938246776292,1
2021-01-19,茄类,9.303999999999998,94.22499999999998,0.0,10.127364574376612,1
2021-01-19,辣椒类,50.82699999999999,1120.5839999999996,0.0,22.047022251952697,1
2021-01-19,食用菌,74.43100000000001,633.9358000000002,0.0,8.517093684083246,1
2021-01-20,花叶类,197.82400000000007,1148.1550999999986,0.471,5.803922173244896,2
2021-01-20,花菜类,33.62700000000001,436.85,0.0,12.991048859547384,2
2021-01-20,水生根茎类,44.54600000000001,431.9039999999998,0.0,9.695685358954783,2
2021-01-20,茄类,19.321,196.40600000000003,0.0,10.165415868743855,2
2021-01-20,辣椒类,51.05799999999999,1132.4637999999995,0.0,22.179948294096903,2
2021-01-20,食用菌,90.13099999999999,844.8263999999995,0.0,9.37331661692425,2
2021-01-21,花叶类,219.93000000000004,1127.9329999999982,0.0,5.128600009093794,3
2021-01-21,花菜类,27.552999999999994,358.7419999999999,0.0,13.020070409755743,3
2021-01-21,水生根茎类,48.089,463.746,0.0,9.64349435421822,3
2021-01-21,茄类,23.410999999999998,240.78500000000003,0.0,10.285122378369145,3
2021-01-21,辣椒类,57.724000000000004,1358.3963999999999,0.0,23.532610352712904,3
2021-01-21,食用菌,63.013000000000034,584.0122000000001,0.0,9.268122450922823,3
2021-01-22,花叶类,218.13600000000022,1295.8023999999996,0.0,5.940341805112399,4
2021-01-22,花菜类,32.63600000000001,421.646,0.0,12.9196592719696,4
2021-01-22,水生根茎类,48.728000000000016,466.808,0.0,9.579871942209815,4
2021-01-22,茄类,12.333,112.76299999999999,0.0,9.143193059271871,4
2021-01-22,辣椒类,54.45000000000001,1152.1048000000003,11.227999999999996,21.158949494949496,4
2021-01-22,食用菌,88.79600000000005,883.9341999999998,0.0,9.95466237217892,4
2021-01-23,花叶类,214.81500000000028,1125.9847999999977,0.0,5.2416488606475165,5
2021-01-23,花菜类,48.217999999999996,604.2440000000003,0.0,12.531502758306033,5
2021-01-23,水生根茎类,66.893,659.2359999999993,0.0,9.85508199662146,5
2021-01-23,茄类,20.333,189.31700000000004,0.0,9.310824767619144,5
2021-01-23,辣椒类,87.038,1737.4953999999989,40.65199999999999,19.96249224476664,5
2021-01-23,食用菌,117.52099999999993,1200.5260000000003,0.0,10.215416819121698,5
2021-01-24,花叶类,350.3419999999998,1945.4789999999964,0.0,5.553085270963794,6
2021-01-24,花菜类,56.08600000000003,727.4839999999996,0.0,12.970866169810634,6
2021-01-24,水生根茎类,88.664,864.7419999999989,0.0,9.753022647297652,6
2021-01-24,茄类,23.807,219.60099999999997,0.0,9.224219767295333,6
2021-01-24,辣椒类,99.11499999999995,1912.9851999999998,21.532999999999994,19.300662866367357,6
2021-01-24,食用菌,127.93399999999997,1285.3666000000003,0.0,10.047107102099524,6
2021-01-25,花叶类,224.14899999999992,1167.5399999999988,0.0,5.208767382410803,0
2021-01-25,花菜类,34.55400000000002,408.4852,0.0,11.821647276726276,0
2021-01-25,水生根茎类,86.89200000000002,853.7919999999991,0.0,9.825898816922143,0
2021-01-25,茄类,20.040999999999997,189.41099999999994,0.0,9.45117509106332,0
2021-01-25,辣椒类,68.68099999999995,1389.4488000000003,0.0,20.230468397373382,0
2021-01-25,食用菌,79.11599999999997,888.5815999999993,0.0,11.231376712675054,0
2021-01-26,花叶类,215.6429999999998,1146.665399999999,0.0,5.317424632378515,1
2021-01-26,花菜类,36.85700000000001,436.5835999999999,0.0,11.845337385028616,1
2021-01-26,水生根茎类,59.222,567.56,0.0,9.583600688933165,1
2021-01-26,茄类,16.078,152.33999999999997,0.0,9.475059086951113,1
2021-01-26,辣椒类,57.95400000000001,1212.6491999999998,0.0,20.92433999378817,1
2021-01-26,食用菌,101.36199999999997,944.9024999999997,0.253,9.322058562380379,1
2021-01-27,花叶类,208.029,1220.9489999999992,0.0,5.869128823385197,2
2021-01-27,花菜类,50.98599999999999,539.164,0.0,10.574746008708274,2
2021-01-27,水生根茎类,50.07499999999999,491.67999999999984,0.0,9.818871692461308,2
2021-01-27,茄类,11.937,114.045,0.0,9.553908017089721,2
2021-01-27,辣椒类,105.09400000000004,1750.9001999999991,0.0,16.660325042343032,2
2021-01-27,食用菌,108.756,1086.4283999999998,0.0,9.989595056824449,2
2021-01-28,花叶类,160.38400000000004,989.4407999999988,0.0,6.169198922585785,3
2021-01-28,花菜类,47.788000000000004,527.2500000000001,0.0,11.033104545074078,3
2021-01-28,水生根茎类,58.17999999999997,578.4960000000001,0.0,9.943210725335174,3
2021-01-28,茄类,17.792,185.162,0.0,10.407036870503596,3
2021-01-28,辣椒类,70.07499999999999,1345.6931999999995,0.0,19.203613271494824,3
2021-01-28,食用菌,80.92700000000002,838.732399999999,0.0,10.36406143808616,3
2021-01-29,花叶类,151.962,838.3593999999995,0.0,5.5169015938195045,4
2021-01-29,花菜类,56.58799999999999,567.098,0.0,10.021523998020783,4
2021-01-29,水生根茎类,48.372000000000014,465.07399999999984,0.0,9.614529066402044,4
2021-01-29,茄类,15.072000000000001,154.72799999999995,0.0,10.265923566878977,4
2021-01-29,辣椒类,66.02899999999997,1214.875799999999,0.0,18.3991246270578,4
2021-01-29,食用菌,69.32399999999997,811.3957999999999,0.0,11.704399630719523,4
2021-01-30,花叶类,236.77699999999996,1240.2451999999994,40.883999999999986,5.238030720889274,5
2021-01-30,花菜类,63.124,631.24,0.0,10.0,5
2021-01-30,水生根茎类,39.937999999999995,390.78599999999983,0.0,9.784816465521555,5
2021-01-30,茄类,23.084000000000007,279.61600000000004,0.0,12.112978686536128,5
2021-01-30,辣椒类,91.796,1691.7537999999986,0.0,18.429493659854444,5
2021-01-30,食用菌,94.90400000000002,1033.2051999999987,0.0,10.886845654556167,5
2021-01-31,花叶类,249.26899999999983,1405.818399999999,0.0,5.639764270727607,6
2021-01-31,花菜类,37.907,379.0700000000001,0.0,10.000000000000004,6
2021-01-31,水生根茎类,47.573,455.30399999999986,0.0,9.57063880772707,6
2021-01-31,茄类,24.61,276.7699999999999,0.0,11.246241365298657,6
2021-01-31,辣椒类,84.45100000000005,1562.9996000000003,0.0,18.50776900214325,6
2021-01-31,食用菌,104.05400000000003,1160.3585999999998,0.417,11.151504026755333,6
2021-02-01,花叶类,181.62100000000004,914.8341999999989,0.0,5.037050781572608,0
2021-02-01,花菜类,25.144000000000005,251.43999999999994,0.0,9.999999999999995,0
2021-02-01,水生根茎类,50.34,467.5009999999998,0.0,9.286869288835911,0
2021-02-01,茄类,13.664,174.77399999999994,0.0,12.790837236533955,0
2021-02-01,辣椒类,71.64000000000003,1241.2153999999998,0.0,17.32573143495253,0
2021-02-01,食用菌,69.564,798.2627999999995,1.9,11.475228566499908,0
2021-02-02,花叶类,193.79100000000005,923.6397999999975,0.0,4.766164579366417,1
2021-02-02,花菜类,41.32799999999999,413.28000000000003,0.0,10.000000000000004,1
2021-02-02,水生根茎类,47.322999999999986,427.8899999999998,0.0,9.041903514147453,1
2021-02-02,茄类,24.133000000000003,323.99000000000007,0.0,13.425185430737995,1
2021-02-02,辣椒类,92.145,1498.7264,0.0,16.264869499158934,1
2021-02-02,食用菌,88.04799999999996,866.5927999999996,0.0,9.84227693985099,1
2021-02-03,花叶类,223.10200000000015,980.7559999999983,2.566,4.395998242956126,2
2021-02-03,花菜类,84.61500000000002,697.9170000000001,0.0,8.248147491579507,2
2021-02-03,水生根茎类,36.09100000000001,326.4819999999999,0.0,9.0460779695769,2
2021-02-03,茄类,14.938000000000002,194.19799999999998,0.0,13.000267773463646,2
2021-02-03,辣椒类,79.05300000000001,1370.2106000000003,0.0,17.332809634042984,2
2021-02-03,食用菌,91.56399999999995,973.4815999999993,1.6099999999999999,10.631706784325715,2
2021-02-04,花叶类,197.83200000000002,1015.6079999999982,0.0,5.133689190828572,3
2021-02-04,花菜类,69.98300000000006,580.868,0.0,8.30013003157909,3
2021-02-04,水生根茎类,61.39999999999999,550.876,0.0,8.971921824104236,3
2021-02-04,茄类,27.716,342.5400000000001,0.0,12.358926251984416,3
2021-02-04,辣椒类,96.19399999999995,1677.4797999999998,0.0,17.438507599226572,3
2021-02-04,食用菌,111.06900000000002,1187.9912,0.0,10.695974574363682,3
2021-02-05,花叶类,194.29200000000006,1055.123999999998,0.0,5.430609597924761,4
2021-02-05,花菜类,58.16900000000004,482.4920000000001,0.0,8.294658666987566,4
2021-02-05,水生根茎类,56.38999999999999,545.3359999999998,0.0,9.670792693740022,4
2021-02-05,茄类,25.906000000000002,336.96299999999997,0.0,13.007141202810157,4
2021-02-05,辣椒类,124.44799999999987,2152.8443999999986,0.0,17.29914823862176,4
2021-02-05,食用菌,95.222,1139.6712000000005,0.0,11.968570288378741,4
2021-02-06,花叶类,212.8170000000001,1042.608999999998,0.0,4.899087009026523,5
2021-02-06,花菜类,75.49699999999999,631.7509999999997,0.0,8.367895413062769,5
2021-02-06,水生根茎类,55.47199999999999,552.2679999999998,0.0,9.95579751946928,5
2021-02-06,茄类,39.051,474.408,0.0,12.148421295229316,5
2021-02-06,辣椒类,194.84199999999987,2739.197400000002,0.0,14.058557189928269,5
2021-02-06,食用菌,119.69600000000003,1280.1150000000007,0.0,10.694718286325362,5
2021-02-07,花叶类,193.77800000000008,893.1199999999992,0.0,4.608985540154191,6
2021-02-07,花菜类,53.681999999999995,463.14799999999997,0.0,8.627621921686972,6
2021-02-07,水生根茎类,101.52700000000002,1108.6009999999999,0.0,10.919272705782696,6
2021-02-07,茄类,43.63500000000002,579.0300000000002,0.0,13.269852182880713,6
2021-02-07,辣椒类,159.90399999999977,2691.236799999995,0.0,16.830328196918146,6
2021-02-07,食用菌,147.81200000000007,1539.408800000002,0.0,10.414640218656139,6
2021-02-08,花叶类,234.405,1232.673599999998,0.0,5.258734242017013,0
2021-02-08,花菜类,122.21500000000005,961.7939999999995,0.0,7.869688663421013,0
2021-02-08,水生根茎类,124.54999999999995,1386.6640000000016,0.0,11.133392211963084,0
2021-02-08,茄类,58.32600000000003,775.5639999999996,0.0,13.297054486849762,0
2021-02-08,辣椒类,289.22700000000003,4716.901399999998,0.0,16.308648224405044,0
2021-02-08,食用菌,240.20500000000007,2369.9810000000057,0.0,9.866493203721841,0
2021-02-09,花叶类,282.55799999999994,1807.8899999999965,0.0,6.398296986813316,1
2021-02-09,花菜类,139.0560000000001,1149.5849999999998,0.0,8.267065067311004,1
2021-02-09,水生根茎类,211.43099999999995,2786.782000000007,0.0,13.180574277187393,1
2021-02-09,茄类,87.91199999999999,1080.738,0.0,12.293407043407045,1
2021-02-09,辣椒类,423.69599999999997,8576.881599999999,0.0,20.243008194554584,1
2021-02-09,食用菌,326.9929999999999,3373.531400000007,0.0,10.316830635518217,1
2021-02-10,花叶类,499.8479999999994,3628.338000000001,0.0,7.258882700340915,2
2021-02-10,花菜类,167.0550000000001,1508.2579999999982,0.0,9.028511568046437,2
2021-02-10,水生根茎类,296.792,4272.252000000002,0.0,14.39476805304726,2
2021-02-10,茄类,118.93099999999995,1433.7473999999997,0.0,12.055287519654255,2
2021-02-10,辣椒类,505.888000000001,12406.85060000001,0.0,24.524896024416446,2
2021-02-10,食用菌,511.1360000000001,5487.060799999998,0.0,10.735030989795275,2
2021-02-11,花叶类,0.0,0.0,0.0,,3
2021-02-11,花菜类,0.0,0.0,0.0,,3
2021-02-11,水生根茎类,0.0,0.0,0.0,,3
2021-02-11,茄类,0.0,0.0,0.0,,3
2021-02-11,辣椒类,0.0,0.0,0.0,,3
2021-02-11,食用菌,0.0,0.0,0.0,,3
2021-02-12,花叶类,0.0,0.0,0.0,,4
2021-02-12,花菜类,0.0,0.0,0.0,,4
2021-02-12,水生根茎类,0.0,0.0,0.0,,4
2021-02-12,茄类,0.0,0.0,0.0,,4
2021-02-12,辣椒类,0.0,0.0,0.0,,4
2021-02-12,食用菌,0.0,0.0,0.0,,4
2021-02-13,花叶类,243.4849999999998,1814.1525999999974,0.0,7.450777665975313,5
2021-02-13,花菜类,22.759,182.072,0.0,8.0,5
2021-02-13,水生根茎类,50.0,644.9999999999994,0.0,12.899999999999988,5
2021-02-13,茄类,28.96699999999999,347.60400000000004,0.0,12.000000000000005,5
2021-02-13,辣椒类,104.48499999999993,2624.4228,0.0,25.11769919127149,5
2021-02-13,食用菌,74.51900000000002,923.1535999999999,13.926999999999998,12.38816409237912,5
2021-02-14,花叶类,195.73999999999992,1281.9579999999992,75.72200000000002,6.54928987432308,6
2021-02-14,花菜类,16.607,138.567,4.915000000000001,8.343891130246282,6
2021-02-14,水生根茎类,65.073,927.0639999999997,30.182,14.246523135555451,6
2021-02-14,茄类,25.059999999999995,300.71999999999997,0.0,12.000000000000002,6
2021-02-14,辣椒类,116.81200000000001,2878.094199999998,48.11099999999999,24.638686093894446,6
2021-02-14,食用菌,164.586,1306.5456000000008,0.0,7.938376289599363,6
2021-02-15,花叶类,300.13,1664.2621999999983,9.0,5.545137773631421,0
2021-02-15,花菜类,41.12299999999999,327.813,0.0,7.971524451037134,0
2021-02-15,水生根茎类,68.394,948.2239999999994,0.0,13.864140129251094,0
2021-02-15,茄类,39.65500000000001,475.86,0.0,11.999999999999998,0
2021-02-15,辣椒类,168.27199999999993,3213.7122000000027,0.0,19.09831819910623,0
2021-02-15,食用菌,210.74500000000006,1797.5466000000063,0.0,8.529486346058059,0
2021-02-16,花叶类,253.69599999999977,1518.1286,0.0,5.984046260090823,1
2021-02-16,花菜类,40.49299999999999,337.3440000000001,0.0,8.330921393821159,1
2021-02-16,水生根茎类,67.81900000000002,949.4660000000002,0.0,14.0,1
2021-02-16,茄类,31.64699999999999,379.7639999999999,0.0,12.0,1
2021-02-16,辣椒类,151.64899999999997,2974.402800000001,0.0,19.613731709407922,1
2021-02-16,食用菌,174.61000000000004,1462.5614000000007,0.0,8.376160586449805,1
2021-02-17,花叶类,180.05199999999996,943.6823999999987,0.0,5.241165885410875,2
2021-02-17,花菜类,33.58899999999999,255.79300000000003,0.0,7.615380035130552,2
2021-02-17,水生根茎类,53.631999999999984,643.5840000000001,0.0,12.000000000000005,2
2021-02-17,茄类,30.358000000000004,364.29600000000005,0.0,12.0,2
2021-02-17,辣椒类,133.64599999999996,2373.1405999999997,0.0,17.756914535414456,2
2021-02-17,食用菌,144.79299999999992,1420.027400000002,0.0,9.807293170249961,2
2021-02-18,花叶类,227.33600000000018,1299.1449999999986,0.0,5.714647042263423,3
2021-02-18,花菜类,56.001000000000005,366.7560000000001,0.0,6.549097337547545,3
2021-02-18,水生根茎类,62.32699999999999,747.9240000000003,0.0,12.000000000000007,3
2021-02-18,茄类,18.170000000000005,218.04,0.0,11.999999999999996,3
2021-02-18,辣椒类,105.69699999999997,1851.734,0.0,17.519267339659596,3
2021-02-18,食用菌,130.174,1222.3283999999994,0.0,9.389958056140237,3
2021-02-19,花叶类,184.169,994.0221999999987,0.0,5.397337228306602,4
2021-02-19,花菜类,47.196999999999996,285.2290000000001,0.0,6.043371400724625,4
2021-02-19,水生根茎类,73.04399999999997,693.0300000000002,19.412999999999997,9.487842943978979,4
2021-02-19,茄类,13.769000000000002,160.8572,0.0,11.68256227758007,4
2021-02-19,辣椒类,116.06999999999994,1255.0167999999996,0.0,10.812585508744727,4
2021-02-19,食用菌,92.327,785.2095999999998,0.0,8.504658442275822,4
2021-02-20,花叶类,175.26199999999992,1075.3955999999985,0.0,6.13593134849539,5
2021-02-20,花菜类,39.44500000000001,255.50699999999998,0.0,6.477551020408161,5
2021-02-20,水生根茎类,60.612,726.4999999999999,0.0,11.986075364614265,5
2021-02-20,茄类,21.797999999999995,238.36380000000003,0.0,10.935122488301683,5
2021-02-20,辣椒类,119.3059999999999,1420.913799999999,0.0,11.909826831844166,5
2021-02-20,食用菌,88.79400000000005,827.3513999999997,0.0,9.317649841205478,5
2021-02-21,花叶类,144.85499999999988,896.6857999999991,0.0,6.190230230230229,6
2021-02-21,花菜类,35.24799999999999,246.91700000000003,0.0,7.005135043123016,6
2021-02-21,水生根茎类,38.55400000000001,465.296,0.0,12.068682886341232,6
2021-02-21,茄类,33.80299999999999,346.29,0.0,10.244357009732868,6
2021-02-21,辣椒类,80.42300000000007,1066.6533999999995,0.0,13.263039180333966,6
2021-02-21,食用菌,79.40299999999999,718.7455999999992,0.0,9.051869576716236,6
2021-02-22,花叶类,139.49099999999996,753.2779999999995,0.0,5.400190693306376,0
2021-02-22,花菜类,30.813,193.83999999999997,0.0,6.29085126407685,0
2021-02-22,水生根茎类,40.44400000000002,418.94000000000005,0.0,10.358520423301352,0
2021-02-22,茄类,15.470000000000002,151.6384,0.0,9.802094376212022,0
2021-02-22,辣椒类,72.83400000000006,973.7255999999998,0.0,13.369107834253219,0
2021-02-22,食用菌,66.55399999999997,584.5379999999999,0.0,8.782913123178172,0
2021-02-23,花叶类,136.05000000000004,814.9997999999998,0.0,5.990443219404628,1
2021-02-23,花菜类,24.456000000000003,153.63199999999998,0.0,6.281975793261366,1
2021-02-23,水生根茎类,44.083999999999996,507.5399999999998,0.0,11.513020597042008,1
2021-02-23,茄类,25.429,252.32299999999995,0.0,9.922647371111722,1
2021-02-23,辣椒类,85.42500000000001,865.890199999999,0.0,10.136262218320152,1
2021-02-23,食用菌,77.586,619.4121999999994,0.0,7.983556311705713,1
2021-02-24,花叶类,190.15800000000004,959.481999999999,0.0,5.045709357481666,2
2021-02-24,花菜类,37.41000000000002,224.46000000000006,0.0,5.999999999999999,2
2021-02-24,水生根茎类,54.382000000000026,587.3200000000002,0.0,10.799897024750834,2
2021-02-24,茄类,22.668000000000003,207.287,0.0,9.144476795482618,2
2021-02-24,辣椒类,60.043000000000006,684.9318000000001,0.0,11.407354729110804,2
2021-02-24,食用菌,88.23299999999998,771.2395999999992,0.0,8.74094273117767,2
2021-02-25,花叶类,156.61300000000003,867.9569999999992,0.0,5.542049510577021,3
2021-02-25,花菜类,39.885,239.31,0.0,6.0,3
2021-02-25,水生根茎类,74.02700000000003,856.6823999999997,0.0,11.572566766179898,3
2021-02-25,茄类,34.618,293.6040000000001,0.0,8.481252527586808,3
2021-02-25,辣椒类,100.11800000000008,926.3979999999991,0.0,9.25306138756266,3
2021-02-25,食用菌,110.55700000000003,849.2955999999989,0.0,7.681970386316548,3
2021-02-26,花叶类,276.3219999999995,1512.9767999999995,0.0,5.475412019310812,4
2021-02-26,花菜类,70.06400000000004,490.66800000000006,0.0,7.003139986298239,4
2021-02-26,水生根茎类,72.50800000000001,829.4799999999993,0.0,11.439841120979743,4
2021-02-26,茄类,31.28600000000001,280.03599999999994,0.0,8.950840631592401,4
2021-02-26,辣椒类,135.77699999999996,1269.9699999999982,0.0,9.353351451276716,4
2021-02-26,食用菌,159.09500000000003,1245.3274000000015,1.0,7.827570948175627,4
2021-02-27,花叶类,218.04000000000008,1185.8379999999981,0.0,5.4386259401944494,5
2021-02-27,花菜类,74.704,577.0049999999998,0.0,7.723883593917325,5
2021-02-27,水生根茎类,45.650999999999996,494.2099999999999,0.0,10.825830759457624,5
2021-02-27,茄类,22.579,186.376,0.0,8.254395677399353,5
2021-02-27,辣椒类,122.32200000000009,1106.2047999999995,0.0,9.043383855725043,5
2021-02-27,食用菌,116.81399999999998,921.1039999999986,0.0,7.885219237420161,5
2021-02-28,花叶类,305.64699999999993,1446.1797999999976,0.0,4.731536053028487,6
2021-02-28,花菜类,54.38199999999995,407.9007999999999,0.0,7.500658306057156,6
2021-02-28,水生根茎类,49.705,495.14999999999975,0.0,9.961774469369274,6
2021-02-28,茄类,27.705,252.25199999999995,0.0,9.10492690850027,6
2021-02-28,辣椒类,114.67699999999999,1061.4207999999987,0.0,9.255742651098291,6
2021-02-28,食用菌,111.76399999999995,851.8353999999985,0.0,7.621733295157643,6
2021-03-01,花叶类,241.70900000000026,1334.8659999999986,0.0,5.52261603829397,0
2021-03-01,花菜类,28.579000000000008,230.26999999999998,0.0,8.05731481157493,0
2021-03-01,水生根茎类,29.048000000000002,289.97999999999996,0.0,9.982787110988706,0
2021-03-01,茄类,27.232,226.77599999999995,0.0,8.32755581668625,0
2021-03-01,辣椒类,97.06800000000007,809.9519999999995,0.0,8.34417109655086,0
2021-03-01,食用菌,79.40400000000001,653.6787999999991,0.0,8.232315752355033,0
2021-03-02,花叶类,182.98399999999998,1158.5063999999984,0.0,6.331189612206524,1
2021-03-02,花菜类,40.610000000000014,330.16799999999995,0.0,8.130214232947546,1
2021-03-02,水生根茎类,46.406,461.5599999999997,0.0,9.946127655906558,1
2021-03-02,茄类,16.540999999999997,132.83999999999997,0.0,8.030953388549664,1
2021-03-02,辣椒类,83.363,729.2652,0.0,8.748068087760759,1
2021-03-02,食用菌,62.044,549.2721999999997,0.0,8.852946296176901,1
2021-03-03,花叶类,186.0079999999998,1202.3299999999997,0.0,6.463861769386268,2
2021-03-03,花菜类,22.010000000000005,186.7806,0.0,8.486169922762379,2
2021-03-03,水生根茎类,20.757000000000005,206.27000000000004,0.0,9.93737052560582,2
2021-03-03,茄类,23.653999999999996,220.226,0.0,9.31030692483301,2
2021-03-03,辣椒类,80.74899999999998,733.8635999999995,0.0,9.088206665098015,2
2021-03-03,食用菌,71.02699999999996,526.7039999999996,0.0,7.415546200740562,2
2021-03-04,花叶类,145.28099999999998,826.6525999999994,0.0,5.690025536718494,3
2021-03-04,花菜类,18.951999999999998,157.2054,0.0,8.294924018573239,3
2021-03-04,水生根茎类,28.177000000000003,280.77000000000004,0.0,9.964510061397593,3
2021-03-04,茄类,20.343999999999998,175.22699999999998,0.0,8.613202909948878,3
2021-03-04,辣椒类,93.07600000000005,586.6376,0.0,6.302780523443205,3
2021-03-04,食用菌,72.46500000000003,518.8529999999996,0.0,7.1600496791554455,3
2021-03-05,花叶类,211.18500000000012,1031.8945999999983,0.0,4.88621161540828,4
2021-03-05,花菜类,41.95499999999999,344.3979999999999,0.0,8.208747467524729,4
2021-03-05,水生根茎类,35.138000000000005,349.6799999999999,0.0,9.95161932950082,4
2021-03-05,茄类,22.986,183.888,0.0,8.0,4
2021-03-05,辣椒类,101.49800000000009,751.276,0.0,7.40187983999684,4
2021-03-05,食用菌,82.585,663.8939999999997,0.0,8.038917478961068,4
2021-03-06,花叶类,288.81699999999995,1462.1031999999993,0.0,5.0623862168778135,5
2021-03-06,花菜类,64.332,527.4452000000001,0.0,8.19879997512902,5
2021-03-06,水生根茎类,61.735,613.8499999999993,0.0,9.943306066250901,5
2021-03-06,茄类,38.176000000000016,305.40800000000013,0.0,8.0,5
2021-03-06,辣椒类,167.58300000000028,1248.3700000000013,0.0,7.449263946820376,5
2021-03-06,食用菌,151.21400000000008,1130.8699999999997,0.0,7.478606478236136,5
2021-03-07,花叶类,257.8090000000002,1158.7531999999994,2.0,4.494618884523033,6
2021-03-07,花菜类,84.586,561.3356000000001,0.0,6.636270777670065,6
2021-03-07,水生根茎类,36.888999999999996,367.8900000000001,0.0,9.972891647916727,6
2021-03-07,茄类,26.748000000000005,236.94800000000004,0.0,8.858531478989082,6
2021-03-07,辣椒类,122.5680000000001,956.1306000000001,0.0,7.80081750538476,6
2021-03-07,食用菌,125.42800000000004,891.0619999999986,0.0,7.104171317409178,6
2021-03-08,花叶类,211.74600000000018,1129.3341999999989,0.0,5.3334381759277525,0
2021-03-08,花菜类,45.650000000000006,323.4144,0.0,7.084652792990141,0
2021-03-08,水生根茎类,26.92099999999999,268.91,0.0,9.988856283198995,0
2021-03-08,茄类,19.81499999999999,177.40699999999998,0.0,8.953166792833715,0
2021-03-08,辣椒类,80.39900000000002,582.7693999999997,0.0,7.248465776937519,0
2021-03-08,食用菌,78.721,646.0639999999994,0.0,8.20700956542726,0
2021-03-09,花叶类,170.907,914.3913999999991,0.0,5.350227901724324,1
2021-03-09,花菜类,34.07300000000001,241.63200000000006,0.0,7.091597452528395,1
2021-03-09,水生根茎类,42.608,389.86399999999986,0.0,9.150018775816745,1
2021-03-09,茄类,20.837999999999997,182.706,0.0,8.767923985027354,1
2021-03-09,辣椒类,66.89499999999998,590.8882000000003,0.0,8.83306973615368,1
2021-03-09,食用菌,143.51100000000002,655.2059999999996,0.0,4.565545498254485,1
2021-03-10,花叶类,119.59900000000003,674.7836,0.0,5.642050518817046,2
2021-03-10,花菜类,25.101,197.31100000000006,0.0,7.860682841321066,2
2021-03-10,水生根茎类,24.890999999999995,199.12799999999996,0.0,8.0,2
2021-03-10,茄类,14.35,114.8,0.0,8.0,2
2021-03-10,辣椒类,59.54799999999999,483.25319999999994,0.0,8.115355679451872,2
2021-03-10,食用菌,91.99399999999997,518.7110000000001,0.0,5.638530773746117,2
2021-03-11,花叶类,158.357,963.0019999999989,0.0,6.081208914036001,3
2021-03-11,花菜类,30.749000000000002,257.84300000000013,0.0,8.385410907671798,3
2021-03-11,水生根茎类,31.801000000000002,288.34060000000005,0.0,9.067029338700042,3
2021-03-11,茄类,16.370000000000005,147.043,0.0,8.982467929138666,3
2021-03-11,辣椒类,57.35699999999999,495.2164000000002,0.0,8.633931342294755,3
2021-03-11,食用菌,75.47700000000003,551.5097999999999,0.0,7.3069915338447435,3
2021-03-12,花叶类,152.43999999999997,975.3531999999984,0.0,6.398276043033316,4
2021-03-12,花菜类,31.282,267.604,0.0,8.554568122242824,4
2021-03-12,水生根茎类,21.763999999999996,183.91200000000003,0.0,8.450284874104028,4
2021-03-12,茄类,23.836,214.49099999999996,0.0,8.998615539520053,4
2021-03-12,辣椒类,102.13100000000007,695.6809999999998,0.0,6.811653660494848,4
2021-03-12,食用菌,84.232,665.9981999999993,0.0,7.906712413334591,4
2021-03-13,花叶类,169.055,1138.2033999999983,0.0,6.7327402324687124,5
2021-03-13,花菜类,43.01700000000001,381.0880000000002,0.0,8.859009228909503,5
2021-03-13,水生根茎类,47.086000000000006,517.2600000000001,0.0,10.98543091364737,5
2021-03-13,茄类,26.434000000000005,235.26100000000002,0.0,8.89993947189226,5
2021-03-13,辣椒类,104.089,817.1815999999995,0.0,7.850796914179208,5
2021-03-13,食用菌,101.86499999999997,707.573999999999,0.0,6.9461934913856505,5
2021-03-14,花叶类,176.03199999999984,1191.3325999999993,0.0,6.767704735502638,6
2021-03-14,花菜类,41.13,376.35599999999994,0.0,9.150401167031362,6
2021-03-14,水生根茎类,30.294999999999998,329.0499999999999,0.0,10.861528305000823,6
2021-03-14,茄类,17.720999999999997,164.07,0.0,9.258506856272222,6
2021-03-14,辣椒类,117.0890000000001,711.1959999999998,0.0,6.073977914236172,6
2021-03-14,食用菌,75.95000000000002,534.9999999999995,0.0,7.044107965766944,6
2021-03-15,花叶类,90.812,628.4759999999997,0.0,6.92062722988151,0
2021-03-15,花菜类,28.603,249.53799999999993,0.0,8.724189770303811,0
2021-03-15,水生根茎类,22.597000000000005,240.47000000000003,0.0,10.64167809886268,0
2021-03-15,茄类,13.657999999999998,109.26399999999998,0.0,8.0,0
2021-03-15,辣椒类,85.65600000000008,492.09960000000024,0.0,5.74506864667974,0
2021-03-15,食用菌,40.423,263.05780000000016,0.0,6.50762684610247,0
2021-03-16,花叶类,100.12099999999997,629.4895999999997,0.0,6.287288381058917,1
2021-03-16,花菜类,19.79199999999999,171.13899999999995,0.0,8.646877526273244,1
2021-03-16,水生根茎类,19.772,209.31999999999996,0.0,10.58668824600445,1
2021-03-16,茄类,13.576999999999996,110.68799999999997,0.0,8.15261103336525,1
2021-03-16,辣椒类,72.12599999999998,409.89219999999983,0.0,5.683001968776862,1
2021-03-16,食用菌,44.844,318.8598,0.0,7.110422799036661,1
2021-03-17,花叶类,107.65299999999993,699.0721999999997,0.0,6.4937549348369314,2
2021-03-17,花菜类,29.326000000000008,267.166,0.0,9.110209370524446,2
2021-03-17,水生根茎类,19.493,214.23400000000004,0.0,10.99030421176833,2
2021-03-17,茄类,19.313000000000002,154.50400000000002,0.0,8.0,2
2021-03-17,辣椒类,83.75500000000001,635.9837999999996,0.0,7.593383081607063,2
2021-03-17,食用菌,44.02900000000001,400.66959999999983,0.0,9.100129460128546,2
2021-03-18,花叶类,128.05799999999996,852.0296,0.0,6.653466398038391,3
2021-03-18,花菜类,29.081,239.657,0.0,8.241016471235515,3
2021-03-18,水生根茎类,20.852000000000004,223.01999999999998,0.0,10.695376942259733,3
2021-03-18,茄类,11.866,97.86,0.0,8.247092533288388,3
2021-03-18,辣椒类,73.73300000000003,507.1215999999996,0.0,6.877810478347543,3
2021-03-18,食用菌,65.501,462.68999999999943,0.0,7.063861620433267,3
2021-03-19,花叶类,140.89300000000006,813.717999999999,0.0,5.775432420347347,4
2021-03-19,花菜类,42.901999999999994,315.692,0.0,7.358444827746959,4
2021-03-19,水生根茎类,39.292,439.3199999999997,0.0,11.180901964776536,4
2021-03-19,茄类,16.235000000000003,133.53400000000002,0.0,8.2250692947336,4
2021-03-19,辣椒类,67.50900000000006,526.0151999999997,0.0,7.7917788739279095,4
2021-03-19,食用菌,69.14099999999999,624.0001999999996,0.0,9.025038689055693,4
2021-03-20,花叶类,267.9790000000003,1811.3623999999977,0.0,6.7593445755077655,5
2021-03-20,花菜类,34.377,289.5179999999999,0.0,8.421851819530497,5
2021-03-20,水生根茎类,39.983999999999995,458.1599999999998,0.0,11.458583433373345,5
2021-03-20,茄类,21.477000000000004,190.95200000000003,0.0,8.890999674069935,5
2021-03-20,辣椒类,117.89000000000026,812.0966000000006,0.0,6.888596148952404,5
2021-03-20,食用菌,77.23500000000003,668.4631999999992,0.0,8.654925875574532,5
2021-03-21,花叶类,199.71200000000007,1261.9890000000003,0.0,6.319044423970516,6
2021-03-21,花菜类,51.413,394.75600000000026,0.0,7.678135880030348,6
2021-03-21,水生根茎类,41.70499999999999,455.178,0.0,10.914230907565042,6
2021-03-21,茄类,17.949,151.95399999999998,0.0,8.46587553624157,6
2021-03-21,辣椒类,112.17600000000009,725.9604000000002,0.0,6.471619597774922,6
2021-03-21,食用菌,94.83799999999998,716.3891999999989,0.0,7.553820198654538,6
2021-03-22,花叶类,115.02199999999998,789.3077999999996,0.0,6.862233311888159,0
2021-03-22,花菜类,30.625000000000004,266.1004000000001,0.0,8.688992653061227,0
2021-03-22,水生根茎类,10.113,113.97400000000002,0.0,11.2700484524869,0
2021-03-22,茄类,11.561,96.358,0.0,8.334746129227575,0
2021-03-22,辣椒类,70.68900000000001,416.65140000000036,0.021,5.894147604294874,0
2021-03-22,食用菌,50.80200000000002,437.5874000000001,0.139,8.613586079288217,0
2021-03-23,花叶类,134.70600000000013,801.274,0.0,5.948317075705605,1
2021-03-23,花菜类,28.634,258.61999999999995,0.0,9.031920094991966,1
2021-03-23,水生根茎类,13.349,144.41000000000003,0.0,10.818038804404827,1
2021-03-23,茄类,19.311999999999998,162.10599999999997,0.0,8.394055509527755,1
2021-03-23,辣椒类,66.93100000000003,442.88599999999946,0.0,6.617053383335065,1
2021-03-23,食用菌,48.17400000000001,385.90919999999994,0.0,8.010736081703822,1
2021-03-24,花叶类,103.50499999999992,704.0186000000001,0.0,6.801783488720358,2
2021-03-24,花菜类,27.331,239.98200000000003,0.0,8.780578829900115,2
2021-03-24,水生根茎类,14.013,151.25400000000002,0.0,10.793834296724471,2
2021-03-24,茄类,15.113,125.69399999999999,0.0,8.316945675908158,2
2021-03-24,辣椒类,42.484000000000016,330.2934,0.0,7.774536296017322,2
2021-03-24,食用菌,35.58299999999999,342.99760000000003,0.0,9.639367113509264,2
2021-03-25,花叶类,86.63200000000003,650.1409999999996,0.0,7.504628774586751,3
2021-03-25,花菜类,25.173999999999996,222.56599999999995,0.0,8.841105902915706,3
2021-03-25,水生根茎类,15.827,172.666,0.0,10.909584886586213,3
2021-03-25,茄类,14.621,129.51399999999998,0.0,8.858080842623622,3
2021-03-25,辣椒类,50.79799999999999,408.78420000000017,0.0,8.047249891728026,3
2021-03-25,食用菌,46.88999999999997,416.5649999999999,0.0,8.883877159309025,3
2021-03-26,花叶类,167.32700000000008,1299.9607999999994,2.7279999999999998,7.7689840850550045,4
2021-03-26,花菜类,48.956,453.62800000000004,0.0,9.266034806765258,4
2021-03-26,水生根茎类,40.17799999999999,442.7039999999997,0.0,11.018567375180442,4
2021-03-26,茄类,21.31300000000001,182.15800000000004,0.0,8.546802421057569,4
2021-03-26,辣椒类,60.93700000000003,479.49459999999993,0.0,7.86869389697556,4
2021-03-26,食用菌,83.56200000000003,618.2997999999993,9.533,7.399293937435666,4
2021-03-27,花叶类,199.7270000000001,1471.4799999999964,0.489,7.367456578229262,5
2021-03-27,花菜类,51.80499999999999,508.62200000000024,0.0,9.8180098446096,5
2021-03-27,水生根茎类,43.19100000000001,489.4979999999999,0.0,11.333333333333329,5
2021-03-27,茄类,26.11099999999999,216.3659999999999,0.0,8.286392708054077,5
2021-03-27,辣椒类,78.79399999999998,698.8317999999996,0.0,8.869099169987559,5
2021-03-27,食用菌,69.658,523.5427999999998,15.313999999999997,7.515903413821812,5
2021-03-28,花叶类,161.16400000000007,1238.1615999999983,0.0,7.682618947159401,6
2021-03-28,花菜类,50.11899999999998,482.32399999999984,0.0,9.623575889383268,6
2021-03-28,水生根茎类,30.709999999999994,326.12000000000006,0.0,10.619342233800069,6
2021-03-28,茄类,19.627999999999997,163.62,0.0,8.336050540044836,6
2021-03-28,辣椒类,78.41,601.6105999999999,0.0,7.672625940568803,6
2021-03-28,食用菌,55.672999999999995,429.55059999999986,0.0,7.715600021554432,6
2021-03-29,花叶类,111.30800000000013,853.9465999999999,0.0,7.671924749344152,0
2021-03-29,花菜类,60.434,535.9719999999999,0.0,8.868716285534632,0
2021-03-29,水生根茎类,15.5,174.40400000000005,0.0,11.251870967741938,0
2021-03-29,茄类,16.139,135.848,0.0,8.417374062829174,0
2021-03-29,辣椒类,62.154000000000025,471.09819999999996,0.0,7.579531486308198,0
2021-03-29,食用菌,47.32700000000001,370.21699999999976,0.0,7.822532592389115,0
2021-03-30,花叶类,130.803,925.8489999999995,0.0,7.078193925215778,1
2021-03-30,花菜类,26.924000000000003,278.00800000000004,0.0,10.325657406031793,1
2021-03-30,水生根茎类,14.905,167.59400000000002,0.0,11.244146259644417,1
2021-03-30,茄类,21.407000000000004,178.872,0.0,8.355771476619797,1
2021-03-30,辣椒类,57.850999999999985,495.40039999999993,0.0,8.563385248310315,1
2021-03-30,食用菌,32.14499999999999,305.6880000000001,0.0,9.509659356042937,1
2021-03-31,花叶类,143.29399999999998,1024.0609999999992,0.0,7.146572780437418,2
2021-03-31,花菜类,28.74,301.82000000000005,0.0,10.501739735560196,2
2021-03-31,水生根茎类,19.502999999999997,233.86600000000007,0.0,11.991283392298627,2
2021-03-31,茄类,21.648999999999997,192.79000000000002,0.0,8.905261212989055,2
2021-03-31,辣椒类,59.255,482.51640000000043,0.0,8.143049531685097,2
2021-03-31,食用菌,45.089000000000006,338.80699999999985,0.0,7.514183060169882,2
2021-04-01,花叶类,162.29100000000008,1153.2735999999993,2.3760000000000003,7.106207984423035,3
2021-04-01,花菜类,39.10899999999999,350.45399999999984,0.0,8.960955278836073,3
2021-04-01,水生根茎类,20.743000000000002,263.764,0.0,12.71580774237092,3
2021-04-01,茄类,20.603999999999992,191.84399999999997,0.0,9.311007571345371,3
2021-04-01,辣椒类,52.994000000000014,428.9616,0.0,8.094531456391287,3
2021-04-01,食用菌,48.97800000000002,447.0581999999999,0.0,9.127734901384288,3
2021-04-02,花叶类,178.70999999999995,1236.0443999999998,4.199,6.916481450394494,4
2021-04-02,花菜类,69.53,494.45599999999996,0.0,7.111405148856608,4
2021-04-02,水生根茎类,37.764,452.092,0.0,11.97150725558733,4
2021-04-02,茄类,20.664999999999996,174.35799999999998,0.0,8.437357851439632,4
2021-04-02,辣椒类,70.72700000000002,605.1859999999995,0.0,8.556647390671163,4
2021-04-02,食用菌,72.57399999999998,626.0193999999997,1.0899999999999999,8.625945931049685,4
2021-04-03,花叶类,212.26699999999988,1581.0556000000006,0.0,7.448428629980174,5
2021-04-03,花菜类,68.59300000000003,566.1139999999999,0.0,8.25323283716997,5
2021-04-03,水生根茎类,38.786000000000016,387.236,0.0,9.983911720723968,5
2021-04-03,茄类,32.709999999999994,282.78399999999993,0.0,8.645184958728217,5
2021-04-03,辣椒类,100.32300000000004,881.2146000000004,0.0,8.783774408660028,5
2021-04-03,食用菌,75.73899999999999,755.2233999999992,1.7400000000000002,9.971393865775878,5
2021-04-04,花叶类,192.0210000000001,1269.6167999999998,0.0,6.611864327339193,6
2021-04-04,花菜类,71.45599999999996,565.4920000000001,0.0,7.913849081952535,6
2021-04-04,水生根茎类,33.95,339.334,0.0,9.995110456553755,6
2021-04-04,茄类,22.975999999999992,196.462,0.0,8.550748607242342,6
2021-04-04,辣椒类,88.244,685.0709999999999,0.0,7.7633720139612885,6
2021-04-04,食用菌,61.70900000000002,571.1410000000001,0.17,9.25539224424314,6
2021-04-05,花叶类,178.46899999999994,1196.645599999999,0.0,6.705061383209405,0
2021-04-05,花菜类,76.70100000000001,679.9419999999998,16.942000000000004,8.86483878958553,0
2021-04-05,水生根茎类,24.240999999999993,207.20399999999992,0.0,8.547667175446557,0
2021-04-05,茄类,16.491999999999997,141.05599999999995,0.0,8.552995391705068,0
2021-04-05,辣椒类,112.57700000000008,679.9222,0.0,6.039619105145807,0
2021-04-05,食用菌,68.04900000000002,567.7839999999998,0.0,8.34375229613954,0
2021-04-06,花叶类,55.611000000000004,324.14720000000005,4.248,5.828832425239612,1
2021-04-06,花菜类,13.129999999999999,103.40400000000001,0.0,7.875399847677077,1
2021-04-06,水生根茎类,3.6220000000000008,36.879999999999995,0.0,10.182219768083929,1
2021-04-06,茄类,3.138,26.272,0.0,8.37221159974506,1
2021-04-06,辣椒类,35.075000000000024,215.84640000000005,0.0,6.153853171774766,1
2021-04-06,食用菌,11.671000000000001,124.29999999999998,0.0,10.650329877474078,1
2021-04-07,花叶类,198.10699999999986,1341.5794,0.0,6.771993922476243,2
2021-04-07,花菜类,26.939000000000004,212.65500000000003,0.0,7.893945580756524,2
2021-04-07,水生根茎类,17.735000000000003,179.98799999999997,0.0,10.148745418663657,2
2021-04-07,茄类,16.213,118.714,0.0,7.32214889286375,2
2021-04-07,辣椒类,62.9,532.0066000000003,0.0,8.457974562798096,2
2021-04-07,食用菌,47.80500000000002,399.74199999999985,1.26,8.361928668549307,2
2021-04-08,花叶类,136.899,843.4981999999987,0.753,6.161463560727242,3
2021-04-08,花菜类,22.294,190.028,0.0,8.523728357405579,3
2021-04-08,水生根茎类,9.581999999999999,104.728,0.0,10.929659778751827,3
2021-04-08,茄类,20.31900000000001,123.74200000000003,0.0,6.0899650573354975,3
2021-04-08,辣椒类,52.59599999999997,436.3612000000003,0.0,8.29647121454104,3
2021-04-08,食用菌,35.491,314.01199999999994,0.0,8.84765151728607,3
2021-04-09,花叶类,145.02600000000007,1004.9685999999998,4.413,6.929575386482419,4
2021-04-09,花菜类,51.977999999999994,399.16299999999995,0.0,7.6794605409981145,4
2021-04-09,水生根茎类,29.704,316.4499999999999,5.077,10.653447347158627,4
2021-04-09,茄类,17.451,165.08100000000002,0.0,9.459687123947052,4
2021-04-09,辣椒类,54.274,450.1897999999999,0.0,8.294759921877876,4
2021-04-09,食用菌,31.400999999999996,323.2109999999999,0.0,10.29301614598261,4
2021-04-10,花叶类,203.92999999999995,1304.5229999999985,0.0,6.396915608296959,5
2021-04-10,花菜类,50.18600000000002,379.74,0.0,7.566652054357786,5
2021-04-10,水生根茎类,22.752999999999997,261.89700000000005,0.0,11.510438183975744,5
2021-04-10,茄类,25.524999999999988,259.87800000000004,0.0,10.181312438785511,5
2021-04-10,辣椒类,84.84000000000006,627.9862000000003,0.0,7.402006129184345,5
2021-04-10,食用菌,60.28700000000002,546.9909999999998,0.0,9.073116924046637,5
2021-04-11,花叶类,211.61899999999997,1424.2647999999986,0.0,6.730325726895972,6
2021-04-11,花菜类,47.111999999999995,325.41800000000006,0.0,6.90732722024113,6
2021-04-11,水生根茎类,22.195999999999994,258.36500000000007,0.0,11.640160389259332,6
2021-04-11,茄类,24.902000000000005,253.232,0.0,10.16914304071962,6
2021-04-11,辣椒类,94.32600000000002,686.7605999999992,0.0,7.280713695057556,6
2021-04-11,食用菌,52.29000000000002,461.4900000000003,0.0,8.825588066551925,6
2021-04-12,花叶类,148.3709999999999,944.0399999999992,0.0,6.362698910164384,0
2021-04-12,花菜类,32.026999999999994,226.352,0.0,7.067536765853812,0
2021-04-12,水生根茎类,4.178,46.268,0.0,11.074198180947823,0
2021-04-12,茄类,10.203,86.99399999999999,0.0,8.526315789473683,0
2021-04-12,辣椒类,38.75600000000003,324.6819999999999,0.0,8.377593146867573,0
2021-04-12,食用菌,43.328,334.1363999999998,0.0,7.711789143279168,0
2021-04-13,花叶类,127.20700000000008,778.0074000000001,0.0,6.116073800970069,1
2021-04-13,花菜类,28.59299999999999,195.39200000000002,0.0,6.833560661700419,1
2021-04-13,水生根茎类,5.552999999999999,57.59799999999999,0.0,10.372411309202233,1
2021-04-13,茄类,13.400000000000002,111.88800000000002,0.0,8.349850746268658,1
2021-04-13,辣椒类,51.480000000000025,343.67740000000015,0.0,6.67594017094017,1
2021-04-13,食用菌,40.041,273.6390000000001,0.0,6.833970180564925,1
2021-04-14,花叶类,151.83000000000004,836.6424000000002,0.0,5.5103892511361385,2
2021-04-14,花菜类,30.12,205.60500000000002,0.0,6.826195219123506,2
2021-04-14,水生根茎类,19.197000000000003,214.15800000000004,0.0,11.15580559462416,2
2021-04-14,茄类,18.975,161.502,0.0,8.511304347826087,2
2021-04-14,辣椒类,47.052,365.0338000000001,0.0,7.7580931735101615,2
2021-04-14,食用菌,41.38699999999999,330.40279999999984,0.0,7.9832507792301906,2
2021-04-15,花叶类,130.081,742.2237999999995,0.0,5.705858657298142,3
2021-04-15,花菜类,27.050000000000004,171.95399999999998,0.0,6.3568946395563755,3
2021-04-15,水生根茎类,17.098,187.46800000000002,0.0,10.96432331266815,3
2021-04-15,茄类,12.150999999999998,109.57799999999997,0.0,9.018023207966422,3
2021-04-15,辣椒类,44.413,355.79340000000013,0.0,8.011019296152032,3
2021-04-15,食用菌,40.150000000000006,395.7782000000001,0.9830000000000001,9.857489414694895,3
2021-04-16,花叶类,130.80799999999996,701.8084,0.0,5.365179499724789,4
2021-04-16,花菜类,40.232000000000006,217.8486000000001,0.0,5.414809107178367,4
2021-04-16,水生根茎类,19.018,213.45400000000004,0.0,11.223787990324956,4
2021-04-16,茄类,15.371000000000004,137.131,0.0,8.921410448246696,4
2021-04-16,辣椒类,62.19700000000002,482.3854000000001,0.0,7.755766355290448,4
2021-04-16,食用菌,47.16200000000001,387.6686000000003,2.9710000000000005,8.219935541325647,4
2021-04-17,花叶类,194.95099999999996,1138.4539999999993,0.0,5.83969305107437,5
2021-04-17,花菜类,77.63599999999998,455.0196000000003,0.0,5.860935648410536,5
2021-04-17,水生根茎类,35.30200000000001,410.04399999999987,0.0,11.615319245368529,5
2021-04-17,茄类,20.407,172.23999999999995,0.0,8.44024109374234,5
2021-04-17,辣椒类,72.26600000000002,481.7623999999996,44.79499999999999,6.666515373758053,5
2021-04-17,食用菌,70.817,565.9120000000001,0.0,7.991188556420071,5
2021-04-18,花叶类,194.4510000000001,1123.6347999999994,0.0,5.778498439195472,6
2021-04-18,花菜类,48.31499999999997,285.0030000000001,0.0,5.898851288419751,6
2021-04-18,水生根茎类,22.237,253.6580000000001,0.0,11.40702432882134,6
2021-04-18,茄类,28.971999999999998,233.42399999999995,0.0,8.056882507248377,6
2021-04-18,辣椒类,118.06300000000003,789.4888000000014,0.0,6.687012866012224,6
2021-04-18,食用菌,56.60699999999996,425.22699999999986,0.0,7.511915487483884,6
2021-04-19,花叶类,134.78100000000006,762.6614000000001,0.0,5.658523085598116,0
2021-04-19,花菜类,25.092000000000002,129.3288,0.0,5.154184600669535,0
2021-04-19,水生根茎类,12.658,143.086,0.0,11.303997471954496,0
2021-04-19,茄类,17.311,139.056,0.0,8.032811507134193,0
2021-04-19,辣椒类,59.01499999999999,405.3295999999999,12.087999999999997,6.868247055833262,0
2021-04-19,食用菌,36.29299999999999,352.48060000000027,0.0,9.7120822197118,0
2021-04-20,花叶类,150.7150000000001,848.201399999999,4.710999999999999,5.627849915403234,1
2021-04-20,花菜类,30.338000000000005,168.81579999999994,0.0,5.564499967038035,1
2021-04-20,水生根茎类,12.166999999999996,126.24000000000001,0.0,10.375606147776777,1
2021-04-20,茄类,16.233999999999998,125.125,0.0,7.707589010718246,1
2021-04-20,辣椒类,64.06200000000004,463.9896000000002,0.0,7.2428210171396445,1
2021-04-20,食用菌,37.651,339.85220000000015,0.0,9.026379113436565,1
2021-04-21,花叶类,182.93900000000002,849.0319999999986,0.0,4.641066147732296,2
2021-04-21,花菜类,49.74799999999999,234.09400000000005,0.0,4.70559620487256,2
2021-04-21,水生根茎类,13.078000000000001,132.784,0.0,10.153234439516744,2
2021-04-21,茄类,26.621999999999993,181.548,0.0,6.819472616632862,2
2021-04-21,辣椒类,50.68399999999999,372.61840000000007,0.0,7.351795438402655,2
2021-04-21,食用菌,31.173000000000002,274.7782000000001,1.9749999999999999,8.814621627690633,2
2021-04-22,花叶类,150.8060000000001,786.2775999999992,0.0,5.213834993302645,3
2021-04-22,花菜类,34.614999999999995,155.31740000000002,0.0,4.486996966632963,3
2021-04-22,水生根茎类,11.639999999999999,119.05799999999999,0.0,10.228350515463918,3
2021-04-22,茄类,15.226999999999999,110.6084,0.0,7.263965324752086,3
2021-04-22,辣椒类,47.905000000000015,375.7154000000002,0.0,7.842926625613194,3
2021-04-22,食用菌,40.03999999999999,246.31300000000005,0.0,6.151673326673329,3
2021-04-23,花叶类,171.22600000000008,843.8275999999998,14.834,4.928151098548114,4
2021-04-23,花菜类,47.03500000000001,216.0527999999999,0.0,4.593447432762833,4
2021-04-23,水生根茎类,10.412999999999998,104.13000000000001,0.0,10.000000000000002,4
2021-04-23,茄类,27.427000000000003,187.59900000000005,0.0,6.839938746490685,4
2021-04-23,辣椒类,53.39699999999998,440.92879999999985,0.0,8.257557540685807,4
2021-04-23,食用菌,49.10900000000001,431.2327999999998,1.1,8.781135840680928,4
2021-04-24,花叶类,264.80299999999966,1347.0163999999972,0.0,5.086862308961753,5
2021-04-24,花菜类,107.30900000000007,365.86779999999993,0.0,3.409479167637381,5
2021-04-24,水生根茎类,17.178,171.78000000000006,0.0,10.000000000000004,5
2021-04-24,茄类,37.79599999999999,255.68859999999998,0.0,6.764964546512859,5
2021-04-24,辣椒类,102.50100000000002,796.3989999999991,0.0,7.769670539799601,5
2021-04-24,食用菌,78.6,692.8226,0.0,8.814536895674301,5
2021-04-25,花叶类,221.78499999999983,1119.8695999999998,0.0,5.049347791780331,6
2021-04-25,花菜类,94.26400000000004,323.82800000000015,0.0,3.43533056097768,6
2021-04-25,水生根茎类,11.453999999999999,114.53999999999999,0.0,10.0,6
2021-04-25,茄类,24.708000000000002,190.99740000000003,0.0,7.73018455560952,6
2021-04-25,辣椒类,71.04700000000003,588.5469999999999,0.0,8.283910650696013,6
2021-04-25,食用菌,37.692000000000014,283.65220000000005,0.0,7.525527963493578,6
2021-04-26,花叶类,151.2579999999999,744.8265999999991,0.0,4.924212934191908,0
2021-04-26,花菜类,43.118,151.95919999999998,0.0,3.5242636485922345,0
2021-04-26,水生根茎类,11.871000000000002,122.95,0.0,10.357172942464828,0
2021-04-26,茄类,12.618,101.5602,0.0,8.048834997622443,0
2021-04-26,辣椒类,60.71600000000002,485.17200000000025,0.0,7.990842611502735,0
2021-04-26,食用菌,37.392,290.87459999999993,0.0,7.779059691912706,0
2021-04-27,花叶类,135.21599999999998,640.3557999999997,0.0,4.7357990178677065,1
2021-04-27,花菜类,26.490000000000006,96.84179999999999,0.0,3.6557870894677227,1
2021-04-27,水生根茎类,9.127000000000002,91.90399999999998,0.0,10.069464227018731,1
2021-04-27,茄类,31.04200000000001,219.56939999999997,6.7219999999999995,7.073300689388567,1
2021-04-27,辣椒类,50.150000000000006,391.89699999999993,0.0,7.814496510468592,1
2021-04-27,食用菌,26.08,237.57100000000005,0.0,9.10931748466258,1
2021-04-28,花叶类,125.39999999999992,607.1251999999998,0.0,4.841508771929826,2
2021-04-28,花菜类,29.404999999999994,132.70639999999997,0.0,4.513055602788642,2
2021-04-28,水生根茎类,7.359000000000001,76.344,0.0,10.374235629841008,2
2021-04-28,茄类,27.48699999999998,207.48760000000001,0.0,7.548572052242885,2
2021-04-28,辣椒类,47.18900000000002,382.688,0.0,8.109686579499456,2
2021-04-28,食用菌,33.609,324.0879999999999,0.8200000000000001,9.642893272635304,2
2021-04-29,花叶类,134.89799999999994,635.1393999999991,6.440999999999999,4.708293673738672,3
2021-04-29,花菜类,33.858,136.69379999999995,0.0,4.03726741095162,3
2021-04-29,水生根茎类,8.818,92.688,0.0,10.511227035608982,3
2021-04-29,茄类,15.705000000000002,123.4332,0.0,7.859484240687678,3
2021-04-29,辣椒类,54.54300000000002,425.583,0.0,7.802706121775477,3
2021-04-29,食用菌,32.548000000000016,279.0086000000001,1.8,8.572219491212977,3
2021-04-30,花叶类,138.58499999999998,691.2255999999986,2.474,4.987737489627295,4
2021-04-30,花菜类,38.12500000000001,150.34580000000003,0.0,3.943496393442623,4
2021-04-30,水生根茎类,14.855999999999998,152.61599999999999,0.0,10.27302100161551,4
2021-04-30,茄类,26.785999999999994,229.91559999999993,0.0,8.58342417680878,4
2021-04-30,辣椒类,52.86499999999999,484.5780000000001,0.0,9.16632932942401,4
2021-04-30,食用菌,34.27100000000001,281.8946,0.25,8.225455924834407,4
2021-05-01,花叶类,171.82600000000016,890.2395999999985,0.0,5.1810529256340585,5
2021-05-01,花菜类,57.443000000000005,269.28000000000003,0.0,4.687777448949394,5
2021-05-01,水生根茎类,18.075,183.172,0.0,10.133997233748271,5
2021-05-01,茄类,19.975999999999996,168.80699999999996,0.0,8.450490588706447,5
2021-05-01,辣椒类,77.39599999999999,698.9369999999997,0.0,9.030660499250605,5
2021-05-01,食用菌,50.81000000000001,471.31419999999986,0.0,9.276012595945675,5
2021-05-02,花叶类,198.54400000000007,1065.5775999999987,0.0,5.366959464904497,6
2021-05-02,花菜类,36.46600000000002,180.84180000000003,0.0,4.959189381889978,6
2021-05-02,水生根茎类,17.439,178.26400000000004,0.0,10.222145765238835,6
2021-05-02,茄类,22.784000000000002,166.10280000000003,0.0,7.290326544943821,6
2021-05-02,辣椒类,80.42000000000004,765.9469999999995,0.0,9.524334742601333,6
2021-05-02,食用菌,47.43500000000001,439.9289999999999,1.826,9.27435437967745,6
2021-05-03,花叶类,226.26500000000024,1100.4112000000007,0.0,4.863373478001456,0
2021-05-03,花菜类,37.61299999999999,192.05400000000003,0.0,5.1060537580092005,0
2021-05-03,水生根茎类,18.742999999999995,189.58399999999997,0.0,10.114922904551033,0
2021-05-03,茄类,25.175000000000004,213.05820000000003,0.0,8.463086395233367,0
2021-05-03,辣椒类,83.41899999999994,798.7619999999997,0.0,9.575300590992462,0
2021-05-03,食用菌,54.995000000000005,405.065,0.0,7.365487771615601,0
2021-05-04,花叶类,200.98499999999981,1066.0245999999988,0.0,5.3040007960793085,1
2021-05-04,花菜类,37.837999999999994,178.56659999999994,0.0,4.719239917543209,1
2021-05-04,水生根茎类,8.799,90.276,0.0,10.259802250255712,1
2021-05-04,茄类,18.031999999999993,146.00179999999997,0.0,8.096816770186336,1
2021-05-04,辣椒类,43.84599999999997,492.6739999999998,0.0,11.236463987592943,1
2021-05-04,食用菌,42.643000000000015,398.78939999999994,0.0,9.35181389677086,1
2021-05-05,花叶类,203.53199999999993,1003.354799999999,3.141,4.929715229054888,2
2021-05-05,花菜类,34.156000000000006,173.078,0.0,5.06727954092985,2
2021-05-05,水生根茎类,15.351999999999999,159.04999999999998,0.0,10.36021365294424,2
2021-05-05,茄类,17.339000000000002,135.44800000000004,0.0,7.811753849702983,2
2021-05-05,辣椒类,72.08,740.2113999999999,0.0,10.269303551609323,2
2021-05-05,食用菌,60.989000000000004,704.9931999999999,0.0,11.559350046729735,2
2021-05-06,花叶类,151.84000000000006,820.8353999999998,2.965,5.405923340358268,3
2021-05-06,花菜类,21.198999999999998,125.636,0.0,5.9265059672626075,3
2021-05-06,水生根茎类,5.992,62.326,0.0,10.401535380507344,3
2021-05-06,茄类,22.682000000000002,185.983,0.0,8.199585574464333,3
2021-05-06,辣椒类,73.006,541.5566000000002,11.033000000000003,7.417973865161771,3
2021-05-06,食用菌,30.192,316.35600000000005,0.0,10.478139904610494,3
2021-05-07,花叶类,147.5079999999999,706.4213999999996,0.0,4.789037882691109,4
2021-05-07,花菜类,26.046000000000006,144.94699999999995,0.0,5.565038777547413,4
2021-05-07,水生根茎类,6.436,68.434,0.0,10.633001864512119,4
2021-05-07,茄类,20.724,144.955,0.0,6.994547384674774,4
2021-05-07,辣椒类,73.962,578.2815999999997,0.0,7.8186311889889355,4
2021-05-07,食用菌,33.543000000000006,269.9166,0.674,8.046883105267865,4
2021-05-08,花叶类,160.78599999999994,817.5319999999994,0.0,5.084596917642081,5
2021-05-08,花菜类,28.122000000000007,155.27599999999998,0.0,5.521513405874402,5
2021-05-08,水生根茎类,11.457000000000003,119.76400000000002,0.0,10.453347298594746,5
2021-05-08,茄类,22.625,172.80300000000003,8.384,7.637701657458565,5
2021-05-08,辣椒类,69.52899999999997,569.7039999999996,0.0,8.193760876756459,5
2021-05-08,食用菌,33.331,292.222,0.808,8.767273709159639,5
2021-05-09,花叶类,216.66800000000012,1128.8299999999988,0.0,5.20995255413812,6
2021-05-09,花菜类,37.44300000000001,209.25200000000004,0.0,5.5885479261811275,6
2021-05-09,水生根茎类,21.145000000000007,286.10999999999996,0.0,13.5308583589501,6
2021-05-09,茄类,30.749999999999993,214.35399999999993,0.0,6.970861788617886,6
2021-05-09,辣椒类,95.07500000000009,743.148999999999,0.0,7.816450170917679,6
2021-05-09,食用菌,44.84899999999998,448.21039999999994,0.779,9.993765747285337,6
2021-05-10,花叶类,157.72099999999992,646.5557999999994,0.0,4.099364066928309,0
2021-05-10,花菜类,30.866,169.93300000000002,0.0,5.505507678351585,0
2021-05-10,水生根茎类,8.06,113.406,0.0,14.070223325062035,0
2021-05-10,茄类,24.955999999999992,172.118,0.0,6.896858470908802,0
2021-05-10,辣椒类,60.824999999999974,430.02699999999993,0.0,7.069905466502262,0
2021-05-10,食用菌,26.42700000000001,243.216,0.0,9.203314791690314,0
2021-05-11,花叶类,190.05999999999955,730.6379999999992,0.2,3.844249184468068,1
2021-05-11,花菜类,27.768,154.37699999999998,0.0,5.559528954191875,1
2021-05-11,水生根茎类,8.963000000000001,119.32999999999998,0.0,13.313622670980696,1
2021-05-11,茄类,26.53300000000001,167.13359999999994,0.0,6.299084159348731,1
2021-05-11,辣椒类,46.52399999999999,333.3232,0.0,7.164543031553609,1
2021-05-11,食用菌,29.888999999999985,277.11440000000005,0.31,9.271451035498016,1
2021-05-12,花叶类,182.51899999999983,765.7535999999993,0.0,4.195473347980211,2
2021-05-12,花菜类,19.252000000000002,108.70299999999999,0.0,5.646322460004154,2
2021-05-12,水生根茎类,6.081000000000001,70.71000000000001,0.0,11.628021706956092,2
2021-05-12,茄类,19.247,109.27999999999997,0.0,5.677767963838519,2
2021-05-12,辣椒类,42.616,327.2694,0.0,7.6794959639572,2
2021-05-12,食用菌,31.02,244.48800000000006,0.0,7.881624758220505,2
2021-05-13,花叶类,157.29300000000006,739.3333999999998,30.429000000000006,4.700357930740716,3
2021-05-13,花菜类,24.095,156.497,0.0,6.4949989624403415,3
2021-05-13,水生根茎类,14.949,179.19000000000003,0.0,11.98675496688742,3
2021-05-13,茄类,20.687,124.93060000000003,0.0,6.039087349543192,3
2021-05-13,辣椒类,47.949,376.6764000000001,0.0,7.855771757492338,3
2021-05-13,食用菌,29.53700000000001,294.9,0.0,9.984087754342008,3
2021-05-14,花叶类,191.116,884.0083999999994,0.0,4.625507021913389,4
2021-05-14,花菜类,40.99699999999999,246.091,0.0,6.002658731126669,4
2021-05-14,水生根茎类,11.412,124.01999999999998,0.0,10.867507886435329,4
2021-05-14,茄类,32.19300000000001,166.5412,0.0,5.173211567732114,4
2021-05-14,辣椒类,51.909000000000006,365.37720000000024,0.0,7.03880251979426,4
2021-05-14,食用菌,29.278,329.4321999999999,0.9829999999999999,11.251868297014822,4
2021-05-15,花叶类,258.278,1169.0011999999992,0.0,4.526135404486635,5
2021-05-15,花菜类,37.34700000000001,234.279,0.0,6.27303397863282,5
2021-05-15,水生根茎类,12.399,123.99,0.0,10.0,5
2021-05-15,茄类,40.77600000000002,253.83900000000003,0.0,6.225206003531487,5
2021-05-15,辣椒类,86.63699999999997,633.1405999999998,0.0,7.307970035896903,5
2021-05-15,食用菌,49.93200000000003,476.92220000000003,0.0,9.551433950172228,5
2021-05-16,花叶类,212.58799999999997,1029.1526000000001,0.0,4.841066287843153,6
2021-05-16,花菜类,52.382,355.86400000000015,0.0,6.793631400099274,6
2021-05-16,水生根茎类,6.386,63.859999999999985,0.0,9.999999999999998,6
2021-05-16,茄类,19.009,102.39240000000001,0.0,5.386522173707192,6
2021-05-16,辣椒类,153.409,874.3257999999989,0.134,5.699312295888761,6
2021-05-16,食用菌,51.103,482.49279999999993,0.0,9.441574858618866,6
2021-05-17,花叶类,176.65799999999996,751.5289999999997,0.0,4.254146429824859,0
2021-05-17,花菜类,27.58699999999999,174.9699999999999,0.0,6.342480153695581,0
2021-05-17,水生根茎类,5.010999999999999,50.11,0.0,10.000000000000002,0
2021-05-17,茄类,29.921000000000003,188.09660000000005,0.0,6.2864409611978225,0
2021-05-17,辣椒类,76.09900000000006,359.85140000000024,0.0,4.728727052917909,0
2021-05-17,食用菌,25.732999999999986,278.913,0.0,10.838728480938878,0
2021-05-18,花叶类,173.27100000000002,771.1895999999992,1.604,4.450771335076263,1
2021-05-18,花菜类,31.098000000000006,220.04700000000005,0.0,7.0759212811113255,1
2021-05-18,水生根茎类,12.309,123.09000000000002,0.0,10.000000000000002,1
2021-05-18,茄类,23.782999999999998,120.97700000000003,0.0,5.08670058445108,1
2021-05-18,辣椒类,84.864,438.8931999999999,0.0,5.171724170437405,1
2021-05-18,食用菌,29.449999999999992,304.22999999999996,1.5,10.330390492359934,1
2021-05-19,花叶类,140.823,591.6643999999998,0.0,4.201475611228278,2
2021-05-19,花菜类,33.90099999999998,215.81300000000002,0.0,6.365977404796323,2
2021-05-19,水生根茎类,12.199000000000002,121.99,0.0,9.999999999999998,2
2021-05-19,茄类,20.577999999999996,116.52399999999996,0.0,5.662552240256584,2
2021-05-19,辣椒类,76.85300000000001,406.2443999999999,0.0,5.285992739385579,2
2021-05-19,食用菌,28.797999999999995,309.5047999999999,0.0,10.747440794499616,2
2021-05-20,花叶类,148.85100000000008,641.9807999999998,4.85,4.312908882036395,3
2021-05-20,花菜类,17.188999999999997,110.45799999999998,0.0,6.426086450637036,3
2021-05-20,水生根茎类,8.975000000000003,89.74999999999999,0.0,9.999999999999995,3
2021-05-20,茄类,22.177000000000007,119.74800000000002,0.0,5.399648284258465,3
2021-05-20,辣椒类,60.967,369.27,0.0,6.056883231912346,3
2021-05-20,食用菌,35.447,345.05099999999993,1.624,9.734279346630178,3
2021-05-21,花叶类,106.47199999999995,474.6945999999995,1.1,4.458398452175217,4
2021-05-21,花菜类,33.979,249.524,0.0,7.343476853350599,4
2021-05-21,水生根茎类,4.177999999999999,41.78,0.0,10.000000000000002,4
2021-05-21,茄类,21.886,127.54700000000004,0.0,5.8277894544457665,4
2021-05-21,辣椒类,36.494,322.0413999999998,0.0,8.824502657971168,4
2021-05-21,食用菌,43.516000000000005,468.3954000000003,0.0,10.763751263902938,4
2021-05-22,花叶类,190.36300000000023,989.5565999999981,0.0,5.198261216728024,5
2021-05-22,花菜类,34.961999999999996,276.90959999999995,0.0,7.920302042217264,5
2021-05-22,水生根茎类,9.18,91.8,0.0,10.0,5
2021-05-22,茄类,25.84500000000001,180.84720000000002,0.0,6.997376668601275,5
2021-05-22,辣椒类,98.93600000000009,521.9258,0.0,5.275388129700003,5
2021-05-22,食用菌,45.20900000000001,448.15360000000004,0.258,9.912928841602334,5
2021-05-23,花叶类,217.25900000000013,1105.230799999999,0.0,5.087157724190934,6
2021-05-23,花菜类,64.23100000000002,506.4336000000003,0.0,7.884566642275539,6
2021-05-23,水生根茎类,17.229,202.29000000000002,0.0,11.74125021765628,6
2021-05-23,茄类,42.33100000000002,296.7594,0.0,7.010450969738487,6
2021-05-23,辣椒类,137.48499999999993,672.2947999999996,0.0,4.889950176382878,6
2021-05-23,食用菌,62.384000000000015,518.0461999999999,0.0,8.304151705565525,6
2021-05-24,花叶类,148.831,785.9467999999988,0.0,5.280800370890465,0
2021-05-24,花菜类,40.924000000000014,302.762,0.0,7.398152673247969,0
2021-05-24,水生根茎类,4.28,42.8,0.0,9.999999999999998,0
2021-05-24,茄类,17.043000000000003,119.5666,0.0,7.015584110778617,0
2021-05-24,辣椒类,54.772000000000006,320.71760000000006,0.0,5.855502811655591,0
2021-05-24,食用菌,29.627000000000013,318.7933999999999,1.8200000000000003,10.760232220609572,0
2021-05-25,花叶类,130.32499999999996,664.0589999999996,0.0,5.095407634759255,1
2021-05-25,花菜类,29.55399999999999,224.73899999999998,0.0,7.604351356838332,1
2021-05-25,水生根茎类,5.412,54.120000000000005,0.0,10.000000000000002,1
2021-05-25,茄类,17.94,122.06979999999999,0.0,6.804336677814938,1
2021-05-25,辣椒类,57.519000000000005,353.8547999999999,0.0,6.151963698951648,1
2021-05-25,食用菌,35.047000000000004,332.0503999999999,1.584,9.474431477729901,1
2021-05-26,花叶类,166.46699999999998,838.803199999999,2.0,5.038855749187522,2
2021-05-26,花菜类,46.54700000000002,347.6300000000001,0.0,7.4683653081831265,2
2021-05-26,水生根茎类,4.008000000000001,40.08,0.0,9.999999999999998,2
2021-05-26,茄类,15.810000000000002,95.8226,0.0,6.06088551549652,2
2021-05-26,辣椒类,65.41600000000001,387.21799999999973,0.0,5.919316375198723,2
2021-05-26,食用菌,31.969,240.27840000000003,1.125,7.515981106697113,2
2021-05-27,花叶类,145.23699999999994,677.958999999999,0.0,4.667949627161118,3
2021-05-27,花菜类,43.95200000000001,335.41400000000004,0.0,7.63137058609392,3
2021-05-27,水生根茎类,8.318999999999999,83.18999999999998,0.0,10.0,3
2021-05-27,茄类,15.645000000000001,94.813,0.0,6.060274848194311,3
2021-05-27,辣椒类,37.07800000000002,280.1516,0.0,7.555736555369757,3
2021-05-27,食用菌,19.574,139.80820000000003,1.6,7.142546234801268,3
2021-05-28,花叶类,123.82399999999998,586.6603999999999,0.0,4.737856958263341,4
2021-05-28,花菜类,42.189000000000014,323.658,0.0,7.671620564602145,4
2021-05-28,水生根茎类,6.205,62.05,0.0,10.0,4
2021-05-28,茄类,16.472,96.6398,0.0,5.866913550267119,4
2021-05-28,辣椒类,67.00999999999998,363.15919999999994,0.0,5.419477689897032,4
2021-05-28,食用菌,28.172000000000004,280.0812000000001,2.0589999999999997,9.94182876615079,4
2021-05-29,花叶类,180.87500000000009,954.1887999999989,0.0,5.2754045611610145,5
2021-05-29,花菜类,52.77899999999999,348.79999999999995,0.0,6.608689061937514,5
2021-05-29,水生根茎类,9.569999999999999,95.7,0.0,10.000000000000002,5
2021-05-29,茄类,18.290999999999997,119.8882,0.0,6.554491279864415,5
2021-05-29,辣椒类,116.84499999999984,616.5251999999999,0.0,5.276436304505976,5
2021-05-29,食用菌,35.88200000000001,321.68939999999986,1.742,8.965202608550241,5
2021-05-30,花叶类,196.23599999999996,987.7685999999993,0.0,5.033574879227051,6
2021-05-30,花菜类,21.296,120.827,0.0,5.673694590533434,6
2021-05-30,水生根茎类,4.718999999999999,47.190000000000005,0.0,10.000000000000002,6
2021-05-30,茄类,27.038000000000004,159.93599999999992,0.0,5.9152304164509175,6
2021-05-30,辣椒类,106.61499999999988,488.1136000000002,0.0,4.578282605637113,6
2021-05-30,食用菌,33.492,383.1896000000002,2.166,11.441227755882009,6
2021-05-31,花叶类,191.98000000000027,1014.1017999999979,0.0,5.282330451088637,0
2021-05-31,花菜类,39.16500000000002,249.17299999999997,0.0,6.362134558917397,0
2021-05-31,水生根茎类,5.404,54.04,0.0,10.0,0
2021-05-31,茄类,25.36300000000001,139.94999999999996,0.0,5.517880376927016,0
2021-05-31,辣椒类,60.11800000000002,273.3956000000001,0.0,4.547649622409262,0
2021-05-31,食用菌,34.113999999999976,353.5602,0.96,10.364079263645431,0
2021-06-01,花叶类,151.09100000000004,773.1037999999996,0.0,5.116809075325462,1
2021-06-01,花菜类,41.59300000000001,286.17499999999995,0.0,6.880364484408431,1
2021-06-01,水生根茎类,7.217000000000001,72.16999999999999,0.0,9.999999999999996,1
2021-06-01,茄类,26.938000000000006,132.09000000000003,0.0,4.903482069938377,1
2021-06-01,辣椒类,76.64800000000004,357.7766000000001,0.0,4.667787809205718,1
2021-06-01,食用菌,33.667999999999985,390.0558000000001,0.0,11.585357015563748,1
2021-06-02,花叶类,178.51700000000008,895.9151999999993,0.0,5.018654805984858,2
2021-06-02,花菜类,43.414,296.50200000000007,0.0,6.829640208227762,2
2021-06-02,水生根茎类,8.681,86.80999999999999,0.0,10.0,2
2021-06-02,茄类,27.705999999999996,148.87299999999996,0.0,5.3733126398614015,2
2021-06-02,辣椒类,89.38599999999994,290.4743999999998,0.0,3.2496632582283578,2
2021-06-02,食用菌,43.52800000000002,429.843,1.2409999999999999,9.875091894872263,2
2021-06-03,花叶类,142.37200000000004,654.9905999999993,0.0,4.600557693928575,3
2021-06-03,花菜类,36.284000000000006,262.13599999999997,0.0,7.2245617903208,3
2021-06-03,水生根茎类,11.018999999999998,110.19000000000001,0.0,10.000000000000002,3
2021-06-03,茄类,11.679,70.836,0.0,6.0652453120986385,3
2021-06-03,辣椒类,75.20599999999997,283.7835999999999,0.0,3.7734170145998993,3
2021-06-03,食用菌,48.364999999999995,440.79859999999996,0.8,9.113999793238913,3
2021-06-04,花叶类,121.09299999999999,601.6274000000001,0.0,4.968308655331028,4
2021-06-04,花菜类,31.416000000000004,249.53700000000003,0.0,7.942990832696715,4
2021-06-04,水生根茎类,13.460999999999999,150.70599999999993,0.0,11.19575068717034,4
2021-06-04,茄类,16.743,96.555,0.0,5.766887654542198,4
2021-06-04,辣椒类,63.703,355.52440000000007,0.412,5.580967929296894,4
2021-06-04,食用菌,47.048000000000016,475.4777999999999,1.92,10.106227682366939,4
2021-06-05,花叶类,204.28699999999998,1054.9113999999995,0.0,5.163869458164247,5
2021-06-05,花菜类,61.48600000000003,499.18199999999985,0.0,8.118628630907843,5
2021-06-05,水生根茎类,19.494999999999997,216.074,0.0,11.083559887150553,5
2021-06-05,茄类,36.367000000000004,221.9526,0.0,6.1031319602936716,5
2021-06-05,辣椒类,91.95000000000006,519.5193999999998,4.0,5.650020663404018,5
2021-06-05,食用菌,42.31999999999999,303.5118000000001,4.66,7.171828922495278,5
2021-06-06,花叶类,222.817,1060.7737999999993,1.7890000000000001,4.760739979445012,6
2021-06-06,花菜类,42.142999999999994,302.29200000000003,0.0,7.173006193199347,6
2021-06-06,水生根茎类,7.1819999999999995,94.65599999999999,0.0,13.179615705931495,6
2021-06-06,茄类,30.644,162.58500000000004,0.643,5.305606317713094,6
2021-06-06,辣椒类,88.6710000000001,509.73539999999986,1.0410000000000001,5.748614541394585,6
2021-06-06,食用菌,32.745,318.3988000000001,1.22,9.723585280195454,6
2021-06-07,花叶类,148.5390000000002,805.0143999999989,0.0,5.41954907465378,0
2021-06-07,花菜类,24.819000000000006,197.02800000000008,0.0,7.938595430919861,0
2021-06-07,水生根茎类,8.757,101.11,0.0,11.546191618134065,0
2021-06-07,茄类,29.868000000000006,118.4126,0.0,3.9645306013124406,0
2021-06-07,辣椒类,68.96500000000006,405.92729999999995,0.9850000000000001,5.885989994924956,0
2021-06-07,食用菌,27.87199999999999,251.32300000000004,0.0,9.01704219288175,0
2021-06-08,花叶类,144.48200000000006,690.2839999999995,0.359,4.777647042538166,1
2021-06-08,花菜类,25.105999999999995,185.61600000000004,0.0,7.393292440054173,1
2021-06-08,水生根茎类,7.393999999999999,82.37600000000002,0.0,11.14092507438464,1
2021-06-08,茄类,24.611,138.816,0.0,5.640404697086669,1
2021-06-08,辣椒类,56.100999999999985,295.1467999999999,0.167,5.26099000017825,1
2021-06-08,食用菌,28.108000000000015,312.70060000000007,1.73,11.124967980646076,1
2021-06-09,花叶类,126.35900000000002,715.7281999999994,0.0,5.664243939885559,2
2021-06-09,花菜类,26.84499999999999,219.74099999999999,0.0,8.185546656733099,2
2021-06-09,水生根茎类,7.943,110.019,0.0,13.851063829787236,2
2021-06-09,茄类,19.352999999999998,93.38340000000001,0.0,4.825267400403039,2
2021-06-09,辣椒类,52.093,316.92679999999984,0.0,6.083865394582762,2
2021-06-09,食用菌,31.399000000000008,358.76519999999994,0.7,11.42600719768145,2
2021-06-10,花叶类,122.00399999999999,711.3775999999999,0.0,5.830772761548801,3
2021-06-10,花菜类,13.847,103.589,0.0,7.480970607351773,3
2021-06-10,水生根茎类,10.339999999999998,174.5224,0.0,16.8783752417795,3
2021-06-10,茄类,24.961000000000002,122.1056,0.0,4.891855294259043,3
2021-06-10,辣椒类,57.09100000000002,278.4319999999999,0.0,4.876985864672187,3
2021-06-10,食用菌,29.393,292.3026000000001,3.348,9.944633075902429,3
2021-06-11,花叶类,129.9819999999999,789.5221999999994,0.0,6.074088719976611,4
2021-06-11,花菜类,21.048,164.92799999999997,0.0,7.835803876852907,4
2021-06-11,水生根茎类,6.744,112.4228,0.0,16.670047449584818,4
2021-06-11,茄类,16.567000000000004,49.642999999999994,0.0,2.9964990644051417,4
2021-06-11,辣椒类,74.87299999999995,412.35219999999987,0.0,5.507355121338803,4
2021-06-11,食用菌,25.579000000000015,306.95140000000015,1.88,12.000132921537197,4
2021-06-12,花叶类,210.26699999999994,1237.7112000000006,0.0,5.886378747021649,5
2021-06-12,花菜类,52.461999999999996,388.22200000000004,0.0,7.400060996530824,5
2021-06-12,水生根茎类,22.347000000000005,366.94660000000005,0.0,16.420396473799613,5
2021-06-12,茄类,48.073000000000036,289.86500000000007,0.0,6.02968402221621,5
2021-06-12,辣椒类,77.63600000000001,500.07419999999956,0.0,6.441266938018439,5
2021-06-12,食用菌,61.00899999999998,724.8953999999998,0.67,11.881778098313363,5
2021-06-13,花叶类,211.2800000000001,1111.3354000000006,0.9630000000000001,5.260012305944719,6
2021-06-13,花菜类,62.324000000000034,476.2778000000003,0.414,7.641964572235415,6
2021-06-13,水生根茎类,11.431000000000001,220.98039999999995,0.0,19.331677018633535,6
2021-06-13,茄类,40.009000000000015,233.14830000000003,1.6669999999999998,5.827396335824438,6
2021-06-13,辣椒类,88.876,483.08529999999996,0.093,5.435497772176965,6
2021-06-13,食用菌,74.60199999999996,921.3625999999994,1.482,12.35037398461167,6
2021-06-14,花叶类,169.858,872.1035999999998,0.0,5.134309835274169,0
2021-06-14,花菜类,73.03699999999999,547.0679999999999,0.0,7.490285745581006,0
2021-06-14,水生根茎类,14.049,258.692,0.0,18.413552566018936,0
2021-06-14,茄类,37.54499999999999,176.366,0.0,4.697456385670531,0
2021-06-14,辣椒类,69.072,375.02079999999995,0.0,5.429418577716006,0
2021-06-14,食用菌,56.049000000000014,635.4052000000003,0.0,11.336601901907262,0
2021-06-15,花叶类,127.71900000000001,643.0561999999999,0.0,5.03492980684158,1
2021-06-15,花菜类,45.326,379.8000000000001,0.0,8.37929665092883,1
2021-06-15,水生根茎类,9.998000000000003,187.7056,0.0,18.774314862972588,1
2021-06-15,茄类,20.698,109.33200000000001,0.0,5.28224949270461,1
2021-06-15,辣椒类,60.187000000000005,369.61960000000005,0.0,6.141186634987622,1
2021-06-15,食用菌,31.346,272.3302,0.0,8.687877241115293,1
2021-06-16,花叶类,104.99100000000004,559.5713000000001,0.403,5.329707308245467,2
2021-06-16,花菜类,12.989999999999997,110.96400000000001,0.0,8.54226327944573,2
2021-06-16,水生根茎类,5.186999999999999,68.27640000000001,0.0,13.162984384037019,2
2021-06-16,茄类,19.792999999999996,92.51200000000003,0.0,4.67397564795635,2
2021-06-16,辣椒类,46.695000000000036,258.48719999999986,0.0,5.535650497911975,2
2021-06-16,食用菌,29.825999999999993,253.32199999999995,0.0,8.493327968886208,2
2021-06-17,花叶类,113.507,546.9986000000001,0.0,4.819073713515467,3
2021-06-17,花菜类,48.477,387.122,27.684,7.985683932586588,3
2021-06-17,水生根茎类,9.408999999999999,136.409,0.0,14.49771495376767,3
2021-06-17,茄类,28.236999999999995,145.97800000000004,0.0,5.169741828097888,3
2021-06-17,辣椒类,45.845,232.84219999999996,0.0,5.07890064347257,3
2021-06-17,食用菌,22.835000000000008,248.19700000000014,0.0,10.86914823735494,3
2021-06-18,花叶类,150.8750000000001,809.4069999999995,0.0,5.364752278376131,4
2021-06-18,花菜类,34.97099999999999,280.4740000000001,0.0,8.020188155900609,4
2021-06-18,水生根茎类,7.902000000000004,140.60439999999997,0.0,17.79352062768918,4
2021-06-18,茄类,27.339000000000002,147.66599999999994,0.0,5.401294853505978,4
2021-06-18,辣椒类,46.75400000000002,241.0446,0.0,5.155593104333317,4
2021-06-18,食用菌,29.867000000000004,295.1020000000001,0.0,9.880537047577596,4
2021-06-19,花叶类,203.36900000000006,1137.2067999999995,0.0,5.5918394642251235,5
2021-06-19,花菜类,44.51099999999999,392.40899999999993,0.0,8.81600053919256,5
2021-06-19,水生根茎类,10.313000000000002,186.38379999999998,0.0,18.072704353728298,5
2021-06-19,茄类,30.48800000000001,145.53999999999996,0.0,4.773681448438727,5
2021-06-19,辣椒类,87.63299999999998,490.2969999999997,0.0,5.594890052833976,5
2021-06-19,食用菌,39.484,393.3918000000003,0.0,9.96332185188938,5
2021-06-20,花叶类,202.3069999999999,1083.7969999999993,0.0,5.357189815478455,6
2021-06-20,花菜类,43.614,374.9729999999999,0.0,8.59753748796258,6
2021-06-20,水生根茎类,10.001000000000003,199.1202,0.0,19.910028997100284,6
2021-06-20,茄类,61.88100000000002,319.55799999999994,0.0,5.164072978781853,6
2021-06-20,辣椒类,84.13400000000001,430.57899999999995,0.0,5.1177764043074125,6
2021-06-20,食用菌,38.57800000000001,466.74580000000003,0.0,12.098755767535899,6
2021-06-21,花叶类,150.0700000000001,809.2007999999986,0.0,5.392155660691664,0
2021-06-21,花菜类,54.07000000000001,492.0959999999999,0.0,9.101091178102456,0
2021-06-21,水生根茎类,9.9,156.4032,0.0,15.79830303030303,0
2021-06-21,茄类,18.565999999999995,80.47600000000001,0.0,4.334590110955512,0
2021-06-21,辣椒类,58.69299999999998,295.5040000000001,0.0,5.034740088255843,0
2021-06-21,食用菌,24.224,301.9777999999999,1.649,12.466058454425358,0
2021-06-22,花叶类,126.15100000000007,736.1123999999999,0.188,5.835168964177846,1
2021-06-22,花菜类,26.162,235.68000000000004,0.0,9.008485589786716,1
2021-06-22,水生根茎类,13.91,202.1816,0.0,14.534982027318476,1
2021-06-22,茄类,30.314,146.51600000000002,0.0,4.833278353236129,1
2021-06-22,辣椒类,56.13499999999999,343.29239999999976,0.0,6.115478756568982,1
2021-06-22,食用菌,29.29900000000001,276.0998000000001,0.334,9.423522987132666,1
2021-06-23,花叶类,123.21400000000011,718.0431999999998,2.4000000000000004,5.827610498806947,2
2021-06-23,花菜类,57.722999999999985,511.88999999999993,0.0,8.868042201548777,2
2021-06-23,水生根茎类,10.931000000000001,141.37740000000002,0.0,12.933619979873754,2
2021-06-23,茄类,24.859000000000005,105.39200000000004,0.518,4.239591294903255,2
2021-06-23,辣椒类,53.90099999999999,342.8034,0.0,6.35987087438081,2
2021-06-23,食用菌,32.793000000000006,359.9754000000001,1.192,10.97720245174275,2
2021-06-24,花叶类,127.94600000000017,729.9719999999999,2.633,5.705313178997381,3
2021-06-24,花菜类,34.885,313.81000000000006,0.0,8.995556829582917,3
2021-06-24,水生根茎类,6.119000000000001,110.9536,0.0,18.13263605164242,3
2021-06-24,茄类,19.543,91.69680000000001,0.0,4.6920534206621305,3
2021-06-24,辣椒类,41.586,254.41779999999994,0.0,6.117871399028518,3
2021-06-24,食用菌,31.74700000000001,303.3977999999999,0.8919999999999999,9.556739219453801,3
2021-06-25,花叶类,146.58200000000005,880.3357999999994,0.0,6.005756504891454,4
2021-06-25,花菜类,40.437000000000005,361.43600000000015,0.0,8.938249622870146,4
2021-06-25,水生根茎类,10.915999999999999,127.97899999999997,0.0,11.723983144008793,4
2021-06-25,茄类,12.895999999999999,67.66539999999999,0.0,5.24700682382134,4
2021-06-25,辣椒类,35.531000000000006,178.21720000000002,0.0,5.015822802623061,4
2021-06-25,食用菌,32.53700000000002,365.67639999999994,0.0,11.238786612164605,4
2021-06-26,花叶类,197.68999999999983,1211.442999999998,0.0,6.1279933228792505,5
2021-06-26,花菜类,71.82100000000003,679.5859999999998,0.0,9.462218571169986,5
2021-06-26,水生根茎类,20.953000000000003,260.15479999999997,0.0,12.416112251228938,5
2021-06-26,茄类,35.449000000000005,185.3258,0.0,5.227955654602385,5
2021-06-26,辣椒类,82.43899999999998,464.7369999999998,0.0,5.637343975545554,5
2021-06-26,食用菌,47.40199999999999,519.3622,1.809,10.956546137293788,5
2021-06-27,花叶类,213.54699999999988,1296.8695999999998,0.0,6.072993767180061,6
2021-06-27,花菜类,56.54200000000002,523.8659999999999,0.0,9.265077287679949,6
2021-06-27,水生根茎类,19.982000000000003,276.0006000000001,0.0,13.812461215093586,6
2021-06-27,茄类,31.77600000000001,205.97880000000004,0.0,6.482212990936555,6
2021-06-27,辣椒类,79.12100000000002,411.0442000000003,0.0,5.195134035211892,6
2021-06-27,食用菌,49.139999999999986,574.2844000000002,0.0,11.686699226699234,6
2021-06-28,花叶类,125.78200000000001,795.7591999999994,0.89,6.32649504698605,0
2021-06-28,花菜类,35.78400000000001,328.4120000000001,0.0,9.177621283255085,0
2021-06-28,水生根茎类,9.932999999999998,128.49599999999998,0.0,12.936273029296286,0
2021-06-28,茄类,21.087999999999997,122.33420000000001,0.0,5.801128603945373,0
2021-06-28,辣椒类,45.80999999999998,300.2122,0.0,6.553420650512991,0
2021-06-28,食用菌,33.152999999999984,366.3577999999999,0.0,11.050517298585348,0
2021-06-29,花叶类,110.19600000000001,673.6921999999996,0.0,6.113581255217971,1
2021-06-29,花菜类,34.382999999999996,320.5760000000002,0.0,9.323677398714487,1
2021-06-29,水生根茎类,9.520000000000001,104.011,0.0,10.925525210084032,1
2021-06-29,茄类,19.720999999999997,98.915,0.0,5.015719284011968,1
2021-06-29,辣椒类,40.321000000000005,277.48280000000005,0.0,6.881843208253764,1
2021-06-29,食用菌,26.399,267.2494,2.01,10.12346679798477,1
2021-06-30,花叶类,125.41499999999998,795.0217999999993,0.0,6.339128493401901,2
2021-06-30,花菜类,27.051999999999996,249.29400000000004,0.0,9.215363004583768,2
2021-06-30,水生根茎类,7.464000000000001,109.7642,0.0,14.705814576634511,2
2021-06-30,茄类,27.42499999999999,137.86300000000003,0.0,5.026909753874206,2
2021-06-30,辣椒类,39.114,266.09059999999994,0.0,6.802950350258218,2
2021-06-30,食用菌,41.53699999999999,413.72959999999983,0.34,9.960507499337938,2
2021-07-01,花叶类,148.5970000000002,966.310199999999,0.0,6.5028917138300075,3
2021-07-01,花菜类,33.72,298.34699999999987,0.0,8.84777580071174,3
2021-07-01,水生根茎类,8.512,113.26439999999998,0.0,13.30643796992481,3
2021-07-01,茄类,26.278000000000002,128.053,0.0,4.87301164472182,3
2021-07-01,辣椒类,54.567000000000014,347.48359999999997,0.0,6.36801729983323,3
2021-07-01,食用菌,32.650000000000006,346.1410000000001,0.36,10.601562021439511,3
2021-07-02,花叶类,133.58600000000013,815.5382999999995,0.539,6.104968335005156,4
2021-07-02,花菜类,24.971999999999998,231.6720000000001,0.0,9.277270543008175,4
2021-07-02,水生根茎类,10.79,138.61380000000005,0.0,12.846506024096392,4
2021-07-02,茄类,28.564999999999998,123.38799999999999,0.0,4.3195518991773145,4
2021-07-02,辣椒类,51.785000000000004,403.27090000000015,0.287,7.787407550448974,4
2021-07-02,食用菌,34.24700000000001,357.59620000000007,0.0,10.441679563173416,4
2021-07-03,花叶类,197.92500000000004,1228.983599999999,0.0,6.209339901477826,5
2021-07-03,花菜类,48.497000000000014,428.04600000000005,0.0,8.826236674433469,5
2021-07-03,水生根茎类,29.657000000000004,322.8914,0.0,10.88752739656742,5
2021-07-03,茄类,47.28500000000002,224.1827999999999,0.556,4.7410975996616225,5
2021-07-03,辣椒类,73.55199999999999,481.9270000000003,0.0,6.552194365890803,5
2021-07-03,食用菌,66.84900000000002,808.725,2.93,12.097787551047881,5
2021-07-04,花叶类,197.32200000000012,1195.2085999999995,0.0,6.0571482145934,6
2021-07-04,花菜类,45.678999999999995,397.6540000000001,0.0,8.70540073118939,6
2021-07-04,水生根茎类,24.214000000000002,235.23619999999997,0.0,9.714883951433054,6
2021-07-04,茄类,39.241,194.2179999999999,0.0,4.94936418541831,6
2021-07-04,辣椒类,57.58300000000001,393.9140000000001,0.0,6.84080370942813,6
2021-07-04,食用菌,44.46600000000001,486.5004,0.0,10.940952637970582,6
2021-07-05,花叶类,176.27599999999995,1105.943599999999,0.0,6.273931788785763,0
2021-07-05,花菜类,66.35499999999999,533.5619999999999,0.0,8.04102177680657,0
2021-07-05,水生根茎类,14.947,131.6762,0.0,8.809540375995184,0
2021-07-05,茄类,49.588000000000015,227.71400000000003,0.0,4.592119061063159,0
2021-07-05,辣椒类,53.877,391.43800000000005,0.0,7.265400820387178,0
2021-07-05,食用菌,40.49100000000001,428.5782,1.1400000000000001,10.584529895532338,0
2021-07-06,花叶类,173.86400000000012,1063.0445999999984,0.0,6.114230663046966,1
2021-07-06,花菜类,44.90099999999999,394.0340000000001,0.0,8.775617469544112,1
2021-07-06,水生根茎类,7.861000000000001,90.4666,0.0,11.508281389136242,1
2021-07-06,茄类,49.00499999999998,227.69200000000004,0.0,4.6463013978165515,1
2021-07-06,辣椒类,46.553000000000004,355.6359999999999,0.0,7.639378772581786,1
2021-07-06,食用菌,36.365000000000016,476.7969999999998,1.866,13.11142582153168,1
2021-07-07,花叶类,149.51400000000015,865.4684000000001,0.0,5.788544216595096,2
2021-07-07,花菜类,40.488,347.54800000000006,0.0,8.58397549891326,2
2021-07-07,水生根茎类,8.404,120.956,0.0,14.392670157068064,2
2021-07-07,茄类,31.752000000000002,116.24799999999999,0.0,3.661123708742756,2
2021-07-07,辣椒类,38.244000000000035,272.74400000000014,0.0,7.1316807865286025,2
2021-07-07,食用菌,26.099000000000007,317.4616,1.62,12.16374573738457,2
2021-07-08,花叶类,143.49100000000013,860.800199999999,0.0,5.998983908398424,3
2021-07-08,花菜类,61.36099999999998,480.0179999999998,0.0,7.822851648441191,3
2021-07-08,水生根茎类,12.209,143.569,0.0,11.759275943975755,3
2021-07-08,茄类,33.078,139.17200000000005,0.0,4.207388596650343,3
2021-07-08,辣椒类,44.995,317.6280000000001,0.0,7.059184353817093,3
2021-07-08,食用菌,34.071,327.37540000000007,0.558,9.608623169264186,3
2021-07-09,花叶类,114.96600000000004,726.2381999999997,0.0,6.316982412191425,4
2021-07-09,花菜类,28.475999999999992,238.07600000000002,0.0,8.360584351734797,4
2021-07-09,水生根茎类,4.507,61.784000000000006,0.0,13.708453516751723,4
2021-07-09,茄类,22.810000000000002,100.952,0.0,4.4257781674704075,4
2021-07-09,辣椒类,34.61200000000002,268.3076000000001,0.0,7.751866404715125,4
2021-07-09,食用菌,26.496,267.5068,1.974,10.096120169082125,4
2021-07-10,花叶类,176.06499999999977,1072.243999999999,26.156,6.090046289722548,5
2021-07-10,花菜类,70.58999999999997,565.1329999999998,38.168000000000006,8.005850687066157,5
2021-07-10,水生根茎类,14.838,216.1706,0.0,14.568715460304624,5
2021-07-10,茄类,49.929000000000016,244.50199999999998,0.0,4.896993731098157,5
2021-07-10,辣椒类,52.77099999999999,373.0245999999999,0.0,7.068742301642948,5
2021-07-10,食用菌,41.07699999999998,405.5075999999998,0.0,9.87188937848431,5
2021-07-11,花叶类,212.95699999999994,1285.5359999999991,53.68899999999999,6.036598937813735,6
2021-07-11,花菜类,75.63400000000003,564.162,26.78000000000001,7.459105693206756,6
2021-07-11,水生根茎类,14.098999999999998,229.7322,0.0,16.294219448187818,6
2021-07-11,茄类,40.365,185.30239999999998,0.0,4.590670135017961,6
2021-07-11,辣椒类,39.19499999999998,299.916,0.0,7.651894374282438,6
2021-07-11,食用菌,38.382000000000005,331.0230000000001,0.422,8.624433328122558,6
2021-07-12,花叶类,140.30499999999998,856.2159999999998,26.572999999999993,6.1025337657246705,0
2021-07-12,花菜类,24.479999999999997,199.42099999999994,20.453000000000003,8.14628267973856,0
2021-07-12,水生根茎类,7.558999999999999,121.73060000000001,0.0,16.104061383780927,0
2021-07-12,茄类,24.025,121.89240000000001,0.0,5.073565036420396,0
2021-07-12,辣椒类,42.472,308.59960000000007,0.0,7.265954040308911,0
2021-07-12,食用菌,24.080000000000002,161.59220000000005,0.0,6.710639534883723,0
2021-07-13,花叶类,149.77199999999996,980.7569999999994,24.076000000000004,6.548333466869639,1
2021-07-13,花菜类,47.258,376.53800000000007,30.785999999999998,7.967709170934023,1
2021-07-13,水生根茎类,7.123000000000002,137.4376,0.0,19.294903832654775,1
2021-07-13,茄类,28.125000000000007,148.3748,0.0,5.275548444444443,1
2021-07-13,辣椒类,24.628999999999998,245.5620000000001,4.517,9.97044134962849,1
2021-07-13,食用菌,18.590000000000003,189.12400000000002,0.0,10.173426573426573,1
2021-07-14,花叶类,163.86299999999991,892.8059999999983,35.903999999999996,5.4484905073140295,2
2021-07-14,花菜类,50.127,372.32499999999993,16.714000000000002,7.427633810122288,2
2021-07-14,水生根茎类,14.181999999999995,149.34619999999998,1.0999999999999999,10.530686786066848,2
2021-07-14,茄类,20.281,101.12000000000002,0.0,4.9859474384892275,2
2021-07-14,辣椒类,51.339,300.0606,0.0,5.84469117045521,2
2021-07-14,食用菌,43.511999999999986,472.96759999999995,0.0,10.869819819819822,2
2021-07-15,花叶类,141.75000000000006,852.9633999999993,27.80800000000001,6.0173784832451425,3
2021-07-15,花菜类,27.631999999999998,213.479,14.613,7.725788940359005,3
2021-07-15,水生根茎类,5.780000000000001,78.5042,0.0,13.582041522491346,3
2021-07-15,茄类,17.221000000000004,112.035,0.0,6.505719760757214,3
2021-07-15,辣椒类,48.95700000000003,331.6300000000001,0.0,6.773903629715871,3
2021-07-15,食用菌,29.007999999999996,302.8262000000001,0.0,10.4394029233315,3
2021-07-16,花叶类,236.05500000000012,1379.3380000000004,0.0,5.843290758509668,4
2021-07-16,花菜类,39.07399999999999,298.02,0.0,7.627066591595436,4
2021-07-16,水生根茎类,23.636,221.40640000000002,7.924000000000001,9.367337959045525,4
2021-07-16,茄类,53.38000000000002,318.9959999999999,0.0,5.975946047208689,4
2021-07-16,辣椒类,57.94800000000002,425.10299999999984,0.0,7.335939117829773,4
2021-07-16,食用菌,47.64400000000001,477.7309999999996,0.0,10.02709680127612,4
2021-07-17,花叶类,223.65500000000003,1427.3442,0.0,6.381901589501687,5
2021-07-17,花菜类,79.35300000000001,592.918,0.0,7.471904023792421,5
2021-07-17,水生根茎类,27.115,339.12199999999984,12.509,12.506804351834774,5
2021-07-17,茄类,29.918,198.72699999999998,0.0,6.642389197138845,5
2021-07-17,辣椒类,60.20400000000002,446.59500000000014,0.0,7.4180287024117995,5
2021-07-17,食用菌,46.11499999999999,520.0804000000002,0.0,11.27790089992411,5
2021-07-18,花叶类,234.02800000000005,1391.1017999999997,3.701,5.944168219187445,6
2021-07-18,花菜类,60.81,458.8420000000001,0.0,7.545502384476239,6
2021-07-18,水生根茎类,30.137999999999995,343.8446,13.018999999999998,11.409005242550935,6
2021-07-18,茄类,31.604000000000006,190.15700000000007,0.0,6.016864953803317,6
2021-07-18,辣椒类,67.13400000000004,505.1630000000001,0.0,7.524696874906899,6
2021-07-18,食用菌,43.16600000000002,495.52660000000003,0.0,11.479557985451509,6
2021-07-19,花叶类,174.8269999999999,1089.4347999999982,2.5330000000000004,6.231501999119122,0
2021-07-19,花菜类,34.935,270.33900000000006,0.0,7.738342636324604,0
2021-07-19,水生根茎类,15.754000000000001,239.70219999999992,8.341,15.215323092547917,0
2021-07-19,茄类,19.985999999999994,113.711,0.0,5.689532672871011,0
2021-07-19,辣椒类,40.14600000000003,339.60800000000006,0.0,8.459323469336915,0
2021-07-19,食用菌,40.62900000000001,371.0480000000002,0.0,9.132590021905537,0
2021-07-20,花叶类,152.3620000000001,988.2303999999996,0.0,6.4860687047951515,1
2021-07-20,花菜类,46.46100000000001,363.39300000000014,0.0,7.821463162652548,1
2021-07-20,水生根茎类,12.512000000000004,206.19339999999997,4.8180000000000005,16.479651534526848,1
2021-07-20,茄类,19.323999999999998,121.593,0.0,6.2923307803767345,1
2021-07-20,辣椒类,40.88600000000002,299.17799999999994,0.0,7.317370248984978,1
2021-07-20,食用菌,27.025,315.734,0.0,11.683034227567067,1
2021-07-21,花叶类,152.6529999999999,976.6401999999995,0.0,6.397779277184203,2
2021-07-21,花菜类,52.98300000000002,412.202,0.0,7.779891663363718,2
2021-07-21,水生根茎类,18.057000000000002,267.75030000000004,6.300999999999998,14.828061139724207,2
2021-07-21,茄类,22.554,160.26799999999997,0.0,7.105967899263988,2
2021-07-21,辣椒类,58.081000000000046,419.5090000000003,0.0,7.222826741963809,2
2021-07-21,食用菌,35.828,363.42040000000003,0.0,10.14347437758178,2
2021-07-22,花叶类,154.6249999999999,1038.612999999999,0.0,6.716979789814064,3
2021-07-22,花菜类,34.223000000000006,273.78400000000005,0.0,8.0,3
2021-07-22,水生根茎类,17.842999999999996,265.0412,9.593,14.854071624726787,3
2021-07-22,茄类,26.635999999999985,210.27100000000004,0.0,7.894240877008566,3
2021-07-22,辣椒类,56.81500000000004,403.9810000000002,0.0,7.110463785972013,3
2021-07-22,食用菌,31.030999999999995,311.71479999999997,0.0,10.045270858174085,3
2021-07-23,花叶类,150.63599999999988,975.772599999999,0.0,6.4776852810749075,4
2021-07-23,花菜类,38.508999999999986,291.47799999999995,17.021,7.569087745721781,4
2021-07-23,水生根茎类,13.843999999999998,166.71260000000004,0.0,12.042227679861316,4
2021-07-23,茄类,19.099999999999998,168.03299999999996,0.0,8.797539267015706,4
2021-07-23,辣椒类,45.060000000000045,314.498,0.0,6.979538393253432,4
2021-07-23,食用菌,28.609999999999992,371.23679999999996,0.0,12.97577070954212,4
2021-07-24,花叶类,206.92300000000003,1342.590799999999,0.887,6.48835943805183,5
2021-07-24,花菜类,50.32300000000001,421.92100000000005,18.726000000000003,8.384257695288436,5
2021-07-24,水生根茎类,32.222,414.31699999999995,0.0,12.858202470361862,5
2021-07-24,茄类,37.029,292.866,0.0,7.909098274325528,5
2021-07-24,辣椒类,82.89299999999996,565.8059999999999,0.0,6.825739205964318,5
2021-07-24,食用菌,35.03799999999999,464.90539999999993,0.0,13.268605514013359,5
2021-07-25,花叶类,248.50199999999992,1560.2746000000022,0.134,6.2787204931952365,6
2021-07-25,花菜类,60.22899999999998,542.6340000000001,14.269,9.009513689418725,6
2021-07-25,水生根茎类,24.133999999999997,279.7559999999999,0.0,11.591779232617881,6
2021-07-25,茄类,29.736000000000004,260.81200000000007,0.0,8.770917406510629,6
2021-07-25,辣椒类,72.38499999999998,530.6141999999999,0.0,7.330444152794088,6
2021-07-25,食用菌,36.532,532.1476,0.0,14.566615569911312,6
2021-07-26,花叶类,155.36500000000007,986.5698000000001,0.718,6.350013194734977,0
2021-07-26,花菜类,25.066000000000003,195.163,12.993,7.785965052262028,0
2021-07-26,水生根茎类,16.444,216.31560000000002,0.0,13.154682558988082,0
2021-07-26,茄类,16.386,151.355,0.0,9.23684852923227,0
2021-07-26,辣椒类,47.92799999999999,316.58079999999984,0.0,6.605341345351358,0
2021-07-26,食用菌,30.860999999999997,434.8575999999999,0.0,14.090846051650948,0
2021-07-27,花叶类,189.082,1108.7369999999996,0.0,5.863789255455304,1
2021-07-27,花菜类,53.678,473.7650000000004,14.786999999999999,8.826055367189545,1
2021-07-27,水生根茎类,33.891,461.2224000000001,0.0,13.608993538107466,1
2021-07-27,茄类,20.927000000000007,175.163,0.0,8.370191618483297,1
2021-07-27,辣椒类,54.649,385.49500000000006,0.0,7.05401745686106,1
2021-07-27,食用菌,29.007999999999992,374.1788000000001,0.0,12.899158852730288,1
2021-07-28,花叶类,205.80299999999994,1317.1193999999994,0.0,6.399903791489919,2
2021-07-28,花菜类,58.30300000000001,551.3959999999998,0.0,9.457420715915129,2
2021-07-28,水生根茎类,32.418000000000006,446.93320000000006,0.0,13.786575359368252,2
2021-07-28,茄类,15.550999999999995,140.41599999999997,0.0,9.029387177673463,2
2021-07-28,辣椒类,63.48500000000002,447.50160000000005,0.0,7.048934393951326,2
2021-07-28,食用菌,35.804999999999986,377.71399999999994,0.0,10.549197039519623,2
2021-07-29,花叶类,193.61300000000003,1300.9928000000014,0.0,6.719552922582684,3
2021-07-29,花菜类,31.375999999999998,291.748,0.0,9.29844467108618,3
2021-07-29,水生根茎类,17.107,191.83440000000004,0.0,11.213795522300815,3
2021-07-29,茄类,59.52200000000001,286.2030000000001,0.0,4.808356574039851,3
2021-07-29,辣椒类,33.37700000000001,251.39280000000002,0.0,7.531917188483086,3
2021-07-29,食用菌,26.279999999999987,332.21599999999995,0.0,12.641400304414008,3
2021-07-30,花叶类,214.15500000000006,1472.2513999999987,0.0,6.874700100394566,4
2021-07-30,花菜类,43.631,412.50120000000015,0.361,9.454314592835372,4
2021-07-30,水生根茎类,20.719999999999995,247.35960000000006,0.0,11.938204633204638,4
2021-07-30,茄类,33.845,227.4,0.0,6.718865415866451,4
2021-07-30,辣椒类,50.32100000000001,372.58200000000016,0.0,7.4041056417797755,4
2021-07-30,食用菌,28.865000000000002,370.7968000000001,0.0,12.845896414342631,4
2021-07-31,花叶类,255.97199999999992,1738.0035999999993,0.339,6.789819198974887,5
2021-07-31,花菜类,47.858999999999966,468.08600000000024,0.0,9.780521949894494,5
2021-07-31,水生根茎类,23.282000000000007,292.8127999999999,0.0,12.576788935658442,5
2021-07-31,茄类,24.53600000000001,181.5038,0.0,7.397448646886206,5
2021-07-31,辣椒类,57.01499999999999,478.3479999999999,0.0,8.38986231693414,5
2021-07-31,食用菌,44.567,447.5231,0.133,10.041580092893845,5
2021-08-01,花叶类,251.27100000000004,1683.5802999999974,4.196,6.700257092939484,6
2021-08-01,花菜类,66.798,610.6199999999998,55.99699999999999,9.141291655438781,6
2021-08-01,水生根茎类,36.228000000000016,414.7637000000001,27.302000000000003,11.448705421221153,6
2021-08-01,茄类,20.535999999999998,143.34339999999997,10.381,6.980103233346318,6
2021-08-01,辣椒类,76.32399999999994,578.4026999999996,42.47599999999999,7.578254546407422,6
2021-08-01,食用菌,42.98400000000002,512.6758,0.138,11.927131025497852,6
2021-08-02,花叶类,283.1149999999999,1894.6237999999996,1.8510000000000002,6.692064355473925,0
2021-08-02,花菜类,24.162,219.818,21.801999999999996,9.09767403360649,0
2021-08-02,水生根茎类,22.942999999999998,231.80799999999996,17.76,10.103648171555594,0
2021-08-02,茄类,35.57699999999999,280.998,13.083999999999998,7.898305084745765,0
2021-08-02,辣椒类,79.12899999999999,627.0963999999996,46.76899999999999,7.924988310227598,0
2021-08-02,食用菌,57.648000000000025,633.1236999999996,1.453,10.982578753816254,0
2021-08-03,花叶类,264.8249999999997,1646.6173999999985,0.0,6.217756631737942,1
2021-08-03,花菜类,20.641,189.12200000000004,16.987,9.162443680054263,1
2021-08-03,水生根茎类,27.548999999999992,295.75039999999996,21.426,10.735431413118445,1
2021-08-03,茄类,48.44400000000002,395.6700000000001,31.633000000000003,8.167574931880107,1
2021-08-03,辣椒类,55.90100000000001,491.0459999999999,24.36599999999999,8.784207795924935,1
2021-08-03,食用菌,42.28399999999997,608.0309999999998,0.0,14.379694447072184,1
2021-08-04,花叶类,313.26900000000006,1981.2975999999965,0.0,6.324588771949973,2
2021-08-04,花菜类,14.278,129.144,13.222999999999999,9.044964280711584,2
2021-08-04,水生根茎类,22.617,232.64000000000004,17.885,10.286068001945441,2
2021-08-04,茄类,33.147,245.82400000000004,9.622,7.416176426222586,2
2021-08-04,辣椒类,89.04000000000009,728.7744000000002,52.49199999999999,8.184797843665763,2
2021-08-04,食用菌,50.02800000000002,621.201,0.47,12.417066442792033,2
2021-08-05,花叶类,245.9439999999998,1569.2483999999984,0.952,6.380511010636567,3
2021-08-05,花菜类,26.637999999999995,245.48399999999992,16.285999999999998,9.215556723477738,3
2021-08-05,水生根茎类,14.855999999999998,152.42200000000003,11.610000000000001,10.25996230479268,3
2021-08-05,茄类,29.119999999999994,226.64200000000002,7.5440000000000005,7.783035714285717,3
2021-08-05,辣椒类,65.06899999999999,494.6039999999998,36.394000000000005,7.601223316786794,3
2021-08-05,食用菌,58.35500000000002,635.8421999999997,0.0,10.89610487533201,3
2021-08-06,花叶类,189.75599999999986,1238.8549999999982,0.0,6.528673665127844,4
2021-08-06,花菜类,28.948000000000004,287.2590000000001,0.0,9.923276219427942,4
2021-08-06,水生根茎类,22.376,289.6244,0.0,12.943528780836608,4
2021-08-06,茄类,20.331,180.138,0.0,8.860262653091338,4
2021-08-06,辣椒类,51.04800000000001,389.19600000000014,0.0,7.624118476727787,4
2021-08-06,食用菌,51.397,616.4217999999997,0.0,11.993342023853527,4
2021-08-07,花叶类,232.08899999999988,1516.8392000000001,0.0,6.535592811378398,5
2021-08-07,花菜类,40.41599999999999,404.1600000000001,0.0,10.000000000000005,5
2021-08-07,水生根茎类,28.627000000000006,367.78759999999994,0.0,12.847577461836723,5
2021-08-07,茄类,23.784,229.05200000000002,0.0,9.630507904473596,5
2021-08-07,辣椒类,69.38200000000003,506.55199999999974,0.0,7.300913781672473,5
2021-08-07,食用菌,53.974,653.6323999999997,11.211000000000002,12.110134509208134,5
2021-08-08,花叶类,265.7749999999999,1856.5023999999999,0.462,6.985240899256892,6
2021-08-08,花菜类,50.406000000000006,504.0600000000002,0.0,10.000000000000002,6
2021-08-08,水生根茎类,24.272999999999996,272.22040000000004,0.361,11.214946648539533,6
2021-08-08,茄类,32.19199999999999,361.53600000000006,0.0,11.230616302186883,6
2021-08-08,辣椒类,54.566999999999986,371.16499999999985,0.0,6.802004874741143,6
2021-08-08,食用菌,57.35100000000002,603.6347999999999,11.218,10.525270701469891,6
2021-08-09,花叶类,234.3439999999999,1618.7516000000007,0.0,6.907587136858641,0
2021-08-09,花菜类,56.60699999999998,566.07,0.0,10.000000000000005,0
2021-08-09,水生根茎类,19.711000000000006,197.10999999999999,0.0,9.999999999999996,0
2021-08-09,茄类,31.014999999999986,238.65399999999988,0.0,7.6947928421731415,0
2021-08-09,辣椒类,61.456999999999965,410.056,0.0,6.672242380851656,0
2021-08-09,食用菌,41.98700000000001,523.4755999999999,10.248,12.467563769738247,0
2021-08-10,花叶类,193.18899999999985,1428.8935999999999,0.0,7.396350723902505,1
2021-08-10,花菜类,11.233,110.43299999999999,0.647,9.831122585239918,1
2021-08-10,水生根茎类,24.532000000000004,273.66440000000006,0.0,11.155405185064406,1
2021-08-10,茄类,22.360999999999994,200.90999999999997,0.0,8.984839676221995,1
2021-08-10,辣椒类,66.97100000000005,474.76000000000005,0.0,7.089038539069145,1
2021-08-10,食用菌,39.23,497.6823999999999,9.442999999999996,12.686270711190414,1
2021-08-11,花叶类,225.44999999999982,1570.7225999999991,0.0,6.96705522288756,2
2021-08-11,花菜类,1.054,10.540000000000001,0.0,10.0,2
2021-08-11,水生根茎类,20.738000000000003,207.38000000000002,0.0,10.0,2
2021-08-11,茄类,25.756999999999998,245.68349999999998,0.515,9.538513802073222,2
2021-08-11,辣椒类,61.666,431.33800000000014,0.0,6.99474588914475,2
2021-08-11,食用菌,44.24399999999999,548.2681999999999,9.940000000000001,12.391922068529064,2
2021-08-12,花叶类,275.87599999999975,1809.8789999999988,43.02100000000001,6.560480070756428,3
2021-08-12,花菜类,12.869999999999996,128.70000000000002,0.0,10.000000000000005,3
2021-08-12,水生根茎类,28.53600000000001,233.50800000000004,25.926000000000002,8.182926829268292,3
2021-08-12,茄类,37.175000000000004,284.4220000000001,0.0,7.650894418291864,3
2021-08-12,辣椒类,83.79300000000003,583.4119999999996,0.0,6.962538636878968,3
2021-08-12,食用菌,52.211,657.4347999999998,12.57,12.591882936545934,3
2021-08-13,花叶类,274.0799999999997,1892.1721999999968,17.758000000000003,6.903722270869815,4
2021-08-13,花菜类,3.504,35.04,0.0,10.0,4
2021-08-13,水生根茎类,37.72200000000001,306.39200000000005,35.414,8.122368909389746,4
2021-08-13,茄类,49.07899999999998,373.1460000000001,0.0,7.602966645612181,4
2021-08-13,辣椒类,88.14700000000002,648.9479999999995,0.0,7.362111019093099,4
2021-08-13,食用菌,57.870999999999995,640.0095999999996,7.749,11.059245563408265,4
2021-08-14,花叶类,281.13,1928.8649999999993,26.75400000000001,6.861114075338809,5
2021-08-14,花菜类,16.528,165.28,0.0,10.0,5
2021-08-14,水生根茎类,27.112000000000002,224.20600000000002,23.457000000000004,8.26962230746533,5
2021-08-14,茄类,35.08999999999999,245.624,0.0,6.999829011114279,5
2021-08-14,辣椒类,96.49100000000004,658.8629999999998,0.0,6.828232684913614,5
2021-08-14,食用菌,74.36300000000007,1105.8674000000003,24.368000000000006,14.871204765810944,5
2021-08-15,花叶类,297.4989999999998,2072.1217999999994,56.16399999999999,6.965138706348595,6
2021-08-15,花菜类,8.103,81.03,0.0,10.0,6
2021-08-15,水生根茎类,49.471,413.3179999999999,40.69599999999999,8.354753289806148,6
2021-08-15,茄类,31.245000000000005,211.17299999999994,0.0,6.7586173787806025,6
2021-08-15,辣椒类,78.0970000000001,601.9569999999995,0.05,7.707812079849403,6
2021-08-15,食用菌,61.545,677.9511999999996,10.083,11.015536599236325,6
2021-08-16,花叶类,190.57299999999984,1406.8993999999989,25.737000000000002,7.382469709770009,0
2021-08-16,花菜类,6.045,60.45,0.0,10.0,0
2021-08-16,水生根茎类,50.53300000000001,429.26199999999994,40.53399999999999,8.494686640413192,0
2021-08-16,茄类,24.663,164.12199999999996,0.0,6.654583789482219,0
2021-08-16,辣椒类,52.116000000000064,434.34100000000024,0.0,8.334120039910962,0
2021-08-16,食用菌,41.09100000000001,482.10779999999977,7.247,11.732685989632758,0
2021-08-17,花叶类,183.216,1402.9066000000003,11.307,7.657118373941142,1
2021-08-17,花菜类,9.498000000000001,94.98000000000002,0.0,10.0,1
2021-08-17,水生根茎类,56.14499999999999,480.29799999999983,44.15299999999999,8.554599697212574,1
2021-08-17,茄类,28.565000000000005,196.07000000000008,0.0,6.863994398739718,1
2021-08-17,辣椒类,59.86000000000004,465.6380000000002,0.0,7.778783828934178,1
2021-08-17,食用菌,57.879000000000026,621.136,10.225,10.731629779367296,1
2021-08-18,花叶类,185.5899999999999,1389.1287999999993,10.137000000000002,7.484933455466351,2
2021-08-18,花菜类,8.645,83.316,1.5670000000000002,9.637478311162523,2
2021-08-18,水生根茎类,54.55,467.27599999999995,42.884,8.566012832263977,2
2021-08-18,茄类,25.034999999999997,192.98899999999998,0.0,7.7087677251847415,2
2021-08-18,辣椒类,54.41000000000004,441.723,0.0,8.118415732402127,2
2021-08-18,食用菌,38.636,449.41280000000006,9.652,11.631970183248784,2
2021-08-19,花叶类,183.24499999999998,1427.8299999999995,1.696,7.791917924090696,3
2021-08-19,花菜类,8.906,89.05999999999999,0.0,9.999999999999998,3
2021-08-19,水生根茎类,28.56900000000001,242.39800000000002,24.189000000000007,8.484651195351603,3
2021-08-19,茄类,31.478,229.48900000000006,0.0,7.2904568269902805,3
2021-08-19,辣椒类,50.988,373.81599999999986,0.0,7.331450537381342,3
2021-08-19,食用菌,35.688,435.30240000000015,8.064999999999998,12.19744451916611,3
2021-08-20,花叶类,195.1160000000001,1445.7371999999996,3.3039999999999994,7.409629143688877,4
2021-08-20,花菜类,47.273999999999994,396.66599999999994,38.03699999999999,8.390785632694504,4
2021-08-20,水生根茎类,27.289999999999996,235.22399999999993,22.09,8.619421033345546,4
2021-08-20,茄类,25.752000000000006,248.06600000000003,0.0,9.632882882882882,4
2021-08-20,辣椒类,47.07499999999999,353.6369999999999,0.0,7.512203929899097,4
2021-08-20,食用菌,42.358,503.93179999999995,8.541,11.896968695405826,4
2021-08-21,花叶类,241.9559999999997,1808.9882000000002,12.488,7.47651721800659,5
2021-08-21,花菜类,34.90000000000001,303.31399999999996,22.843000000000007,8.690945558739251,5
2021-08-21,水生根茎类,37.692,326.094,29.821,8.651544094237504,5
2021-08-21,茄类,33.88699999999999,231.68800000000002,0.0,6.837076164900997,5
2021-08-21,辣椒类,67.62899999999998,533.3980000000001,0.0,7.8871194310133275,5
2021-08-21,食用菌,70.57500000000003,1159.3763999999996,30.02100000000001,16.427579171094568,5
2021-08-22,花叶类,281.15599999999995,2067.0782,10.402000000000001,7.352068602484032,6
2021-08-22,花菜类,1.546,15.46,0.0,10.0,6
2021-08-22,水生根茎类,51.312999999999995,523.2180000000002,0.0,10.19659735349717,6
2021-08-22,茄类,21.860999999999994,159.38500000000002,0.0,7.290837564612784,6
2021-08-22,辣椒类,94.44700000000003,669.6730000000003,0.0,7.090463434518832,6
2021-08-22,食用菌,60.82200000000005,960.0757999999992,27.78499999999999,15.78500871395216,6
2021-08-23,花叶类,178.3739999999999,1321.0729999999987,11.0,7.406197091504364,0
2021-08-23,花菜类,4.5089999999999995,45.09,0.0,10.000000000000002,0
2021-08-23,水生根茎类,38.788000000000004,390.47200000000004,0.0,10.066824791172527,0
2021-08-23,茄类,29.713,199.8340000000001,0.0,6.725473698381183,0
2021-08-23,辣椒类,15.773000000000003,135.953,0.0,8.619349521333923,0
2021-08-23,食用菌,40.53000000000002,498.8601999999997,8.141,12.308418455465073,0
2021-08-24,花叶类,168.01200000000003,1298.3129999999992,15.0,7.7275016070280635,1
2021-08-24,花菜类,9.207,92.07,0.0,9.999999999999998,1
2021-08-24,水生根茎类,31.616000000000003,323.28400000000005,0.0,10.225328947368421,1
2021-08-24,茄类,22.695000000000004,153.40499999999997,0.0,6.759418374091207,1
2021-08-24,辣椒类,53.890999999999984,320.8490000000001,0.0,5.953665732682641,1
2021-08-24,食用菌,43.36500000000001,489.49299999999994,7.884,11.28774357200507,1
2021-08-25,花叶类,145.21599999999987,1236.8459999999989,8.0,8.517284596738651,2
2021-08-25,花菜类,2.219,22.189999999999998,0.0,10.0,2
2021-08-25,水生根茎类,35.36299999999999,291.732,0.0,8.249639453666264,2
2021-08-25,茄类,27.139,182.24000000000004,0.0,6.715059508456466,2
2021-08-25,辣椒类,53.90299999999999,289.6959999999999,0.0,5.374394746118026,2
2021-08-25,食用菌,34.176999999999985,386.74080000000004,6.657,11.315820581092554,2
2021-08-26,花叶类,255.50499999999977,1953.7193999999984,7.0,7.646501634018904,3
2021-08-26,花菜类,5.452,54.52000000000001,0.0,10.000000000000002,3
2021-08-26,水生根茎类,63.12599999999999,515.144,0.0,8.160567753382127,3
2021-08-26,茄类,34.84200000000001,248.52,0.487,7.132770793869465,3
2021-08-26,辣椒类,61.123999999999995,359.49000000000007,0.0,5.881323211831688,3
2021-08-26,食用菌,49.74699999999999,607.1763000000002,8.668,12.205284740788395,3
2021-08-27,花叶类,259.05300000000017,1971.2064,0.0,7.609278410209489,4
2021-08-27,花菜类,19.568,165.21999999999997,15.23,8.443376941946033,4
2021-08-27,水生根茎类,56.396,459.668,0.0,8.15071990921342,4
2021-08-27,茄类,33.381,233.7740000000001,0.0,7.003205416254758,4
2021-08-27,辣椒类,64.04499999999996,343.34200000000016,0.0,5.360949332500591,4
2021-08-27,食用菌,61.288000000000046,653.7653999999995,8.746999999999998,10.667102858634628,4
2021-08-28,花叶类,244.91499999999994,1784.1079999999993,0.0,7.2846007798624,5
2021-08-28,花菜类,35.502,319.94,17.540000000000003,9.011886654272997,5
2021-08-28,水生根茎类,49.57400000000001,412.98400000000004,0.0,8.330657199338361,5
2021-08-28,茄类,34.07799999999998,253.70499999999998,0.0,7.444832443218503,5
2021-08-28,辣椒类,75.85000000000002,440.05800000000005,0.0,5.801687541199735,5
2021-08-28,食用菌,61.49299999999998,720.8410000000002,8.933000000000002,11.722326118419991,5
2021-08-29,花叶类,229.08199999999985,1771.7461999999978,0.0,7.734113548860229,6
2021-08-29,花菜类,56.181000000000004,489.5320000000002,36.139,8.713479646143718,6
2021-08-29,水生根茎类,55.37499999999998,454.13599999999985,0.0,8.201101580135441,6
2021-08-29,茄类,39.91700000000001,310.35300000000007,0.0,7.774958037928702,6
2021-08-29,辣椒类,81.32500000000002,427.007,0.0,5.250624039348293,6
2021-08-29,食用菌,65.999,729.4449999999999,12.674999999999999,11.052364429764086,6
2021-08-30,花叶类,178.5870000000002,1399.7246,0.0,7.837774306080502,0
2021-08-30,花菜类,48.287000000000006,408.78600000000006,37.042,8.465756828960176,0
2021-08-30,水生根茎类,40.952999999999975,332.53999999999985,0.0,8.120040045906284,0
2021-08-30,茄类,41.20800000000001,314.52200000000016,0.0,7.632547078237237,0
2021-08-30,辣椒类,65.327,382.2440000000001,0.0,5.8512406814946365,0
2021-08-30,食用菌,47.98899999999999,517.1099999999999,7.764999999999999,10.775594407051615,0
2021-08-31,花叶类,165.82100000000003,1290.6385999999993,0.0,7.78332418692445,1
2021-08-31,花菜类,42.879000000000005,361.95200000000006,33.419000000000004,8.441241633433616,1
2021-08-31,水生根茎类,31.334999999999997,256.56399999999996,0.0,8.187777245891176,1
2021-08-31,茄类,39.432000000000016,305.2870000000001,0.0,7.74211300466626,1
2021-08-31,辣椒类,66.341,428.49719999999996,0.0,6.459010265145235,1
2021-08-31,食用菌,42.53099999999999,435.6228000000001,5.897,10.242477251886863,1
2021-09-01,花叶类,177.64199999999977,1336.046199999999,34.608,7.5210040418369575,2
2021-09-01,花菜类,8.003,80.03000000000002,0.0,10.000000000000002,2
2021-09-01,水生根茎类,47.448999999999984,303.064,0.0,6.387152521654832,2
2021-09-01,茄类,27.263999999999996,231.48299999999995,0.0,8.490426936619718,2
2021-09-01,辣椒类,44.768999999999984,325.57980000000003,0.0,7.272438517724321,2
2021-09-01,食用菌,61.883,570.0333999999998,6.697,9.211470032157456,2
2021-09-02,花叶类,161.36399999999975,1276.7443999999991,24.925,7.912200986589333,3
2021-09-02,花菜类,27.869,334.42799999999994,0.0,11.999999999999998,3
2021-09-02,水生根茎类,45.63800000000001,293.418,0.0,6.429247556860509,3
2021-09-02,茄类,24.511000000000006,205.6,0.0,8.388070662151685,3
2021-09-02,辣椒类,44.128000000000014,348.29600000000005,0.0,7.8928571428571415,3
2021-09-02,食用菌,40.49399999999999,422.572,7.730000000000001,10.435422531733098,3
2021-09-03,花叶类,149.21900000000005,1190.4889999999998,19.523000000000007,7.978132811505233,4
2021-09-03,花菜类,24.967000000000002,299.60400000000004,0.0,12.0,4
2021-09-03,水生根茎类,54.83399999999998,364.79200000000003,0.0,6.652660757923918,4
2021-09-03,茄类,20.685,181.35199999999998,0.0,8.767319313512207,4
2021-09-03,辣椒类,42.436000000000014,361.14399999999983,0.0,8.510321425205008,4
2021-09-03,食用菌,46.245999999999995,486.73300000000006,7.233999999999999,10.52486701552567,4
2021-09-04,花叶类,221.3529999999999,1716.019999999999,36.37499999999998,7.752413565662087,5
2021-09-04,花菜类,32.878,394.53599999999983,0.0,11.999999999999995,5
2021-09-04,水生根茎类,66.40899999999998,430.1560000000001,0.0,6.477375054585979,5
2021-09-04,茄类,26.822999999999997,241.69400000000002,0.0,9.010699772583232,5
2021-09-04,辣椒类,90.71200000000009,719.0899999999997,0.0,7.92717611782343,5
2021-09-04,食用菌,78.63900000000001,961.0583999999996,20.200999999999997,12.221142181360387,5
2021-09-05,花叶类,238.55199999999968,1806.7761999999984,37.71600000000001,7.573930212280764,6
2021-09-05,花菜类,51.129000000000005,612.0220000000003,0.0,11.970153924387338,6
2021-09-05,水生根茎类,58.946,374.14200000000005,0.0,6.347199131408408,6
2021-09-05,茄类,30.823000000000008,260.966,0.0,8.466599617168995,6
2021-09-05,辣椒类,63.28499999999996,597.3610000000003,0.0,9.439219404282227,6
2021-09-05,食用菌,74.85700000000004,976.0943999999996,22.74599999999999,13.039453892087568,6
2021-09-06,花叶类,191.93600000000018,1573.1349999999995,7.2989999999999995,8.196143506168713,0
2021-09-06,花菜类,34.75099999999999,354.08200000000005,31.464999999999993,10.18911685994648,0
2021-09-06,水生根茎类,33.471000000000004,270.244,0.0,8.0739744853754,0
2021-09-06,茄类,20.716,184.626,0.0,8.912241745510716,0
2021-09-06,辣椒类,42.718000000000025,348.5860000000002,0.0,8.160166674469778,0
2021-09-06,食用菌,37.74400000000001,418.6324000000001,5.022,11.091362865621026,0
2021-09-07,花叶类,163.31599999999986,1372.8056,11.031000000000002,8.405824291557478,1
2021-09-07,花菜类,23.172,236.61800000000002,20.723000000000003,10.211375798377352,1
2021-09-07,水生根茎类,34.142,275.076,0.0,8.056821510163434,1
2021-09-07,茄类,19.175,159.58600000000004,0.0,8.322607561929598,1
2021-09-07,辣椒类,45.236000000000026,386.3088000000005,0.078,8.539853214254139,1
2021-09-07,食用菌,44.437999999999995,456.6076,7.627999999999998,10.27516089833026,1
2021-09-08,花叶类,161.268,1285.0652000000007,16.397,7.968507081380067,2
2021-09-08,花菜类,15.183000000000002,157.31400000000002,12.441,10.361193440031615,2
2021-09-08,水生根茎类,38.57100000000001,311.4440000000001,0.0,8.074563791449535,2
2021-09-08,茄类,16.319999999999997,133.052,0.0,8.152696078431374,2
2021-09-08,辣椒类,36.083000000000006,367.914,0.0,10.196325139262255,2
2021-09-08,食用菌,42.22700000000002,407.89280000000014,4.562999999999999,9.6595258957539,2
2021-09-09,花叶类,120.9890000000001,999.0134000000006,23.347000000000005,8.25705973270297,3
2021-09-09,花菜类,14.254999999999997,143.15200000000002,13.290999999999999,10.042230796211859,3
2021-09-09,水生根茎类,39.02799999999999,329.0639999999998,0.0,8.43148508762939,3
2021-09-09,茄类,12.803999999999998,107.13199999999998,0.0,8.367072789753202,3
2021-09-09,辣椒类,39.956999999999994,402.9710000000002,0.0,10.085116500237762,3
2021-09-09,食用菌,41.431999999999995,407.23439999999994,6.013999999999999,9.828982429040355,3
2021-09-10,花叶类,133.882,1092.9729999999995,15.830000000000002,8.163703858621767,4
2021-09-10,花菜类,24.651,254.806,20.502999999999997,10.33653807147783,4
2021-09-10,水生根茎类,43.851,301.72800000000007,0.0,6.880755284942192,4
2021-09-10,茄类,13.491,113.02799999999999,0.0,8.378029797642872,4
2021-09-10,辣椒类,36.978000000000016,366.501,0.0,9.911325653091023,4
2021-09-10,食用菌,35.58200000000001,422.2126,7.102,11.865904108819063,4
2021-09-11,花叶类,257.4300000000002,1963.8984000000003,41.39000000000001,7.628863768791512,5
2021-09-11,花菜类,18.060000000000002,145.92600000000002,0.0,8.080066445182725,5
2021-09-11,水生根茎类,67.53200000000001,462.31199999999984,0.0,6.845821240300891,5
2021-09-11,茄类,26.025999999999996,214.93399999999997,0.0,8.25843387381849,5
2021-09-11,辣椒类,53.88,529.9820000000002,0.0,9.836340014847814,5
2021-09-11,食用菌,62.39400000000001,663.3821999999999,10.453999999999999,10.632147321857866,5
2021-09-12,花叶类,275.53199999999964,2239.347799999996,19.089999999999996,8.12736016143315,6
2021-09-12,花菜类,32.063,256.504,0.0,8.0,6
2021-09-12,水生根茎类,57.20799999999998,381.13800000000003,0.0,6.662319955251017,6
2021-09-12,茄类,34.906,282.92400000000004,0.0,8.1053114077809,6
2021-09-12,辣椒类,52.388999999999996,487.55780000000027,0.0,9.306491820802083,6
2021-09-12,食用菌,57.278000000000006,617.4813999999997,9.74,10.78042878592129,6
2021-09-13,花叶类,152.695,1040.8031999999996,30.169999999999995,6.8162231900193175,0
2021-09-13,花菜类,11.356,136.27200000000002,0.0,12.000000000000002,0
2021-09-13,水生根茎类,29.93699999999999,182.23200000000006,0.0,6.087183084477406,0
2021-09-13,茄类,26.428,204.86800000000002,0.0,7.751929771454519,0
2021-09-13,辣椒类,46.01399999999999,419.36599999999993,0.0,9.113878384839397,0
2021-09-13,食用菌,31.415000000000003,452.7578000000001,8.219,14.412153429890182,0
2021-09-14,花叶类,163.29100000000008,1193.244,31.856,7.307469486989481,1
2021-09-14,花菜类,10.777,129.324,0.0,12.000000000000002,1
2021-09-14,水生根茎类,41.43100000000002,282.21,0.0,6.811566218532014,1
2021-09-14,茄类,24.41100000000001,186.90699999999995,0.0,7.656671172831915,1
2021-09-14,辣椒类,34.59799999999999,313.24999999999994,0.0,9.053991560205793,1
2021-09-14,食用菌,35.18500000000001,425.1042,8.996,12.081972431433845,1
2021-09-15,花叶类,150.32699999999994,1103.6189999999992,24.123,7.341455626733718,2
2021-09-15,花菜类,12.702,152.42400000000004,0.0,12.000000000000004,2
2021-09-15,水生根茎类,32.841,244.23000000000002,0.0,7.436740659541427,2
2021-09-15,茄类,20.886999999999997,157.74299999999997,0.0,7.552209508306602,2
2021-09-15,辣椒类,33.652999999999984,314.136,0.0,9.334561554690524,2
2021-09-15,食用菌,35.282000000000004,415.75360000000006,8.222999999999999,11.783731081004479,2
2021-09-16,花叶类,97.45800000000001,821.3687999999999,19.786,8.427925875761865,3
2021-09-16,花菜类,9.283000000000001,111.39600000000002,0.0,12.0,3
2021-09-16,水生根茎类,35.965,263.67659999999995,0.0,7.331477825663838,3
2021-09-16,茄类,28.807999999999996,207.40900000000002,13.678999999999998,7.199701471813387,3
2021-09-16,辣椒类,33.705999999999996,338.6070000000002,0.0,10.045896872960311,3
2021-09-16,食用菌,38.913,384.1277999999998,0.0,9.871451699946029,3
2021-09-17,花叶类,128.34799999999996,1108.2166000000002,2.277,8.634467229719206,4
2021-09-17,花菜类,13.162999999999998,157.95600000000005,0.0,12.000000000000005,4
2021-09-17,水生根茎类,31.275999999999996,224.4552,0.0,7.176595472566825,4
2021-09-17,茄类,22.689,157.07499999999996,7.915000000000001,6.922958261712722,4
2021-09-17,辣椒类,30.377999999999997,301.7790000000001,0.0,9.934129962472847,4
2021-09-17,食用菌,33.65099999999999,355.5196,0.0,10.56490446049152,4
2021-09-18,花叶类,134.22,1088.5367999999994,10.781,8.110093875726415,5
2021-09-18,花菜类,35.324999999999996,396.37400000000014,13.762999999999998,11.220778485491866,5
2021-09-18,水生根茎类,34.827000000000005,252.54720000000003,0.0,7.251477302093203,5
2021-09-18,茄类,25.935000000000002,178.03099999999992,13.453000000000003,6.864507422402156,5
2021-09-18,辣椒类,44.636,439.62700000000007,0.0,9.849157630612062,5
2021-09-18,食用菌,41.64499999999999,415.4632000000001,0.0,9.976304478328736,5
2021-09-19,花叶类,216.22999999999988,1848.181999999997,21.52099999999999,8.547296859825178,6
2021-09-19,花菜类,51.647000000000034,516.4699999999998,0.0,9.99999999999999,6
2021-09-19,水生根茎类,93.77000000000004,743.4047999999995,0.0,7.927959901887588,6
2021-09-19,茄类,46.83499999999999,307.554,31.939,6.566755631472191,6
2021-09-19,辣椒类,75.51099999999998,745.4877999999999,0.0,9.872572208022673,6
2021-09-19,食用菌,112.9170000000001,1356.527399999999,0.0,12.013491325486843,6
2021-09-20,花叶类,224.18600000000015,1883.1059999999986,23.653999999999993,8.399748423184308,0
2021-09-20,花菜类,69.54199999999999,693.2764000000002,0.0,9.96917546231055,0
2021-09-20,水生根茎类,94.88200000000002,730.5017999999994,0.0,7.699055669146933,0
2021-09-20,茄类,40.86899999999999,290.4249999999999,15.849000000000006,7.106241894834715,0
2021-09-20,辣椒类,88.257,864.8223999999998,0.0,9.798910001472969,0
2021-09-20,食用菌,92.06700000000002,1170.8840000000012,0.0,12.717738168942192,0
2021-09-21,花叶类,239.505,1970.9589999999987,26.51,8.229302102252557,1
2021-09-21,花菜类,56.3,562.9999999999999,0.0,9.999999999999998,1
2021-09-21,水生根茎类,93.25600000000004,666.5279999999996,0.0,7.147293471733715,1
2021-09-21,茄类,32.084,230.132,10.978000000000002,7.172796409425258,1
2021-09-21,辣椒类,100.20000000000009,969.7138000000003,47.075,9.677782435129735,1
2021-09-21,食用菌,80.69699999999997,1014.4028,0.0,12.57051439334796,1
2021-09-22,花叶类,137.03900000000021,1168.7340000000002,16.902,8.528477294784684,2
2021-09-22,花菜类,38.956,389.56000000000023,0.0,10.000000000000005,2
2021-09-22,水生根茎类,29.818000000000005,223.80720000000008,0.0,7.505775035213631,2
2021-09-22,茄类,31.009,214.52100000000002,15.346,6.918023799542069,2
2021-09-22,辣椒类,50.36,473.94299999999987,0.0,9.411100079428115,2
2021-09-22,食用菌,36.94800000000001,358.65160000000003,0.0,9.7069286564902,2
2021-09-23,花叶类,107.28999999999996,882.1365999999997,13.606000000000002,8.22198340945102,3
2021-09-23,花菜类,27.236,272.3600000000001,0.0,10.000000000000004,3
2021-09-23,水生根茎类,19.216,157.132,0.0,8.17714404662781,3
2021-09-23,茄类,22.845000000000006,153.97700000000006,12.344000000000005,6.740074414532722,3
2021-09-23,辣椒类,45.190000000000005,418.4636000000003,0.0,9.260092940916138,3
2021-09-23,食用菌,33.308000000000014,347.1786000000001,0.0,10.423279692566348,3
2021-09-24,花叶类,104.37500000000001,833.9536000000004,2.8800000000000003,7.989974610778446,4
2021-09-24,花菜类,8.431,67.448,0.0,8.0,4
2021-09-24,水生根茎类,32.31400000000001,249.05200000000002,9.096,7.707247632605061,4
2021-09-24,茄类,15.309999999999995,109.81899999999997,5.432,7.173024167210974,4
2021-09-24,辣椒类,39.93600000000002,399.2593000000003,13.461000000000002,9.997478465544873,4
2021-09-24,食用菌,40.365,415.1176,0.0,10.284097609315,4
2021-09-25,花叶类,185.57400000000007,1525.4433999999983,16.074,8.220135363790174,5
2021-09-25,花菜类,46.05800000000001,369.22540000000004,0.0,8.016531330062096,5
2021-09-25,水生根茎类,43.443999999999996,267.7759999999999,0.0,6.163704999539635,5
2021-09-25,茄类,35.554,241.963,20.710000000000004,6.805507115936321,5
2021-09-25,辣椒类,76.729,679.4469999999999,47.306999999999995,8.855152549883355,5
2021-09-25,食用菌,38.452000000000005,381.61400000000003,0.0,9.92442525746385,5
2021-09-26,花叶类,148.806,1169.5055999999995,0.0,7.859263739365344,6
2021-09-26,花菜类,2.299,18.392,0.0,8.0,6
2021-09-26,水生根茎类,48.230000000000004,301.47599999999994,0.0,6.2507982583454265,6
2021-09-26,茄类,28.750000000000004,216.667,0.0,7.536243478260869,6
2021-09-26,辣椒类,46.272,406.69040000000007,0.0,8.789125172890735,6
2021-09-26,食用菌,27.191999999999993,262.0142,7.615000000000001,9.635709032068258,6
2021-09-27,花叶类,96.875,736.4945999999999,3.0660000000000003,7.602524903225805,0
2021-09-27,花菜类,4.863,38.904,0.0,8.0,0
2021-09-27,水生根茎类,42.395,257.52200000000005,0.0,6.074348390140347,0
2021-09-27,茄类,11.333,90.664,0.0,8.0,0
2021-09-27,辣椒类,32.674,314.33700000000005,0.0,9.620401542510866,0
2021-09-27,食用菌,12.761999999999999,138.67099999999996,5.0489999999999995,10.865930104999215,0
2021-09-28,花叶类,104.00999999999995,796.8763999999998,3.9219999999999997,7.661536390731662,1
2021-09-28,花菜类,12.669000000000002,122.598,0.0,9.677006867156049,1
2021-09-28,水生根茎类,33.69699999999999,205.96599999999995,0.0,6.1122948630441885,1
2021-09-28,茄类,19.696000000000005,145.41400000000002,0.0,7.382920389926888,1
2021-09-28,辣椒类,34.77700000000001,308.0652000000001,0.0,8.858302901342842,1
2021-09-28,食用菌,21.671000000000006,181.74950000000007,6.022999999999999,8.386761109316598,1
2021-09-29,花叶类,113.13500000000008,903.4600000000006,6.558,7.985680823794581,2
2021-09-29,花菜类,23.336000000000006,233.35999999999996,0.0,9.999999999999996,2
2021-09-29,水生根茎类,39.562999999999995,280.54740000000015,0.0,7.091155877966792,2
2021-09-29,茄类,14.816,114.188,0.0,7.707073434125269,2
2021-09-29,辣椒类,50.47399999999999,379.30060000000026,0.0,7.514771961802123,2
2021-09-29,食用菌,15.119000000000002,189.24760000000003,6.345999999999999,12.517203518751241,2
2021-09-30,花叶类,106.12300000000003,830.5641999999998,3.6430000000000002,7.826429708922661,3
2021-09-30,花菜类,34.51100000000002,345.11,0.0,9.999999999999995,3
2021-09-30,水生根茎类,38.451,263.47799999999995,0.0,6.852305531715689,3
2021-09-30,茄类,18.756999999999998,144.26500000000001,0.0,7.691261928879887,3
2021-09-30,辣椒类,37.58899999999997,284.78399999999993,0.0,7.576259011944988,3
2021-09-30,食用菌,22.233999999999995,229.19980000000004,7.197000000000002,10.308527480435373,3
2021-10-01,花叶类,205.46099999999987,1615.2913999999996,12.117999999999999,7.861790802147369,4
2021-10-01,花菜类,56.81999999999998,550.8410000000001,17.358999999999995,9.694491376275964,4
2021-10-01,水生根茎类,69.80899999999998,474.547,0.0,6.797791115758715,4
2021-10-01,茄类,36.474000000000025,284.0760000000001,0.0,7.7884520480342125,4
2021-10-01,辣椒类,80.01100000000007,595.4025999999997,0.0,7.441509292472275,4
2021-10-01,食用菌,43.638,693.8771999999997,30.34899999999999,15.900756221641682,4
2021-10-02,花叶类,168.62499999999986,1258.2886,20.619,7.462052483320985,5
2021-10-02,花菜类,40.391999999999996,393.357,10.562999999999999,9.738487819370174,5
2021-10-02,水生根茎类,61.245999999999995,434.07520000000005,0.0,7.087404891748034,5
2021-10-02,茄类,31.700999999999993,259.33200000000005,0.0,8.180562127377689,5
2021-10-02,辣椒类,66.53699999999998,427.6449999999999,0.0,6.427175857041948,5
2021-10-02,食用菌,38.08800000000001,475.3794000000001,19.122999999999994,12.481080655324511,5
2021-10-03,花叶类,174.0939999999998,1301.8938,16.336,7.478108378232458,6
2021-10-03,花菜类,41.67199999999999,403.841,12.878999999999998,9.690943559224422,6
2021-10-03,水生根茎类,51.09599999999999,345.5067999999999,0.0,6.761914826992327,6
2021-10-03,茄类,27.065,219.235,0.0,8.10031405874746,6
2021-10-03,辣椒类,37.727000000000004,294.4304,0.0,7.804235693270072,6
2021-10-03,食用菌,43.269999999999996,450.31919999999985,14.895999999999995,10.40719204991911,6
2021-10-04,花叶类,170.88200000000015,1266.1510000000005,24.611,7.409504804484963,0
2021-10-04,花菜类,39.913000000000004,399.13000000000005,0.0,10.0,0
2021-10-04,水生根茎类,39.501000000000005,273.66360000000003,0.0,6.928017012227539,0
2021-10-04,茄类,20.632000000000005,183.236,0.0,8.881155486622719,0
2021-10-04,辣椒类,67.602,441.76000000000033,0.0,6.534717907754213,0
2021-10-04,食用菌,38.49699999999999,404.46180000000015,14.263000000000005,10.506319972984913,0
2021-10-05,花叶类,180.88899999999978,1407.9388,19.255000000000003,7.783440673562248,1
2021-10-05,花菜类,51.13400000000001,511.3400000000005,0.0,10.000000000000009,1
2021-10-05,水生根茎类,53.812999999999995,460.0,0.0,8.54812034266813,1
2021-10-05,茄类,35.63399999999998,257.68200000000013,0.0,7.231352079474667,1
2021-10-05,辣椒类,73.28000000000002,493.6640000000004,0.0,6.7366812227074275,1
2021-10-05,食用菌,33.25499999999999,266.12940000000003,8.432,8.002688317546237,1
2021-10-06,花叶类,264.06799999999964,1934.5769999999998,26.876,7.326056167350843,2
2021-10-06,花菜类,41.57299999999997,415.72999999999996,0.0,10.000000000000005,2
2021-10-06,水生根茎类,50.349,339.1484,0.0,6.735951061590101,2
2021-10-06,茄类,23.643000000000004,209.06900000000002,0.0,8.842744152603307,2
2021-10-06,辣椒类,78.09700000000002,461.3520000000002,0.0,5.907422820338811,2
2021-10-06,食用菌,55.72300000000003,622.3236,0.0,11.168163953843113,2
2021-10-07,花叶类,183.46700000000013,1264.1273999999996,20.894,6.890216769228247,3
2021-10-07,花菜类,23.277999999999984,279.336,0.0,12.000000000000009,3
2021-10-07,水生根茎类,51.56999999999999,345.18680000000006,0.0,6.693558270312199,3
2021-10-07,茄类,20.343000000000004,196.923,0.0,9.680135673204541,3
2021-10-07,辣椒类,62.907999999999994,359.87600000000003,0.0,5.720671456730464,3
2021-10-07,食用菌,45.794,475.87439999999975,0.0,10.391632091540371,3
2021-10-08,花叶类,138.09600000000003,917.483,20.476,6.643805758313055,4
2021-10-08,花菜类,19.822999999999997,277.52200000000005,0.0,14.000000000000005,4
2021-10-08,水生根茎类,49.69500000000001,373.48440000000005,0.0,7.515532749773619,4
2021-10-08,茄类,23.041000000000004,225.09800000000007,0.0,9.769454450761687,4
2021-10-08,辣椒类,65.80499999999999,375.3119999999998,0.0,5.703396398449963,4
2021-10-08,食用菌,49.06199999999999,519.6911999999998,0.0,10.592540051363578,4
2021-10-09,花叶类,132.74400000000006,1008.1576000000003,18.573999999999998,7.5947507985295,5
2021-10-09,花菜类,22.221999999999994,311.108,0.0,14.000000000000004,5
2021-10-09,水生根茎类,41.198,281.7924,0.0,6.839953395795912,5
2021-10-09,茄类,16.791999999999998,164.88,0.0,9.818961410195332,5
2021-10-09,辣椒类,61.37700000000002,358.0920000000001,0.0,5.834302751845153,5
2021-10-09,食用菌,33.339999999999996,312.23199999999997,0.0,9.36508698260348,5
2021-10-10,花叶类,262.56199999999984,2018.3731999999984,32.471,7.687225112544845,6
2021-10-10,花菜类,40.32900000000001,560.99,0.904,13.910337474274094,6
2021-10-10,水生根茎类,58.70399999999999,398.10239999999993,0.0,6.781520850367947,6
2021-10-10,茄类,24.273,251.77300000000002,0.0,10.37255386643596,6
2021-10-10,辣椒类,109.84100000000004,610.1019999999999,0.0,5.554410466037269,6
2021-10-10,食用菌,77.621,688.1965999999996,0.0,8.866113551745013,6
2021-10-11,花叶类,88.44700000000005,687.6928000000004,9.153,7.775196445328842,0
2021-10-11,花菜类,4.407,44.07,4.407,10.0,0
2021-10-11,水生根茎类,45.35099999999999,290.71379999999994,39.683,6.4103062777006015,0
2021-10-11,茄类,14.56,130.286,0.0,8.948214285714286,0
2021-10-11,辣椒类,64.75499999999995,380.5800000000001,0.0,5.877229557563128,0
2021-10-11,食用菌,26.96,156.23600000000002,0.0,5.795103857566766,0
2021-10-12,花叶类,99.67399999999994,806.4465999999996,8.983,8.090842145393987,1
2021-10-12,花菜类,18.362000000000005,246.95399999999998,5.057,13.449188541553202,1
2021-10-12,水生根茎类,29.952999999999996,186.0968,27.54799999999999,6.212960304477015,1
2021-10-12,茄类,12.799,127.98999999999998,0.0,9.999999999999998,1
2021-10-12,辣椒类,57.25699999999996,334.2756000000001,0.0,5.838161272857473,1
2021-10-12,食用菌,38.76900000000001,303.0844,0.0,7.817699708530009,1
2021-10-13,花叶类,88.23700000000004,666.0303999999999,5.990999999999999,7.5481986014936995,2
2021-10-13,花菜类,16.528000000000002,220.31800000000004,5.537000000000001,13.329985479186835,2
2021-10-13,水生根茎类,36.526,221.04060000000004,33.385,6.051596123309424,2
2021-10-13,茄类,11.277,116.582,0.0,10.338033164848808,2
2021-10-13,辣椒类,44.341,269.4400000000001,0.0,6.076543154191383,2
2021-10-13,食用菌,39.51000000000001,376.79800000000006,0.0,9.536775499873448,2
2021-10-14,花叶类,77.80900000000003,680.1735999999997,5.675,8.741580022876525,3
2021-10-14,花菜类,14.852000000000002,198.29999999999998,4.814,13.351737139779152,3
2021-10-14,水生根茎类,38.263999999999996,237.63359999999997,33.506,6.210370060631403,3
2021-10-14,茄类,10.190999999999999,101.91000000000001,0.0,10.000000000000002,3
2021-10-14,辣椒类,38.43099999999998,272.7306,0.0,7.096630324477638,3
2021-10-14,食用菌,28.438000000000002,314.5724,0.0,11.061692102116886,3
2021-10-15,花叶类,146.29699999999988,1397.245199999999,10.949999999999998,9.550744034395784,4
2021-10-15,花菜类,23.990999999999996,297.052,6.419,12.38180984535868,4
2021-10-15,水生根茎类,65.65899999999999,417.6166,47.667,6.360386237987177,4
2021-10-15,茄类,10.811000000000002,132.124,0.0,12.221256128017757,4
2021-10-15,辣椒类,54.93300000000001,459.28859999999986,0.0,8.360886898585546,4
2021-10-15,食用菌,84.89000000000006,971.121999999999,0.0,11.439769112969707,4
2021-10-16,花叶类,273.58199999999965,2324.4889999999978,63.54499999999999,8.496498307637202,5
2021-10-16,花菜类,36.279999999999994,490.196,8.862,13.511466372657114,5
2021-10-16,水生根茎类,54.821,364.2019999999999,46.02499999999999,6.64347604020357,5
2021-10-16,茄类,14.772,180.23000000000002,0.0,12.20078526942865,5
2021-10-16,辣椒类,93.37299999999999,750.6456000000002,0.0,8.039214762297455,5
2021-10-16,食用菌,73.51400000000001,664.2023999999997,0.0,9.035046385722442,5
2021-10-17,花叶类,163.5889999999998,1519.9829999999995,14.913000000000002,9.291474365635839,6
2021-10-17,花菜类,26.794999999999995,364.3080000000002,5.4110000000000005,13.596118678858007,6
2021-10-17,水生根茎类,56.019999999999996,356.49359999999996,45.065,6.3636843984291325,6
2021-10-17,茄类,13.639000000000003,171.464,0.0,12.571596158076103,6
2021-10-17,辣椒类,64.308,468.476,0.0,7.284879019717608,6
2021-10-17,食用菌,65.81599999999999,788.7599999999996,28.592000000000002,11.984319922207362,6
2021-10-18,花叶类,84.78400000000002,795.0074000000001,0.0,9.37685648235516,0
2021-10-18,花菜类,20.606000000000005,293.11240000000015,0.0,14.22461419004174,0
2021-10-18,水生根茎类,44.513,280.3478,36.099,6.298110664300317,0
2021-10-18,茄类,10.501999999999999,138.232,0.0,13.162445248524092,0
2021-10-18,辣椒类,40.29000000000001,321.784,0.0,7.986696450732189,0
2021-10-18,食用菌,30.06600000000001,267.3668,8.366000000000001,8.89266280848799,0
2021-10-19,花叶类,78.684,687.9512000000008,0.0,8.743215901581017,1
2021-10-19,花菜类,16.957999999999995,237.41199999999998,0.0,14.000000000000004,1
2021-10-19,水生根茎类,42.73799999999999,266.19500000000005,37.52199999999999,6.228531985586599,1
2021-10-19,茄类,8.765999999999998,101.846,0.0,11.618297969427335,1
2021-10-19,辣椒类,40.052,293.57399999999996,0.0,7.329821232397881,1
2021-10-19,食用菌,32.19999999999999,309.25900000000007,10.145,9.60431677018634,1
2021-10-20,花叶类,109.33900000000004,1102.1847999999995,0.0,10.080436074959522,2
2021-10-20,花菜类,25.153999999999996,352.1559999999999,0.0,13.999999999999998,2
2021-10-20,水生根茎类,41.24799999999999,266.51480000000004,26.938999999999997,6.461278122575642,2
2021-10-20,茄类,8.978000000000002,104.87999999999998,0.0,11.681889062151923,2
2021-10-20,辣椒类,43.47999999999998,407.42999999999995,0.0,9.370515179392827,2
2021-10-20,食用菌,41.794,358.6297999999998,11.567,8.58089199406613,2
2021-10-21,花叶类,79.85799999999995,825.3270000000001,0.0,10.334932004307655,3
2021-10-21,花菜类,11.947000000000003,215.04600000000002,0.0,17.999999999999996,3
2021-10-21,水生根茎类,46.91,283.3716000000001,43.72399999999999,6.040750373054789,3
2021-10-21,茄类,11.261999999999999,154.95600000000002,0.0,13.759190197123072,3
2021-10-21,辣椒类,29.336000000000002,302.2700000000001,0.0,10.30372238887374,3
2021-10-21,食用菌,38.753,300.949,6.731000000000001,7.765824581322737,3
2021-10-22,花叶类,75.93599999999998,759.924,0.0,10.00742730720607,4
2021-10-22,花菜类,16.412000000000003,295.416,0.0,17.999999999999996,4
2021-10-22,水生根茎类,45.31499999999999,284.36859999999996,41.117999999999995,6.275374600022068,4
2021-10-22,茄类,5.062,70.44000000000001,0.0,13.915448439352037,4
2021-10-22,辣椒类,30.078000000000003,300.1539999999999,0.0,9.979187445973796,4
2021-10-22,食用菌,40.039000000000016,357.60519999999985,10.354000000000001,8.931421863682901,4
2021-10-23,花叶类,99.49800000000003,1055.5225999999998,0.0,10.608480572473812,5
2021-10-23,花菜类,18.085999999999995,358.1027999999999,0.0,19.8,5
2021-10-23,水生根茎类,61.273999999999994,386.3061999999998,49.31699999999999,6.304569638019386,5
2021-10-23,茄类,9.346,129.19200000000004,0.0,13.823239888722451,5
2021-10-23,辣椒类,51.36300000000001,468.24800000000016,0.0,9.116445690477583,5
2021-10-23,食用菌,87.82799999999997,731.547999999999,0.0,8.329325499840587,5
2021-10-24,花叶类,101.01400000000005,1038.1104000000003,0.0,10.276896271803906,6
2021-10-24,花菜类,9.108,180.33839999999998,0.0,19.799999999999997,6
2021-10-24,水生根茎类,47.917,296.5060000000001,43.219,6.187908258029511,6
2021-10-24,茄类,11.389,150.57,0.0,13.220651505838967,6
2021-10-24,辣椒类,41.48099999999999,383.6859999999999,0.0,9.249680576649551,6
2021-10-24,食用菌,55.632000000000005,461.5119999999998,0.0,8.295800977854467,6
2021-10-25,花叶类,48.55600000000001,479.7943999999998,0.0,9.881258752780289,0
2021-10-25,花菜类,8.749,173.2302,0.0,19.799999999999997,0
2021-10-25,水生根茎类,33.696,209.3297999999999,28.352999999999994,6.212304131054128,0
2021-10-25,茄类,7.279000000000001,97.40400000000002,0.0,13.381508448962771,0
2021-10-25,辣椒类,27.46,262.4644,0.0,9.558062636562273,0
2021-10-25,食用菌,46.731,396.69599999999974,0.0,8.488925980612436,0
2021-10-26,花叶类,66.948,680.8490000000003,0.0,10.169818366493402,1
2021-10-26,花菜类,12.041,238.4118,0.0,19.8,1
2021-10-26,水生根茎类,37.216,226.183,34.864000000000004,6.077574161650903,1
2021-10-26,茄类,8.679999999999998,115.686,0.0,13.327880184331802,1
2021-10-26,辣椒类,35.664,399.29699999999997,0.0,11.196080080753699,1
2021-10-26,食用菌,48.63699999999997,420.1919999999998,0.0,8.639348644036433,1
2021-10-27,花叶类,94.72700000000005,768.9448000000001,31.685000000000006,8.117482871831681,2
2021-10-27,花菜类,15.305,303.039,0.0,19.8,2
2021-10-27,水生根茎类,36.161,218.44739999999993,33.692,6.040966787422912,2
2021-10-27,茄类,6.836000000000001,97.2324,0.0,14.22358104154476,2
2021-10-27,辣椒类,32.69200000000001,346.3274,0.0,10.593643704881925,2
2021-10-27,食用菌,35.369000000000014,327.9040000000001,0.0,9.270943481579915,2
2021-10-28,花叶类,80.94100000000002,688.7150000000001,27.989,8.508852126857835,3
2021-10-28,花菜类,6.449,127.69020000000002,0.0,19.800000000000004,3
2021-10-28,水生根茎类,37.949000000000005,230.4564,33.345,6.07279243194814,3
2021-10-28,茄类,3.1220000000000003,44.8044,0.0,14.351185137732221,3
2021-10-28,辣椒类,25.501999999999995,292.4822,0.0,11.468990667398637,3
2021-10-28,食用菌,31.658999999999992,330.044,0.0,10.424966044410754,3
2021-10-29,花叶类,89.72999999999995,859.3716000000005,19.708000000000002,9.577305249080586,4
2021-10-29,花菜类,13.574000000000002,244.33200000000005,0.0,18.0,4
2021-10-29,水生根茎类,40.045,242.9136,35.639,6.066015732301161,4
2021-10-29,茄类,11.124,125.136,0.0,11.249190938511326,4
2021-10-29,辣椒类,25.202999999999992,315.09440000000006,0.0,12.502257667737974,4
2021-10-29,食用菌,47.925999999999995,413.3639999999998,0.0,8.625046947377204,4
2021-10-30,花叶类,140.981,1161.3328000000001,42.44299999999999,8.237512856342345,5
2021-10-30,花菜类,17.279,241.90599999999995,0.0,13.999999999999996,5
2021-10-30,水生根茎类,59.756,372.5045999999998,52.975,6.233760626547959,5
2021-10-30,茄类,12.133,129.792,0.0,10.697436742767659,5
2021-10-30,辣椒类,26.18099999999999,333.81999999999994,0.0,12.750467896566214,5
2021-10-30,食用菌,79.731,692.9339999999994,0.0,8.690898145012598,5
2021-10-31,花叶类,92.34199999999996,847.7489999999988,13.547000000000002,9.180535401009283,6
2021-10-31,花菜类,28.424000000000003,397.9360000000001,0.0,14.000000000000002,6
2021-10-31,水生根茎类,55.961,340.2204,48.537,6.079598291667411,6
2021-10-31,茄类,8.639000000000001,106.16400000000002,0.0,12.28892232897326,6
2021-10-31,辣椒类,35.23700000000001,444.79,0.0,12.622811249538834,6
2021-10-31,食用菌,75.30499999999999,689.2129999999988,0.0,9.152287364716804,6
2021-11-01,花叶类,60.96900000000003,564.2226000000002,0.0,9.25425380111204,0
2021-11-01,花菜类,26.239999999999995,314.88000000000005,0.0,12.000000000000004,0
2021-11-01,水生根茎类,44.315999999999995,269.54519999999997,38.234,6.0823449769834825,0
2021-11-01,茄类,10.293000000000003,114.52000000000001,0.0,11.126007966579227,0
2021-11-01,辣椒类,23.438999999999997,272.218,0.0,11.613891377618502,0
2021-11-01,食用菌,40.999,381.01379999999966,0.0,9.293246176736009,0
2021-11-02,花叶类,68.05499999999999,517.5858000000002,0.633,7.605404452281246,1
2021-11-02,花菜类,25.844000000000005,310.128,0.0,11.999999999999996,1
2021-11-02,水生根茎类,39.893,240.89460000000003,37.332,6.03851803574562,1
2021-11-02,茄类,13.550999999999998,152.258,0.0,11.235923548077634,1
2021-11-02,辣椒类,25.556000000000004,324.11800000000017,0.0,12.682657692909693,1
2021-11-02,食用菌,49.66699999999999,414.86279999999977,0.0,8.352886222240116,1
2021-11-03,花叶类,50.571999999999996,393.6169999999999,0.512,7.783299058767696,2
2021-11-03,花菜类,27.868000000000006,334.4159999999999,0.0,11.999999999999993,2
2021-11-03,水生根茎类,39.940999999999995,242.4264,35.306999999999995,6.069612678701085,2
2021-11-03,茄类,5.176,65.61,0.0,12.6758114374034,2
2021-11-03,辣椒类,25.358999999999998,317.80800000000016,0.0,12.532355376789313,2
2021-11-03,食用菌,82.95700000000004,669.7339999999995,5.0,8.073266873199358,2
2021-11-04,花叶类,64.05100000000003,484.37300000000016,1.1350000000000002,7.5623019156609566,3
2021-11-04,花菜类,23.878999999999994,286.548,0.0,12.000000000000004,3
2021-11-04,水生根茎类,42.36599999999999,269.025,34.150999999999996,6.350021243449937,3
2021-11-04,茄类,12.227,132.40000000000003,0.0,10.828494315858348,3
2021-11-04,辣椒类,24.240999999999996,313.5379999999999,0.0,12.934202384390082,3
2021-11-04,食用菌,61.12200000000004,643.0155999999994,3.0,10.520198946369538,3
2021-11-05,花叶类,83.34500000000001,577.9776,1.807,6.934760333553302,4
2021-11-05,花菜类,37.479000000000006,448.34399999999994,0.0,11.962539021852233,4
2021-11-05,水生根茎类,58.695999999999984,355.61519999999985,52.963999999999984,6.058593430557448,4
2021-11-05,茄类,6.523999999999999,68.56400000000001,0.0,10.50950337216432,4
2021-11-05,辣椒类,37.12299999999999,441.74200000000013,14.591000000000001,11.899415456724949,4
2021-11-05,食用菌,104.6079999999999,959.3959999999996,0.0,9.171344447843381,4
2021-11-06,花叶类,108.54800000000007,903.3570000000001,0.0,8.322189261893351,5
2021-11-06,花菜类,26.725,271.56400000000014,25.906000000000006,10.161421889616468,5
2021-11-06,水生根茎类,63.927,391.7862,58.007999999999996,6.128649866253696,5
2021-11-06,茄类,9.658000000000001,101.27999999999999,0.0,10.486643197349345,5
2021-11-06,辣椒类,35.492999999999995,432.68999999999994,7.945000000000001,12.190854534696983,5
2021-11-06,食用菌,128.9930000000001,1282.1977999999995,0.0,9.940057212406861,5
2021-11-07,花叶类,145.88700000000023,1285.2149999999988,0.0,8.809660901930924,6
2021-11-07,花菜类,35.638,367.0660000000001,30.295000000000005,10.299848476345478,6
2021-11-07,水生根茎类,64.62199999999999,393.12960000000004,59.51999999999999,6.083525734270065,6
2021-11-07,茄类,14.184999999999995,156.752,0.0,11.050546351780055,6
2021-11-07,辣椒类,46.669000000000004,573.1400000000001,5.561,12.280957380702395,6
2021-11-07,食用菌,155.02900000000005,1448.5413999999978,0.0,9.343680214669495,6
2021-11-08,花叶类,66.37600000000003,526.5110000000003,0.0,7.932249608292154,0
2021-11-08,花菜类,28.295999999999992,294.816,22.368000000000002,10.41899915182358,0
2021-11-08,水生根茎类,58.81100000000003,378.6287999999998,52.04500000000003,6.4380609069731785,0
2021-11-08,茄类,10.662,128.23000000000002,0.0,12.026824235603078,0
2021-11-08,辣椒类,24.775,310.74800000000005,0.0,12.542805247225028,0
2021-11-08,食用菌,58.55799999999999,583.9039999999997,0.0,9.971378803920894,0
2021-11-09,花叶类,44.43100000000002,369.59999999999997,0.0,8.318516351196232,1
2021-11-09,花菜类,27.373,281.82200000000006,23.887000000000004,10.295619771307495,1
2021-11-09,水生根茎类,43.617000000000004,271.9474000000001,37.57000000000001,6.234894651168124,1
2021-11-09,茄类,3.419,41.028000000000006,0.0,12.000000000000002,1
2021-11-09,辣椒类,23.62599999999999,303.082,0.0,12.828324726995687,1
2021-11-09,食用菌,52.288000000000004,567.8439999999996,0.0,10.859929620563028,1
2021-11-10,花叶类,49.06300000000002,364.34000000000003,0.0,7.425962537961395,2
2021-11-10,花菜类,27.65600000000001,280.626,25.623000000000008,10.147020538038758,2
2021-11-10,水生根茎类,49.851000000000006,307.9312,45.492999999999995,6.177031554031012,2
2021-11-10,茄类,3.0439999999999996,36.528000000000006,0.0,12.000000000000004,2
2021-11-10,辣椒类,28.64200000000001,359.6440000000001,7.284,12.556525382305704,2
2021-11-10,食用菌,48.09599999999999,487.23999999999967,0.0,10.130572188955417,2
2021-11-11,花叶类,48.78700000000001,417.41800000000023,0.0,8.55592678377437,3
2021-11-11,花菜类,13.155999999999999,184.184,0.0,14.000000000000002,3
2021-11-11,水生根茎类,35.90300000000001,260.62100000000004,0.0,7.259031278723225,3
2021-11-11,茄类,3.602,44.858,0.0,12.453636868406441,3
2021-11-11,辣椒类,22.691999999999997,293.1318,4.3229999999999995,12.917847699629828,3
2021-11-11,食用菌,47.256,449.8279999999998,0.0,9.5189605552734,3
2021-11-12,花叶类,51.42200000000003,391.15500000000003,2.082,7.606763642020921,4
2021-11-12,花菜类,18.935000000000002,265.0900000000001,0.0,14.000000000000004,4
2021-11-12,水生根茎类,50.69600000000001,359.33920000000006,0.0,7.088117405712482,4
2021-11-12,茄类,10.337000000000002,131.926,0.0,12.76250362774499,4
2021-11-12,辣椒类,25.18200000000001,323.06020000000007,0.0,12.829012786911283,4
2021-11-12,食用菌,55.136,607.7399999999996,0.0,11.02256239117817,4
2021-11-13,花叶类,70.45199999999994,567.1639999999998,1.179,8.050360529154606,5
2021-11-13,花菜类,20.049,280.686,0.0,14.0,5
2021-11-13,水生根茎类,55.708,411.5256,0.0,7.387190349680477,5
2021-11-13,茄类,10.383,114.23400000000001,0.0,11.002022536839066,5
2021-11-13,辣椒类,28.79199999999999,376.8948,0.0,13.09026118366213,5
2021-11-13,食用菌,57.320999999999984,628.64,1.0,10.96701034524869,5
2021-11-14,花叶类,99.45599999999989,861.4760000000002,6.515,8.661880630630643,6
2021-11-14,花菜类,30.581999999999994,428.148,0.0,14.000000000000004,6
2021-11-14,水生根茎类,53.00099999999998,379.9814000000002,0.0,7.169325107073457,6
2021-11-14,茄类,14.612000000000002,175.088,0.0,11.982480153298656,6
2021-11-14,辣椒类,39.41200000000003,444.64760000000007,0.0,11.282035928143706,6
2021-11-14,食用菌,71.07199999999999,815.0239999999992,0.0,11.467582170193596,6
2021-11-15,花叶类,42.62000000000001,349.28499999999997,0.0,8.195330830595962,0
2021-11-15,花菜类,12.676999999999998,177.478,0.0,14.000000000000004,0
2021-11-15,水生根茎类,28.879000000000005,202.15299999999996,0.0,6.999999999999997,0
2021-11-15,茄类,7.194000000000001,80.71199999999999,0.0,11.219349457881565,0
2021-11-15,辣椒类,29.576999999999995,332.53839999999997,0.0,11.243141630320858,0
2021-11-15,食用菌,36.290000000000006,343.2139999999999,5.659000000000001,9.457536511435652,0
2021-11-16,花叶类,53.51499999999998,439.63409999999993,8.64,8.215156498178082,1
2021-11-16,花菜类,12.524999999999999,175.35,0.0,14.000000000000002,1
2021-11-16,水生根茎类,19.63,137.41,0.0,7.0,1
2021-11-16,茄类,2.8339999999999996,34.814,0.0,12.284403669724773,1
2021-11-16,辣椒类,27.575,345.8831999999999,0.0,12.543361740707159,1
2021-11-16,食用菌,35.930000000000014,340.57199999999995,15.899999999999997,9.478764263846363,1
2021-11-17,花叶类,45.68899999999999,392.125,5.837000000000001,8.582481560112939,2
2021-11-17,花菜类,15.791000000000004,221.07399999999998,0.0,13.999999999999995,2
2021-11-17,水生根茎类,34.260000000000005,242.72,0.0,7.084646818447168,2
2021-11-17,茄类,7.202999999999999,81.08599999999998,0.0,11.257253921976952,2
2021-11-17,辣椒类,23.354999999999997,291.3305000000001,5.1930000000000005,12.474009847998293,2
2021-11-17,食用菌,43.70399999999999,371.9039999999999,16.05,8.509610104338273,2
2021-11-18,花叶类,41.86400000000001,353.2604000000002,3.6650000000000005,8.438285878081409,3
2021-11-18,花菜类,6.018000000000002,84.252,0.0,13.999999999999996,3
2021-11-18,水生根茎类,21.426,149.98200000000003,0.0,7.000000000000002,3
2021-11-18,茄类,3.246,37.936,0.0,11.686999383857055,3
2021-11-18,辣椒类,16.566000000000006,208.85040000000004,4.216,12.607171314741034,3
2021-11-18,食用菌,35.182,306.1679999999999,15.260000000000002,8.702404638735713,3
2021-11-19,花叶类,38.008,313.10899999999987,5.128,8.237976215533568,4
2021-11-19,花菜类,8.768,122.752,0.0,13.999999999999998,4
2021-11-19,水生根茎类,28.706,200.94200000000006,0.0,7.000000000000003,4
2021-11-19,茄类,6.776000000000001,77.75999999999999,0.0,11.475796930342382,4
2021-11-19,辣椒类,19.49,238.09160000000003,5.968,12.216090302719346,4
2021-11-19,食用菌,35.174000000000014,318.5712999999999,18.967000000000002,9.057010860294529,4
2021-11-20,花叶类,95.31100000000009,718.5646000000005,12.995000000000001,7.5391570752588875,5
2021-11-20,花菜类,14.406,230.496,0.0,16.0,5
2021-11-20,水生根茎类,54.14700000000001,374.47999999999996,0.0,6.915987958705005,5
2021-11-20,茄类,9.051,107.47800000000001,0.0,11.874709976798144,5
2021-11-20,辣椒类,33.727000000000004,395.6114000000001,0.0,11.729812909538355,5
2021-11-20,食用菌,73.711,562.5399999999995,25.145999999999997,7.631696761677355,5
2021-11-21,花叶类,80.77499999999999,618.4201999999998,4.436999999999999,7.656084184463013,6
2021-11-21,花菜类,19.738999999999997,315.82399999999996,0.0,16.0,6
2021-11-21,水生根茎类,47.590999999999994,290.21599999999995,39.81599999999998,6.098127797272594,6
2021-11-21,茄类,17.99,195.91600000000003,0.0,10.890272373540858,6
2021-11-21,辣椒类,30.259999999999998,356.24879999999996,0.0,11.772927957699933,6
2021-11-21,食用菌,102.367,723.5839999999989,10.0,7.068527943575556,6
2021-11-22,花叶类,42.24700000000001,389.73619999999994,0.0,9.225180486188366,0
2021-11-22,花菜类,9.755999999999998,136.584,0.0,14.000000000000002,0
2021-11-22,水生根茎类,32.75,198.61200000000002,27.618000000000002,6.064488549618321,0
2021-11-22,茄类,9.175,101.89,0.0,11.105177111716621,0
2021-11-22,辣椒类,22.03600000000001,246.29240000000016,0.0,11.176819749500819,0
2021-11-22,食用菌,24.415999999999997,260.6240000000001,1.0,10.67431192660551,0
2021-11-23,花叶类,55.622,415.01899999999983,0.0,7.461418143899893,1
2021-11-23,花菜类,9.495000000000001,132.93000000000004,0.0,14.000000000000002,1
2021-11-23,水生根茎类,31.403,191.40599999999992,27.642999999999997,6.095150144890614,1
2021-11-23,茄类,5.163,63.722,0.0,12.342049196203757,1
2021-11-23,辣椒类,18.00400000000001,204.00520000000003,0.0,11.331104199066871,1
2021-11-23,食用菌,24.705000000000002,189.68000000000004,0.0,7.6777980165958315,1
2021-11-24,花叶类,39.99100000000001,280.05199999999985,0.0,7.002875647020574,2
2021-11-24,花菜类,12.559,175.82600000000008,0.0,14.000000000000007,2
2021-11-24,水生根茎类,33.315000000000005,245.48200000000003,22.084,7.368512681975086,2
2021-11-24,茄类,9.216999999999999,115.586,0.0,12.540522946728872,2
2021-11-24,辣椒类,21.680000000000007,254.78160000000008,0.0,11.751918819188193,2
2021-11-24,食用菌,22.259000000000004,111.24400000000003,0.0,4.997708791949324,2
2021-11-25,花叶类,44.90600000000001,332.23480000000006,0.0,7.398450095755577,3
2021-11-25,花菜类,10.217000000000002,143.03799999999998,0.0,13.999999999999995,3
2021-11-25,水生根茎类,30.29900000000001,188.01099999999997,21.509999999999998,6.205188290042573,3
2021-11-25,茄类,5.166,64.892,0.0,12.561362756484707,3
2021-11-25,辣椒类,20.413,269.6948000000001,0.0,13.211913976387601,3
2021-11-25,食用菌,17.266,66.056,3.0,3.82578477933511,3
2021-11-26,花叶类,51.83600000000001,411.5536,11.885000000000002,7.939532371324947,4
2021-11-26,花菜类,17.510999999999996,210.132,0.0,12.000000000000004,4
2021-11-26,水生根茎类,41.234000000000016,277.963,34.32800000000001,6.741111703933645,4
2021-11-26,茄类,6.0600000000000005,67.744,0.0,11.178877887788778,4
2021-11-26,辣椒类,14.855000000000002,199.30659999999997,0.0,13.416802423426452,4
2021-11-26,食用菌,23.644000000000005,101.26100000000001,1.313,4.282735577736423,4
2021-11-27,花叶类,68.05699999999997,470.8972,7.494,6.919158940300045,5
2021-11-27,花菜类,23.114999999999995,277.38000000000005,0.0,12.000000000000005,5
2021-11-27,水生根茎类,58.67999999999998,368.20999999999987,51.33599999999999,6.274880708929789,5
2021-11-27,茄类,11.622000000000003,115.078,0.0,9.901738082946133,5
2021-11-27,辣椒类,37.346999999999994,459.0124000000002,0.0,12.290475807963164,5
2021-11-27,食用菌,43.64600000000001,188.8450000000001,1.0,4.3267424277138815,5
2021-11-28,花叶类,78.34700000000004,533.3474,9.481,6.8075025208367865,6
2021-11-28,花菜类,21.816999999999993,261.80400000000003,0.0,12.000000000000005,6
2021-11-28,水生根茎类,49.545999999999964,306.00800000000004,41.17699999999998,6.176240261575107,6
2021-11-28,茄类,9.694000000000003,101.00099999999998,0.0,10.418918918918914,6
2021-11-28,辣椒类,25.14900000000001,309.5644000000001,0.0,12.309213089983695,6
2021-11-28,食用菌,56.96,441.94599999999963,8.245,7.758883426966285,6
2021-11-29,花叶类,57.865,353.5784,6.598000000000002,6.110401797286788,0
2021-11-29,花菜类,9.181999999999999,110.184,0.0,12.000000000000002,0
2021-11-29,水生根茎类,29.920000000000005,181.99200000000005,24.024000000000008,6.082620320855615,0
2021-11-29,茄类,5.796000000000001,68.826,0.0,11.874741200828154,0
2021-11-29,辣椒类,19.811999999999998,247.37640000000002,0.0,12.486190187764993,0
2021-11-29,食用菌,20.934,96.07200000000002,0.0,4.589280596159359,0
2021-11-30,花叶类,43.00900000000001,301.60159999999996,7.142,7.012522960310631,1
2021-11-30,花菜类,25.736999999999995,257.36999999999995,0.0,10.0,1
2021-11-30,水生根茎类,30.368999999999996,184.356,25.775999999999996,6.070532450854491,1
2021-11-30,茄类,7.102999999999999,77.78999999999999,0.0,10.951710544840209,1
2021-11-30,辣椒类,32.47200000000001,336.06600000000014,0.0,10.349408721359943,1
2021-11-30,食用菌,30.467000000000002,122.86900000000009,0.0,4.032855220402405,1
2021-12-01,花叶类,73.79400000000001,431.8352000000002,0.0,5.851901238583085,2
2021-12-01,花菜类,18.538,185.3800000000001,0.0,10.000000000000005,2
2021-12-01,水生根茎类,30.014999999999997,223.81299999999996,0.0,7.456704980842911,2
2021-12-01,茄类,5.252000000000001,55.632000000000005,0.0,10.592536176694592,2
2021-12-01,辣椒类,24.119,244.9248,0.43899999999999995,10.15484887433144,2
2021-12-01,食用菌,24.864,92.75700000000005,0.0,3.7305743243243263,2
2021-12-02,花叶类,58.358999999999966,309.542,0.0,5.304100481502427,3
2021-12-02,花菜类,18.263000000000005,182.63,0.0,9.999999999999996,3
2021-12-02,水生根茎类,25.404,174.34,0.0,6.862698787592505,3
2021-12-02,茄类,4.473999999999999,48.58,0.0,10.858292355833708,3
2021-12-02,辣椒类,22.703000000000007,243.638,0.0,10.73153327754041,3
2021-12-02,食用菌,20.085000000000004,92.01000000000002,0.0,4.5810306198655715,3
2021-12-03,花叶类,73.84699999999995,394.23219999999986,0.0,5.338499871355642,4
2021-12-03,花菜类,20.738999999999994,248.86799999999997,0.0,12.000000000000002,4
2021-12-03,水生根茎类,18.924999999999997,117.278,0.0,6.196988110964334,4
2021-12-03,茄类,5.683000000000001,60.126,0.0,10.579975365124053,4
2021-12-03,辣椒类,25.931000000000008,277.74920000000003,0.0,10.711087115807333,4
2021-12-03,食用菌,54.49799999999999,453.17999999999944,0.0,8.315534515028066,4
2021-12-04,花叶类,93.90499999999996,571.4061999999996,0.0,6.084939034130236,5
2021-12-04,花菜类,22.86499999999999,320.1100000000001,0.0,14.00000000000001,5
2021-12-04,水生根茎类,62.259,373.55400000000003,0.0,6.000000000000001,5
2021-12-04,茄类,9.205,98.28000000000002,0.0,10.676806083650192,5
2021-12-04,辣椒类,36.35999999999998,422.1508000000001,0.0,11.61030803080309,5
2021-12-04,食用菌,92.69500000000004,723.9149999999998,0.179,7.8096445331463356,5
2021-12-05,花叶类,115.18400000000001,678.9419999999994,0.0,5.894412418391438,6
2021-12-05,花菜类,25.794999999999998,361.13000000000005,0.0,14.000000000000004,6
2021-12-05,水生根茎类,50.99400000000001,305.96399999999994,0.0,5.999999999999998,6
2021-12-05,茄类,10.650000000000002,116.658,0.0,10.953802816901407,6
2021-12-05,辣椒类,37.12299999999998,440.75199999999995,0.0,11.872747353392779,6
2021-12-05,食用菌,100.24399999999999,726.937999999999,0.0,7.251685886437084,6
2021-12-06,花叶类,64.231,434.3848000000001,1.5750000000000002,6.762852828073673,0
2021-12-06,花菜类,14.424,173.088,0.0,12.0,0
2021-12-06,水生根茎类,12.844,88.33,0.0,6.877141077545936,0
2021-12-06,茄类,8.862,83.86,5.942,9.462875197472354,0
2021-12-06,辣椒类,37.46099999999999,433.7952000000002,0.0,11.579915111716193,0
2021-12-06,食用菌,45.51099999999998,301.80899999999997,0.0,6.631561600492191,0
2021-12-07,花叶类,63.26300000000002,396.1328,0.0,6.26168218389896,1
2021-12-07,花菜类,16.638999999999996,199.66799999999998,0.0,12.000000000000002,1
2021-12-07,水生根茎类,31.830999999999996,216.89300000000006,0.0,6.813892117746853,1
2021-12-07,茄类,6.648,70.56200000000001,2.911,10.614019253910953,1
2021-12-07,辣椒类,29.638,351.38880000000023,0.0,11.856022673594717,1
2021-12-07,食用菌,36.62099999999998,319.6949999999998,0.0,8.729827148357499,1
2021-12-08,花叶类,70.37700000000004,414.1696,0.0,5.8850135697742125,2
2021-12-08,花菜类,15.059000000000001,210.82600000000002,0.0,14.0,2
2021-12-08,水生根茎类,25.31899999999999,174.43000000000006,0.0,6.889292626091083,2
2021-12-08,茄类,7.96,75.074,4.629,9.43140703517588,2
2021-12-08,辣椒类,24.71,282.6169999999999,0.0,11.43735329825981,2
2021-12-08,食用菌,48.245999999999995,328.7359999999999,2.0,6.813746217302987,2
2021-12-09,花叶类,57.67499999999999,328.89560000000006,0.0,5.702567837017774,3
2021-12-09,花菜类,12.174999999999997,170.45,0.0,14.000000000000002,3
2021-12-09,水生根茎类,25.262000000000004,171.41400000000004,0.0,6.7854484997229045,3
2021-12-09,茄类,7.2540000000000004,71.316,5.04,9.831265508684863,3
2021-12-09,辣椒类,24.153000000000006,287.4368,0.0,11.900666583861215,3
2021-12-09,食用菌,42.72799999999997,345.4819999999998,1.0,8.085611308743681,3
2021-12-10,花叶类,68.29599999999999,387.69580000000036,0.0,5.676698488930543,4
2021-12-10,花菜类,14.231,199.23399999999998,0.0,13.999999999999998,4
2021-12-10,水生根茎类,32.79199999999999,225.92000000000002,0.0,6.889485240302516,4
2021-12-10,茄类,8.928000000000003,77.90000000000002,6.626,8.725358422939069,4
2021-12-10,辣椒类,26.560000000000016,277.55999999999995,0.0,10.450301204819269,4
2021-12-10,食用菌,55.26299999999998,435.1379999999999,0.0,7.873948211280606,4
2021-12-11,花叶类,141.28700000000023,837.0659999999999,0.0,5.9245790483200755,5
2021-12-11,花菜类,30.449999999999996,426.29999999999984,0.0,13.999999999999996,5
2021-12-11,水生根茎类,124.24000000000008,669.4959999999996,38.358,5.388731487443651,5
2021-12-11,茄类,10.714,114.90599999999999,0.0,10.724845995893222,5
2021-12-11,辣椒类,43.574999999999996,461.8599999999999,0.0,10.599196787148593,5
2021-12-11,食用菌,121.63499999999995,876.3439999999987,0.0,7.2047025938257825,5
2021-12-12,花叶类,116.34900000000006,699.8226000000001,0.0,6.014857024985171,6
2021-12-12,花菜类,15.655999999999997,219.18399999999997,0.0,14.0,6
2021-12-12,水生根茎类,61.198000000000015,358.55999999999995,4.314,5.85901500049021,6
2021-12-12,茄类,10.425999999999998,108.89799999999998,0.0,10.444849414924228,6
2021-12-12,辣椒类,43.44399999999995,484.65200000000016,0.0,11.155786759966869,6
2021-12-12,食用菌,80.302,670.0079999999994,0.0,8.343602899056055,6
2021-12-13,花叶类,61.91500000000002,340.7077999999999,0.0,5.502831300977142,0
2021-12-13,花菜类,27.924999999999997,298.06399999999996,0.0,10.67373321396598,0
2021-12-13,水生根茎类,21.831999999999994,130.58999999999997,0.201,5.981586661780873,0
2021-12-13,茄类,1.537,17.46,0.0,11.359791802212102,0
2021-12-13,辣椒类,33.33299999999999,310.38500000000005,0.0,9.311643116431169,0
2021-12-13,食用菌,92.88400000000001,421.3559999999999,48.0,4.536367942810386,0
2021-12-14,花叶类,66.116,391.48820000000006,0.0,5.921232379454294,1
2021-12-14,花菜类,13.140999999999998,183.974,0.0,14.000000000000002,1
2021-12-14,水生根茎类,33.17499999999999,190.72599999999997,4.162,5.749088168801809,1
2021-12-14,茄类,5.472,59.519999999999996,0.0,10.877192982456139,1
2021-12-14,辣椒类,30.286999999999995,328.81300000000005,0.0,10.856572126655003,1
2021-12-14,食用菌,103.51600000000003,481.8319999999999,66.0,4.6546620812241555,1
2021-12-15,花叶类,101.66599999999997,505.67019999999997,18.0,4.973837861231878,2
2021-12-15,花菜类,18.179000000000002,218.14800000000002,0.0,12.0,2
2021-12-15,水生根茎类,2.6020000000000003,11.382000000000001,2.115,4.374327440430438,2
2021-12-15,茄类,6.2989999999999995,66.534,0.0,10.562628988728372,2
2021-12-15,辣椒类,29.24300000000001,277.03400000000005,0.0,9.473515029237765,2
2021-12-15,食用菌,63.72400000000003,417.5520000000001,28.0,6.552507689410581,2
2021-12-16,花叶类,99.12500000000006,420.44439999999975,13.597000000000001,4.241557629255985,3
2021-12-16,花菜类,25.768000000000004,206.14400000000003,0.0,8.0,3
2021-12-16,水生根茎类,39.56899999999999,237.41400000000004,0.0,6.000000000000003,3
2021-12-16,茄类,4.506,47.468,0.0,10.53439857967155,3
2021-12-16,辣椒类,33.832,329.4836000000001,0.0,9.738815322771343,3
2021-12-16,食用菌,51.85600000000002,438.31199999999995,0.0,8.452483801295891,3
2021-12-17,花叶类,97.58200000000004,459.14179999999976,5.018000000000001,4.705189481666697,4
2021-12-17,花菜类,34.299,274.392,0.0,8.0,4
2021-12-17,水生根茎类,40.154,240.924,0.0,6.0,4
2021-12-17,茄类,10.172999999999998,111.228,0.0,10.933647891477442,4
2021-12-17,辣椒类,34.227999999999994,346.75180000000006,0.0,10.130647423162326,4
2021-12-17,食用菌,69.72900000000001,504.21799999999956,0.0,7.231109007729918,4
2021-12-18,花叶类,109.38899999999994,524.7852000000005,3.801,4.797422044264056,5
2021-12-18,花菜类,42.24199999999999,337.9359999999999,0.0,8.0,5
2021-12-18,水生根茎类,70.55100000000002,380.26400000000007,0.0,5.389916514294623,5
2021-12-18,茄类,11.995999999999997,137.496,0.0,11.46182060686896,5
2021-12-18,辣椒类,59.29800000000003,541.3783999999999,0.0,9.12979189854632,5
2021-12-18,食用菌,114.01699999999995,790.5599999999991,0.0,6.933702868870427,5
2021-12-19,花叶类,147.8910000000001,669.8892,5.724,4.529614378156882,6
2021-12-19,花菜类,51.13299999999996,409.0639999999997,0.0,8.0,6
2021-12-19,水生根茎类,67.19000000000001,376.9651999999999,11.897,5.61043607679714,6
2021-12-19,茄类,9.451,105.48600000000002,0.0,11.161358586392975,6
2021-12-19,辣椒类,52.980000000000025,432.88520000000017,0.0,8.17072857682144,6
2021-12-19,食用菌,118.836,602.2579999999997,5.0,5.067976034198389,6
2021-12-20,花叶类,82.83200000000004,343.53400000000005,1.0,4.147358508788873,0
2021-12-20,花菜类,24.901,199.208,0.0,8.0,0
2021-12-20,水生根茎类,38.28300000000001,222.86299999999997,0.0,5.821461222997151,0
2021-12-20,茄类,6.115000000000001,66.73799999999999,0.0,10.913818479149628,0
2021-12-20,辣椒类,50.94799999999999,478.5836000000001,0.0,9.393569914422551,0
2021-12-20,食用菌,60.872,390.21600000000007,0.0,6.410435011170983,0
2021-12-21,花叶类,71.006,293.7380000000002,0.0,4.136805340393773,1
2021-12-21,花菜类,18.202,145.616,0.0,8.0,1
2021-12-21,水生根茎类,48.36900000000003,289.045,0.0,5.975831627695421,1
2021-12-21,茄类,6.431000000000001,72.88200000000002,0.0,11.33291867516716,1
2021-12-21,辣椒类,31.633000000000003,295.01439999999997,0.0,9.32615939050991,1
2021-12-21,食用菌,54.26100000000002,457.43599999999986,0.0,8.43029063231418,1
2021-12-22,花叶类,75.72900000000003,346.27699999999993,5.833,4.5725811776201954,2
2021-12-22,花菜类,14.458000000000002,115.66400000000002,0.0,8.0,2
2021-12-22,水生根茎类,31.46899999999999,184.37800000000004,0.0,5.859035876576952,2
2021-12-22,茄类,4.455,52.614,1.084,11.81010101010101,2
2021-12-22,辣椒类,22.569999999999993,219.5764,0.0,9.72868409393,2
2021-12-22,食用菌,50.26300000000001,351.966,4.0,7.002486918807073,2
2021-12-23,花叶类,91.2130000000001,411.13219999999984,2.0,4.507386008573333,3
2021-12-23,花菜类,24.07300000000001,191.17400000000006,0.0,7.941428156025422,3
2021-12-23,水生根茎类,30.020999999999994,180.12600000000006,0.0,6.0000000000000036,3
2021-12-23,茄类,6.562999999999999,62.928,3.4730000000000003,9.588298034435473,3
2021-12-23,辣椒类,33.503,317.8904,0.0,9.488415962749604,3
2021-12-23,食用菌,47.43000000000001,424.6349999999998,3.0,8.952877925363689,3
2021-12-24,花叶类,120.94400000000005,474.83039999999977,9.0,3.9260351898399226,4
2021-12-24,花菜类,30.134999999999987,271.2149999999999,0.0,9.000000000000002,4
2021-12-24,水生根茎类,35.440999999999995,212.646,0.0,6.0,4
2021-12-24,茄类,8.624,75.776,6.536,8.786641929499071,4
2021-12-24,辣椒类,52.243,478.47999999999996,0.0,9.158738969814136,4
2021-12-24,食用菌,63.083999999999996,527.473,0.0,8.361438716631792,4
2021-12-25,花叶类,180.7869999999998,800.2949999999993,2.0,4.426728691775405,5
2021-12-25,花菜类,33.162000000000006,298.4580000000001,0.0,9.0,5
2021-12-25,水生根茎类,66.83900000000001,401.034,0.0,5.999999999999999,5
2021-12-25,茄类,13.596000000000004,127.31800000000001,8.677,9.36437187408061,5
2021-12-25,辣椒类,65.33899999999998,616.0353999999996,0.0,9.428295504981708,5
2021-12-25,食用菌,137.5219999999999,1078.603999999999,52.91600000000004,7.84313782522069,5
2021-12-26,花叶类,209.30800000000005,925.3439999999989,1.0,4.42096814264146,6
2021-12-26,花菜类,28.497999999999998,256.4820000000001,0.0,9.000000000000004,6
2021-12-26,水生根茎类,95.58400000000002,573.5040000000002,0.0,6.000000000000002,6
2021-12-26,茄类,9.123000000000001,105.47399999999999,0.0,11.561328510358432,6
2021-12-26,辣椒类,64.14399999999998,571.0742,0.0,8.903002619107014,6
2021-12-26,食用菌,92.32200000000013,832.7279999999994,8.757,9.019821927601201,6
2021-12-27,花叶类,82.70500000000003,324.0019999999996,12.0,3.917562420651708,0
2021-12-27,花菜类,15.213000000000001,136.917,0.0,9.0,0
2021-12-27,水生根茎类,42.15500000000001,252.92999999999995,0.0,5.999999999999997,0
2021-12-27,茄类,5.3500000000000005,60.724000000000004,0.0,11.350280373831776,0
2021-12-27,辣椒类,37.586,309.63879999999995,0.0,8.238141861331346,0
2021-12-27,食用菌,37.642,205.8860000000001,7.552,5.469581850061105,0
2021-12-28,花叶类,86.04299999999999,351.14619999999985,5.0,4.081054821426495,1
2021-12-28,花菜类,24.145000000000003,217.3050000000001,0.0,9.000000000000002,1
2021-12-28,水生根茎类,35.054,210.324,0.0,6.0,1
2021-12-28,茄类,5.317,54.708000000000006,0.0,10.289260861388001,1
2021-12-28,辣椒类,42.784,384.44059999999996,5.67,8.985616118175018,1
2021-12-28,食用菌,39.004000000000005,148.18600000000012,6.873,3.799251358834994,1
2021-12-29,花叶类,68.16500000000002,309.2480000000003,1.0,4.536756399911981,2
2021-12-29,花菜类,24.749,197.992,0.0,8.0,2
2021-12-29,水生根茎类,34.882,209.29199999999997,0.0,6.0,2
2021-12-29,茄类,3.027,29.114,0.0,9.618103733069045,2
2021-12-29,辣椒类,35.300000000000004,306.34319999999997,5.896000000000001,8.6782776203966,2
2021-12-29,食用菌,28.395,144.38800000000003,3.744,5.08497974995598,2
2021-12-30,花叶类,84.271,324.49600000000004,8.0,3.8506247700869816,3
2021-12-30,花菜类,17.650999999999996,141.20799999999997,0.0,8.0,3
2021-12-30,水生根茎类,37.37,224.22000000000003,0.0,6.000000000000001,3
2021-12-30,茄类,11.272000000000002,118.17200000000001,0.0,10.483676366217175,3
2021-12-30,辣椒类,35.101,305.4254,4.65,8.701330446426029,3
2021-12-30,食用菌,31.745,154.77400000000006,4.4430000000000005,4.87553945503229,3
2021-12-31,花叶类,125.70099999999998,561.5304,3.0,4.467191191796406,4
2021-12-31,花菜类,69.793,395.91599999999977,0.0,5.672717894344701,4
2021-12-31,水生根茎类,60.713000000000044,364.27799999999974,0.0,5.999999999999991,4
2021-12-31,茄类,12.997,134.93599999999998,0.0,10.382088174194044,4
2021-12-31,辣椒类,66.31399999999998,613.8397999999999,0.0,9.256564224748923,4
2021-12-31,食用菌,88.95399999999994,759.3539999999994,4.0,8.536479528745193,4
2022-01-01,花叶类,138.40200000000002,600.517,15.0,4.338932963396482,5
2022-01-01,花菜类,38.272,306.176,0.0,8.0,5
2022-01-01,水生根茎类,82.65800000000002,495.94800000000015,0.0,6.000000000000001,5
2022-01-01,茄类,18.427999999999997,190.12800000000004,0.0,10.317343173431738,5
2022-01-01,辣椒类,57.832999999999984,521.5503999999996,0.0,9.018214514204688,5
2022-01-01,食用菌,90.65600000000003,759.6839999999995,0.0,8.379853512177895,5
2022-01-02,花叶类,110.05600000000004,442.5637999999999,20.0,4.021260085774513,6
2022-01-02,花菜类,26.605000000000008,212.84000000000006,0.0,8.0,6
2022-01-02,水生根茎类,27.438,164.62800000000001,0.0,6.000000000000001,6
2022-01-02,茄类,13.349000000000002,134.054,0.0,10.042250355831897,6
2022-01-02,辣椒类,45.68600000000001,427.0514,0.0,9.347533161143456,6
2022-01-02,食用菌,59.918,286.034,0.0,4.773757468540339,6
2022-01-03,花叶类,90.08099999999997,378.94119999999987,11.0,4.206671773181914,0
2022-01-03,花菜类,38.02700000000001,228.16199999999998,0.0,5.999999999999998,0
2022-01-03,水生根茎类,59.009000000000015,354.054,0.0,5.999999999999998,0
2022-01-03,茄类,12.781999999999998,131.342,0.0,10.275543733375061,0
2022-01-03,辣椒类,81.75400000000006,638.0601999999998,0.0,7.8046358587958915,0
2022-01-03,食用菌,59.04500000000001,495.8099999999998,2.0,8.397154712507405,0
2022-01-04,花叶类,70.38800000000002,286.0907999999999,10.0,4.064482582258337,1
2022-01-04,花菜类,45.25699999999999,271.5419999999999,0.0,5.999999999999999,1
2022-01-04,水生根茎类,46.59800000000001,279.58799999999997,0.0,5.999999999999997,1
2022-01-04,茄类,8.174000000000001,80.444,0.0,9.841448495228773,1
2022-01-04,辣椒类,58.20700000000001,441.17940000000004,0.0,7.579490439294243,1
2022-01-04,食用菌,63.47999999999999,528.2219999999998,3.0,8.321077504725896,1
2022-01-05,花叶类,65.65399999999998,262.4934,3.0,3.9981326347214194,2
2022-01-05,花菜类,39.687999999999974,238.128,0.0,6.0000000000000036,2
2022-01-05,水生根茎类,34.15,204.89999999999998,0.0,6.0,2
2022-01-05,茄类,9.827,102.40200000000002,0.0,10.420474203724435,2
2022-01-05,辣椒类,66.63799999999998,499.0403999999999,0.0,7.4888261952639645,2
2022-01-05,食用菌,40.43699999999999,353.706,5.0,8.747088062912681,2
2022-01-06,花叶类,60.316000000000024,231.1440000000001,1.0,3.8322169905166126,3
2022-01-06,花菜类,35.89699999999999,215.38200000000003,0.0,6.000000000000003,3
2022-01-06,水生根茎类,34.197999999999986,205.18800000000005,0.0,6.0000000000000036,3
2022-01-06,茄类,7.001,78.092,0.0,11.154406513355234,3
2022-01-06,辣椒类,66.85600000000002,508.57599999999985,0.0,7.607036017709699,3
2022-01-06,食用菌,44.163,341.69399999999985,3.0,7.737110250662316,3
2022-01-07,花叶类,90.66400000000002,357.3839999999999,2.0,3.9418512309185547,4
2022-01-07,花菜类,31.833999999999996,254.67199999999997,0.0,8.0,4
2022-01-07,水生根茎类,46.044999999999995,276.27,0.0,6.0,4
2022-01-07,茄类,16.284,178.16600000000003,0.0,10.941169245885535,4
2022-01-07,辣椒类,49.31999999999999,464.4669999999999,0.0,9.41741686942417,4
2022-01-07,食用菌,78.764,673.9480000000004,9.0,8.556548677060592,4
2022-01-08,花叶类,130.76600000000002,513.2044000000003,1.0,3.924601196029551,5
2022-01-08,花菜类,43.284000000000006,346.27200000000005,0.0,8.0,5
2022-01-08,水生根茎类,60.00599999999999,360.036,0.0,6.000000000000001,5
2022-01-08,茄类,14.223999999999997,152.986,0.0,10.75548368953881,5
2022-01-08,辣椒类,80.04600000000002,738.5087999999993,0.0,9.226055018364429,5
2022-01-08,食用菌,112.41199999999996,922.8159999999996,0.0,8.209230331281356,5
2022-01-09,花叶类,147.52799999999996,569.5886000000002,7.0,3.860884713410338,6
2022-01-09,花菜类,114.26200000000007,684.5119999999998,0.0,5.990723075038066,6
2022-01-09,水生根茎类,59.74100000000002,393.5459999999997,0.0,6.587536197921018,6
2022-01-09,茄类,11.879,131.102,0.0,11.036450879703679,6
2022-01-09,辣椒类,81.55599999999998,719.5474,0.0,8.822740203050667,6
2022-01-09,食用菌,84.80400000000004,751.5639999999997,3.0,8.862364982783824,6
2022-01-10,花叶类,76.36500000000002,281.7392000000001,4.0,3.6893760230472075,0
2022-01-10,花菜类,35.175000000000004,211.05000000000007,0.0,6.000000000000001,0
2022-01-10,水生根茎类,56.15300000000002,364.1099999999999,0.0,6.4842483927839965,0
2022-01-10,茄类,8.582000000000003,92.157,0.0,10.738405965975293,0
2022-01-10,辣椒类,57.48100000000001,537.8311999999997,0.0,9.356677858770718,0
2022-01-10,食用菌,46.232,417.79999999999995,0.0,9.037030628136355,0
2022-01-11,花叶类,86.15000000000005,322.4069999999997,6.0,3.742391178177592,1
2022-01-11,花菜类,54.46600000000001,326.79600000000016,0.0,6.000000000000002,1
2022-01-11,水生根茎类,29.823999999999998,201.68800000000007,0.0,6.762607296137342,1
2022-01-11,茄类,10.572999999999999,106.534,0.0,10.07604275040197,1
2022-01-11,辣椒类,81.87000000000006,674.9307999999995,0.0,8.243933064614621,1
2022-01-11,食用菌,33.489,240.61600000000013,3.0,7.184926393741232,1
2022-01-12,花叶类,85.232,322.0299999999999,11.0,3.778275764970902,2
2022-01-12,花菜类,35.007,210.04199999999994,0.0,5.999999999999999,2
2022-01-12,水生根茎类,41.62600000000002,292.656,0.0,7.030605871330415,2
2022-01-12,茄类,10.637,114.042,0.0,10.721255993231173,2
2022-01-12,辣椒类,74.88800000000003,579.28,2.0,7.735284691806427,2
2022-01-12,食用菌,46.61900000000001,291.5100000000001,5.0,6.253029880520819,2
2022-01-13,花叶类,73.369,256.6265999999999,13.0,3.4977524567596654,3
2022-01-13,花菜类,21.815999999999995,130.896,0.0,6.000000000000001,3
2022-01-13,水生根茎类,22.185,133.10999999999999,0.0,6.0,3
2022-01-13,茄类,12.889,144.23300000000003,0.0,11.190394910388706,3
2022-01-13,辣椒类,63.20900000000001,521.677,0.0,8.253207612839942,3
2022-01-13,食用菌,48.916000000000004,289.881,9.0,5.926097800310735,3
2022-01-14,花叶类,103.09899999999998,378.48839999999984,13.0,3.671116111698464,4
2022-01-14,花菜类,23.405,163.83499999999998,0.0,6.999999999999999,4
2022-01-14,水生根茎类,48.285,340.40999999999997,0.0,7.050015532774153,4
2022-01-14,茄类,6.1960000000000015,70.362,0.0,11.356036152356355,4
2022-01-14,辣椒类,78.34200000000001,631.7321999999999,0.0,8.063774220724513,4
2022-01-14,食用菌,53.083000000000006,340.02899999999994,13.0,6.405610082323906,4
2022-01-15,花叶类,124.10900000000005,479.85879999999975,14.0,3.866430315287365,5
2022-01-15,花菜类,37.53799999999999,262.76599999999996,0.0,7.000000000000001,5
2022-01-15,水生根茎类,56.825,376.0499999999998,0.0,6.617685877694672,5
2022-01-15,茄类,9.146,93.46800000000002,0.0,10.219549529849115,5
2022-01-15,辣椒类,96.24400000000006,817.2481999999995,0.0,8.491419724865956,5
2022-01-15,食用菌,49.827,259.886,1.0,5.215766552270858,5
2022-01-16,花叶类,137.1499999999999,539.6139999999999,5.0,3.9344804958075126,6
2022-01-16,花菜类,58.007000000000005,348.0419999999999,0.0,5.999999999999998,6
2022-01-16,水生根茎类,52.79399999999998,344.0639999999999,0.0,6.517104216388226,6
2022-01-16,茄类,14.67,153.406,0.0,10.457123381049762,6
2022-01-16,辣椒类,87.3360000000001,729.2985999999995,2.0,8.350492351378568,6
2022-01-16,食用菌,55.987,303.81,11.0,5.426438280315073,6
2022-01-17,花叶类,90.38300000000002,388.8109999999999,6.0,4.301815606917228,0
2022-01-17,花菜类,11.754999999999999,82.28500000000001,0.0,7.000000000000002,0
2022-01-17,水生根茎类,42.31199999999998,257.772,0.0,6.092172433352243,0
2022-01-17,茄类,10.665,111.798,0.0,10.48270042194093,0
2022-01-17,辣椒类,47.324000000000005,455.0512000000001,0.0,9.615653790888345,0
2022-01-17,食用菌,29.229,118.27400000000004,1.0,4.046460706832257,0
2022-01-18,花叶类,85.85199999999999,313.0460000000001,15.0,3.6463448725714036,1
2022-01-18,花菜类,9.210999999999999,64.47699999999999,0.0,7.0,1
2022-01-18,水生根茎类,32.417999999999985,194.50800000000007,0.0,6.000000000000004,1
2022-01-18,茄类,8.477999999999998,89.44600000000001,0.0,10.550365652276485,1
2022-01-18,辣椒类,56.23800000000002,518.9557999999998,0.0,9.227849496781529,1
2022-01-18,食用菌,38.752,327.2680000000001,1.0,8.445189925681257,1
2022-01-19,花叶类,129.67700000000002,519.6736000000001,12.0,4.0074461932339585,2
2022-01-19,花菜类,16.223,113.56099999999998,0.0,6.999999999999999,2
2022-01-19,水生根茎类,50.388999999999996,302.33400000000006,0.0,6.000000000000002,2
2022-01-19,茄类,4.2059999999999995,45.37199999999999,0.0,10.787446504992866,2
2022-01-19,辣椒类,55.989999999999995,541.0183999999996,0.0,9.662768351491332,2
2022-01-19,食用菌,72.068,546.1559999999997,0.0,7.578342676361211,2
2022-01-20,花叶类,134.87999999999994,573.1783999999998,7.0,4.249543297746145,3
2022-01-20,花菜类,32.31800000000001,226.22599999999994,0.0,6.999999999999996,3
2022-01-20,水生根茎类,55.56000000000001,333.35999999999996,0.0,5.999999999999998,3
2022-01-20,茄类,22.912,250.06,0.0,10.91393156424581,3
2022-01-20,辣椒类,68.16999999999999,657.9261999999999,1.0,9.651257151239548,3
2022-01-20,食用菌,78.14599999999994,593.3149999999993,5.0,7.592391165254775,3
2022-01-21,花叶类,146.06199999999998,597.6679999999996,8.0,4.091878791198256,4
2022-01-21,花菜类,32.03099999999999,224.21699999999993,0.0,7.0,4
2022-01-21,水生根茎类,58.294000000000004,405.03900000000004,0.0,6.948210793563661,4
2022-01-21,茄类,23.79800000000001,254.98200000000003,0.0,10.714429784015461,4
2022-01-21,辣椒类,81.34799999999998,831.4363999999995,2.0,10.220735605054822,4
2022-01-21,食用菌,77.10300000000002,602.6209999999998,0.0,7.815791862832828,4
2022-01-22,花叶类,210.29700000000003,1085.629799999999,1.0,5.162364655701217,5
2022-01-22,花菜类,64.54099999999998,516.3279999999999,0.0,8.0,5
2022-01-22,水生根茎类,64.68200000000002,631.7160000000001,0.0,9.766488358430475,5
2022-01-22,茄类,22.592,328.213,0.0,14.527841713881022,5
2022-01-22,辣椒类,103.67999999999999,1249.9309999999994,3.0,12.055661651234562,5
2022-01-22,食用菌,97.33300000000004,805.3059999999996,0.0,8.27372011547984,5
2022-01-23,花叶类,186.69299999999984,1042.0939999999991,0.0,5.581858987749943,6
2022-01-23,花菜类,74.24899999999997,590.2621999999998,0.0,7.949766326819217,6
2022-01-23,水生根茎类,68.28500000000003,722.1900000000004,0.0,10.576114812916455,6
2022-01-23,茄类,25.009,356.9970000000001,0.0,14.274741093206451,6
2022-01-23,辣椒类,124.43099999999995,1472.4865999999995,0.0,11.833760075865339,6
2022-01-23,食用菌,89.48300000000006,935.8899999999998,0.0,10.458858107126483,6
2022-01-24,花叶类,187.463,839.5799999999991,18.0,4.478643785707042,0
2022-01-24,花菜类,22.147,199.323,0.0,9.000000000000002,0
2022-01-24,水生根茎类,38.075999999999986,444.43199999999996,0.0,11.672234478411601,0
2022-01-24,茄类,25.579,367.66800000000006,0.0,14.373822276085853,0
2022-01-24,辣椒类,117.05600000000003,1434.4869999999985,0.0,12.254707148715129,0
2022-01-24,食用菌,68.44299999999998,845.2319999999997,0.0,12.349429452244934,0
2022-01-25,花叶类,153.19800000000004,837.6785999999989,15.0,5.467947362237097,1
2022-01-25,花菜类,48.876999999999974,488.7700000000002,0.0,10.000000000000009,1
2022-01-25,水生根茎类,70.849,804.1740000000001,0.0,11.350534234781014,1
2022-01-25,茄类,26.834000000000003,382.13200000000006,0.0,14.24059029589327,1
2022-01-25,辣椒类,85.37899999999999,1275.5726000000009,1.0,14.94012110706381,1
2022-01-25,食用菌,83.04300000000005,962.2499999999998,3.0,11.587370398468254,1
2022-01-26,花叶类,172.65100000000004,1024.1049999999993,10.0,5.9316482383536675,2
2022-01-26,花菜类,32.217000000000006,322.1699999999999,0.0,9.999999999999995,2
2022-01-26,水生根茎类,64.85800000000002,745.9710000000002,0.0,11.501603503037405,2
2022-01-26,茄类,31.875,462.49200000000013,0.0,14.509552941176475,2
2022-01-26,辣椒类,93.36199999999998,1397.9537999999993,2.0,14.973477431931617,2
2022-01-26,食用菌,87.09399999999997,866.1839999999992,3.0,9.945392334718804,2
2022-01-27,花叶类,169.50299999999993,843.2485999999989,13.905999999999999,4.974829944012786,3
2022-01-27,花菜类,58.02699999999999,580.2699999999998,0.0,9.999999999999998,3
2022-01-27,水生根茎类,95.02500000000002,1118.58,0.0,11.771428571428569,3
2022-01-27,茄类,21.962999999999997,356.44199999999995,0.0,16.22920366070209,3
2022-01-27,辣椒类,155.22099999999992,2285.401000000002,0.0,14.723529677041144,3
2022-01-27,食用菌,66.62099999999997,678.1151999999996,0.0,10.1787004097807,3
2022-01-28,花叶类,188.131,1082.7260000000008,12.0,5.755170599210129,4
2022-01-28,花菜类,85.25300000000003,852.5300000000001,0.0,9.999999999999998,4
2022-01-28,水生根茎类,197.93399999999997,2192.2360000000026,40.0,11.075590853516843,4
2022-01-28,茄类,54.803000000000004,968.3841999999997,0.0,17.67027717460722,4
2022-01-28,辣椒类,222.64800000000005,3474.228200000002,0.0,15.604129388092419,4
2022-01-28,食用菌,144.04,1414.4326000000003,0.0,9.819720910858099,4
2022-01-29,花叶类,207.67099999999996,1433.7049999999986,0.0,6.903732345873997,5
2022-01-29,花菜类,90.90699999999998,909.0699999999996,0.0,9.999999999999998,5
2022-01-29,水生根茎类,200.90499999999992,2262.9680000000053,0.0,11.263870983798343,5
2022-01-29,茄类,85.67199999999998,1509.0580000000002,0.0,17.614366420767585,5
2022-01-29,辣椒类,356.0310000000001,6271.501800000004,0.0,17.615044195589714,5
2022-01-29,食用菌,195.987,1854.3340000000028,0.0,9.461515304586543,5
2022-01-30,花叶类,229.02199999999982,1825.6929999999988,4.0,7.971692675812805,6
2022-01-30,花菜类,102.12799999999997,999.3668000000002,0.0,9.785433965220122,6
2022-01-30,水生根茎类,234.67800000000008,2746.6520000000064,0.0,11.703917708519782,6
2022-01-30,茄类,88.02799999999995,1526.0572000000004,0.0,17.336043077202724,6
2022-01-30,辣椒类,403.18499999999995,7456.5416,0.0,18.494094770390763,6
2022-01-30,食用菌,153.26100000000005,1925.815200000001,0.0,12.565592029283382,6
2022-01-31,花叶类,0.0,0.0,0.0,,0
2022-01-31,花菜类,0.0,0.0,0.0,,0
2022-01-31,水生根茎类,0.0,0.0,0.0,,0
2022-01-31,茄类,0.0,0.0,0.0,,0
2022-01-31,辣椒类,0.0,0.0,0.0,,0
2022-01-31,食用菌,0.0,0.0,0.0,,0
2022-02-01,花叶类,63.003000000000014,596.7829999999997,0.0,9.472294970080782,1
2022-02-01,花菜类,13.968000000000002,139.68000000000004,0.0,10.000000000000002,1
2022-02-01,水生根茎类,38.24999999999999,458.3149999999999,0.0,11.982091503267974,1
2022-02-01,茄类,18.859999999999996,328.40540000000004,0.0,17.41279957582185,1
2022-02-01,辣椒类,52.919999999999966,1049.8752,0.0,19.838911564625864,1
2022-02-01,食用菌,46.534,423.7263999999997,0.0,9.105737740146983,1
2022-02-02,花叶类,88.41200000000005,698.8079999999999,0.0,7.903994932814545,2
2022-02-02,花菜类,38.729,387.2900000000001,0.0,10.000000000000002,2
2022-02-02,水生根茎类,37.86800000000001,514.747,0.0,13.593192141121786,2
2022-02-02,茄类,29.265999999999995,507.798,0.0,17.35112417139343,2
2022-02-02,辣椒类,89.26999999999995,1687.0261999999998,0.0,18.8980194914305,2
2022-02-02,食用菌,104.52200000000002,834.5943999999987,10.484999999999998,7.984868257400342,2
2022-02-03,花叶类,116.53600000000007,705.0779999999994,0.0,6.0503020525846,3
2022-02-03,花菜类,26.228999999999996,262.29,0.0,10.000000000000002,3
2022-02-03,水生根茎类,7.01,74.076,0.0,10.56718972895863,3
2022-02-03,茄类,51.214999999999996,732.486,0.0,14.302177096553745,3
2022-02-03,辣椒类,125.95199999999997,2348.7061999999964,0.0,18.647629255589408,3
2022-02-03,食用菌,46.15199999999999,505.9554,0.0,10.962805512220491,3
2022-02-04,花叶类,216.49699999999987,1324.3793999999996,0.0,6.117310632479898,4
2022-02-04,花菜类,48.03600000000002,480.3600000000001,0.0,9.999999999999998,4
2022-02-04,水生根茎类,55.923,666.0180000000003,0.0,11.909554208465215,4
2022-02-04,茄类,49.811999999999976,717.4059999999996,0.0,14.402272544768328,4
2022-02-04,辣椒类,168.22899999999993,2445.1094000000003,0.0,14.534410832852846,4
2022-02-04,食用菌,62.23200000000001,585.0327999999996,0.0,9.40083558297981,4
2022-02-05,花叶类,208.189,1364.3689999999979,0.0,6.55351147274831,5
2022-02-05,花菜类,45.66499999999999,410.98499999999996,0.0,9.0,5
2022-02-05,水生根茎类,2.2030000000000003,21.456000000000003,0.0,9.739446209714027,5
2022-02-05,茄类,43.63700000000001,541.4920000000001,0.0,12.409010701927263,5
2022-02-05,辣椒类,79.34900000000003,1235.3020000000001,0.0,15.567959268547803,5
2022-02-05,食用菌,94.21699999999998,778.4773999999991,0.0,8.262600167697965,5
2022-02-06,花叶类,219.98499999999993,1398.8695999999968,3.0,6.358931745346261,6
2022-02-06,花菜类,52.78399999999999,475.05600000000015,0.0,9.000000000000004,6
2022-02-06,水生根茎类,66.87999999999997,779.7439999999999,0.0,11.658851674641152,6
2022-02-06,茄类,38.29900000000001,476.72400000000005,0.0,12.447426825765685,6
2022-02-06,辣椒类,127.90299999999999,1530.6256000000008,0.0,11.967081303800542,6
2022-02-06,食用菌,90.51899999999999,789.7433999999989,0.0,8.72461472177111,6
2022-02-07,花叶类,160.05399999999997,838.9130000000002,7.0,5.241437264923091,0
2022-02-07,花菜类,43.144000000000005,388.2960000000002,0.0,9.000000000000004,0
2022-02-07,水生根茎类,41.73499999999999,494.18400000000014,0.0,11.840996765304906,0
2022-02-07,茄类,25.718,319.606,0.0,12.427327163854109,0
2022-02-07,辣椒类,105.78300000000004,1367.798,0.0,12.930225083425498,0
2022-02-07,食用菌,89.42999999999995,648.0115999999992,0.0,7.246020351112597,0
2022-02-08,花叶类,162.297,965.4962000000007,2.0,5.948946684165454,1
2022-02-08,花菜类,44.616,341.60720000000003,0.0,7.656607495069034,1
2022-02-08,水生根茎类,29.778,294.99,0.0,9.906306669353215,1
2022-02-08,茄类,28.361,349.44599999999997,0.0,12.321356792778815,1
2022-02-08,辣椒类,83.10600000000001,1018.0769999999994,3.0,12.250342935528112,1
2022-02-08,食用菌,48.124,406.828,0.0,8.453744493392069,1
2022-02-09,花叶类,138.28799999999995,740.5577999999996,0.0,5.355184831655674,2
2022-02-09,花菜类,25.254999999999995,227.29499999999993,0.0,8.999999999999998,2
2022-02-09,水生根茎类,30.194,300.006,0.0,9.935947539246207,2
2022-02-09,茄类,17.826999999999995,217.33400000000003,0.0,12.191282885510748,2
2022-02-09,辣椒类,81.85900000000001,913.734,9.0,11.162291256917381,2
2022-02-09,食用菌,54.39800000000001,386.7011999999998,10.0,7.108739291885726,2
2022-02-10,花叶类,116.13300000000002,583.8773999999997,17.0,5.027661388235899,3
2022-02-10,花菜类,23.056999999999995,184.45599999999996,0.0,8.0,3
2022-02-10,水生根茎类,29.540000000000003,293.59000000000003,0.0,9.938727149627624,3
2022-02-10,茄类,18.122000000000003,205.86,0.0,11.359673325240038,3
2022-02-10,辣椒类,95.38999999999999,900.0087999999996,11.0,9.43504350560855,3
2022-02-10,食用菌,45.478000000000016,305.70399999999995,3.0,6.722019437970004,3
2022-02-11,花叶类,132.50799999999998,677.0573999999993,8.0,5.109558668155881,4
2022-02-11,花菜类,24.982,199.856,0.0,8.0,4
2022-02-11,水生根茎类,38.28599999999999,375.374,0.0,9.804471608420837,4
2022-02-11,茄类,16.356,188.33399999999995,0.0,11.514673514306672,4
2022-02-11,辣椒类,80.49599999999995,817.7109999999997,6.0,10.158405386603063,4
2022-02-11,食用菌,44.35000000000001,309.1000000000002,9.0,6.969560315670804,4
2022-02-12,花叶类,154.46699999999987,871.2256000000001,6.0,5.6402053513048145,5
2022-02-12,花菜类,35.481,283.848,0.0,8.0,5
2022-02-12,水生根茎类,58.416999999999994,482.5359999999998,0.0,8.260198229967301,5
2022-02-12,茄类,19.232999999999993,189.78599999999997,0.0,9.867727343628141,5
2022-02-12,辣椒类,63.243999999999986,671.8513999999997,1.0,10.623164252735435,5
2022-02-12,食用菌,44.628000000000014,306.904,3.0,6.87693824504795,5
2022-02-13,花叶类,165.84999999999988,881.5965999999994,3.0,5.315626168224299,6
2022-02-13,花菜类,37.881999999999984,303.05599999999987,0.0,8.0,6
2022-02-13,水生根茎类,38.75699999999999,309.7559999999999,0.0,7.992259462806718,6
2022-02-13,茄类,18.593000000000004,178.259,0.0,9.58742537514118,6
2022-02-13,辣椒类,53.380999999999986,583.6493999999999,0.0,10.933654296472529,6
2022-02-13,食用菌,62.028000000000006,394.0039999999996,0.0,6.352034565035138,6
2022-02-14,花叶类,150.01399999999992,631.1667999999996,10.0,4.2073859773087845,0
2022-02-14,花菜类,35.754000000000005,286.03200000000004,0.0,8.0,0
2022-02-14,水生根茎类,24.829000000000008,198.63200000000006,0.0,8.0,0
2022-02-14,茄类,22.164999999999996,215.701,0.0,9.731603879990978,0
2022-02-14,辣椒类,56.165,567.3326000000002,0.0,10.101176889521948,0
2022-02-14,食用菌,43.618,351.32399999999984,0.0,8.054564629281485,0
2022-02-15,花叶类,154.45300000000006,822.6562000000007,3.0,5.326255883666878,1
2022-02-15,花菜类,30.547000000000004,244.37600000000003,0.0,8.0,1
2022-02-15,水生根茎类,50.087,399.596,0.0,7.978038213508495,1
2022-02-15,茄类,13.33,131.351,0.0,9.853788447111778,1
2022-02-15,辣椒类,65.561,663.9595999999995,0.0,10.12735620262045,1
2022-02-15,食用菌,54.99600000000001,390.5279999999998,0.0,7.1010255291293864,1
2022-02-16,花叶类,99.01500000000003,358.3729999999999,16.0,3.6193809018835505,2
2022-02-16,花菜类,21.874999999999996,174.99999999999997,0.0,8.0,2
2022-02-16,水生根茎类,25.239999999999995,199.71999999999997,0.0,7.912836767036451,2
2022-02-16,茄类,8.002,80.02000000000001,0.0,10.0,2
2022-02-16,辣椒类,50.30600000000001,404.0907999999999,1.0,8.03265614439629,2
2022-02-16,食用菌,19.235000000000003,148.82999999999993,2.0,7.73745775929295,2
2022-02-17,花叶类,112.07700000000007,458.3089999999995,2.0,4.089233294966847,3
2022-02-17,花菜类,20.645000000000003,165.16000000000003,0.0,8.0,3
2022-02-17,水生根茎类,38.54,299.0199999999999,0.0,7.75869226777374,3
2022-02-17,茄类,16.258,151.97500000000002,0.0,9.347705744864069,3
2022-02-17,辣椒类,64.96,463.14799999999985,4.0,7.129741379310343,3
2022-02-17,食用菌,28.335000000000004,250.23000000000008,1.0,8.831127580730547,3
2022-02-18,花叶类,98.78299999999999,444.01880000000017,14.0,4.494890821295164,4
2022-02-18,花菜类,24.401000000000003,195.20800000000003,0.0,8.0,4
2022-02-18,水生根茎类,34.695,274.4600000000001,0.0,7.910649949560458,4
2022-02-18,茄类,13.181,124.17799999999997,0.0,9.420984750777633,4
2022-02-18,辣椒类,77.47899999999998,604.1515999999999,9.0,7.797617418913513,4
2022-02-18,食用菌,44.248999999999995,328.68199999999996,1.0,7.428009672534972,4
2022-02-19,花叶类,120.63999999999999,753.9449999999998,1.0,6.249544098143235,5
2022-02-19,花菜类,49.66500000000001,397.3200000000001,0.0,8.0,5
2022-02-19,水生根茎类,38.763,307.00399999999996,0.0,7.920026829708743,5
2022-02-19,茄类,19.604,194.12700000000004,0.0,9.902417873903287,5
2022-02-19,辣椒类,84.40900000000002,644.9955999999994,8.0,7.641313130116448,5
2022-02-19,食用菌,49.45300000000002,330.1539999999999,0.0,6.676116716882692,5
2022-02-20,花叶类,105.91799999999994,660.4081999999999,5.0,6.235089408787933,6
2022-02-20,花菜类,36.38600000000002,278.538,0.0,7.6550871214203235,6
2022-02-20,水生根茎类,35.58,284.64,0.0,8.0,6
2022-02-20,茄类,19.499000000000002,188.783,0.0,9.681675983383762,6
2022-02-20,辣椒类,80.20400000000001,635.0723999999998,7.0,7.918213555433641,6
2022-02-20,食用菌,29.075999999999997,238.2680000000001,0.0,8.194662264410514,6
2022-02-21,花叶类,85.38700000000003,477.69519999999966,8.0,5.594472226451328,0
2022-02-21,花菜类,28.045000000000005,224.36000000000004,0.0,8.0,0
2022-02-21,水生根茎类,26.034,208.272,0.0,8.0,0
2022-02-21,茄类,12.818999999999999,124.01399999999998,0.0,9.674233559560028,0
2022-02-21,辣椒类,54.12700000000002,544.3702000000002,3.0,10.057276405490791,0
2022-02-21,食用菌,11.196999999999997,118.94600000000001,0.0,10.623024024292224,0
2022-02-22,花叶类,78.35600000000001,451.291,12.0,5.759495124814946,1
2022-02-22,花菜类,21.47000000000001,171.76000000000008,0.0,8.0,1
2022-02-22,水生根茎类,25.200999999999997,201.60799999999998,0.0,8.0,1
2022-02-22,茄类,14.992999999999999,140.705,0.0,9.384712866004136,1
2022-02-22,辣椒类,83.42800000000001,750.9345999999995,14.0,9.00099007527448,1
2022-02-22,食用菌,14.499000000000002,139.08200000000002,0.0,9.592523622318781,1
2022-02-23,花叶类,65.20999999999998,399.698,4.0,6.129397331697594,2
2022-02-23,花菜类,28.796,230.368,0.0,8.0,2
2022-02-23,水生根茎类,17.076000000000004,136.60800000000003,0.0,8.0,2
2022-02-23,茄类,10.987000000000002,121.35099999999998,0.0,11.044962228087737,2
2022-02-23,辣椒类,46.04399999999999,400.6809999999999,9.0,8.70213274259404,2
2022-02-23,食用菌,16.979,123.32200000000003,0.0,7.2632074916072815,2
2022-02-24,花叶类,75.146,363.91799999999995,18.0,4.842812658025709,3
2022-02-24,花菜类,34.62400000000001,276.9920000000001,0.0,8.0,3
2022-02-24,水生根茎类,19.77800000000001,158.22400000000007,0.0,8.0,3
2022-02-24,茄类,11.294999999999998,129.83999999999997,0.0,11.49535192563081,3
2022-02-24,辣椒类,60.707,652.5508000000002,15.0,10.749185431663568,3
2022-02-24,食用菌,27.096999999999998,182.74600000000007,1.0,6.74414141786914,3
2022-02-25,花叶类,96.43199999999995,584.8487999999996,11.0,6.064883026381284,4
2022-02-25,花菜类,25.668000000000003,205.34400000000002,0.0,8.0,4
2022-02-25,水生根茎类,43.644000000000005,387.1519999999999,0.0,8.8706809641646,4
2022-02-25,茄类,15.162000000000003,166.19599999999997,0.0,10.961350745284259,4
2022-02-25,辣椒类,66.53900000000002,729.3868000000003,17.0,10.961793835194399,4
2022-02-25,食用菌,33.498000000000005,282.66400000000004,0.0,8.438235118514537,4
2022-02-26,花叶类,118.50700000000005,832.3856000000004,3.0,7.0239361387934895,5
2022-02-26,花菜类,29.244000000000018,292.44000000000005,0.0,9.999999999999996,5
2022-02-26,水生根茎类,40.830999999999996,326.64799999999997,0.0,8.0,5
2022-02-26,茄类,22.413000000000004,256.314,0.0,11.43595234908312,5
2022-02-26,辣椒类,96.27699999999992,1020.8487999999995,3.0,10.603246881394314,5
2022-02-26,食用菌,44.56,309.47999999999996,0.0,6.945242369838419,5
2022-02-27,花叶类,94.60699999999997,574.5275999999998,4.0,6.072781083852146,6
2022-02-27,花菜类,34.072,340.7200000000001,0.0,10.000000000000002,6
2022-02-27,水生根茎类,33.006,264.048,0.0,8.0,6
2022-02-27,茄类,17.194000000000003,203.20000000000005,0.0,11.818076073048738,6
2022-02-27,辣椒类,90.842,1024.7627999999993,7.0,11.28071596838466,6
2022-02-27,食用菌,29.747999999999998,214.16400000000013,4.0,7.199273900766443,6
2022-02-28,花叶类,77.285,456.05460000000005,12.0,5.900945849776801,0
2022-02-28,花菜类,22.582,225.82000000000002,0.0,10.0,0
2022-02-28,水生根茎类,27.838,167.02799999999996,0.0,5.999999999999998,0
2022-02-28,茄类,14.357999999999995,156.606,0.0,10.90722941913916,0
2022-02-28,辣椒类,66.12200000000001,663.3377999999999,9.0,10.032028674268773,0
2022-02-28,食用菌,11.887000000000002,132.366,1.0,11.135357954067468,0
2022-03-01,花叶类,75.28599999999999,439.0973999999998,12.0,5.832391148420688,1
2022-03-01,花菜类,22.944000000000006,229.44,0.0,9.999999999999996,1
2022-03-01,水生根茎类,5.051,30.305999999999997,0.0,5.999999999999999,1
2022-03-01,茄类,13.074999999999996,169.784,0.0,12.985391969407269,1
2022-03-01,辣椒类,60.582000000000015,627.8881999999996,4.0,10.364269915156308,1
2022-03-01,食用菌,18.112,141.71600000000007,0.0,7.824425795053008,1
2022-03-02,花叶类,70.10899999999998,391.43180000000007,9.0,5.583189034218148,2
2022-03-02,花菜类,18.904999999999998,189.04999999999995,0.0,9.999999999999998,2
2022-03-02,水生根茎类,23.171,139.026,0.0,6.000000000000001,2
2022-03-02,茄类,8.61,113.05600000000003,0.0,13.13077816492451,2
2022-03-02,辣椒类,69.75500000000002,740.0593999999996,23.0,10.60941007813059,2
2022-03-02,食用菌,17.916,165.3880000000001,0.0,9.231301629828092,2
2022-03-03,花叶类,62.04100000000001,359.65760000000006,7.0,5.797095469125256,3
2022-03-03,花菜类,21.880000000000006,218.80000000000004,0.0,9.999999999999998,3
2022-03-03,水生根茎类,27.705,166.23000000000002,0.0,6.000000000000001,3
2022-03-03,茄类,14.024999999999999,193.3822,0.0,13.788392156862747,3
2022-03-03,辣椒类,54.07500000000002,617.3777999999994,3.0,11.41706518723993,3
2022-03-03,食用菌,15.524999999999997,105.24999999999997,0.0,6.77938808373591,3
2022-03-04,花叶类,78.622,502.9667999999997,5.0,6.397278115540176,4
2022-03-04,花菜类,20.119,201.19000000000003,0.0,10.000000000000002,4
2022-03-04,水生根茎类,21.275999999999996,127.65599999999999,0.0,6.000000000000001,4
2022-03-04,茄类,9.297,111.927,0.0,12.039044853178444,4
2022-03-04,辣椒类,72.58999999999997,709.5125999999997,12.0,9.774247141479542,4
2022-03-04,食用菌,28.907999999999998,171.04400000000007,0.0,5.916839629168399,4
2022-03-05,花叶类,125.49499999999995,805.6015999999995,1.0,6.419392007649706,5
2022-03-05,花菜类,29.26900000000001,292.69000000000017,0.0,10.000000000000004,5
2022-03-05,水生根茎类,44.23000000000002,265.3799999999999,0.0,5.999999999999995,5
2022-03-05,茄类,14.835999999999999,204.01280000000006,0.0,13.751199784308444,5
2022-03-05,辣椒类,102.35799999999999,1161.7723999999992,13.0,11.350088903651882,5
2022-03-05,食用菌,33.725,233.35000000000016,0.0,6.919199406968129,5
2022-03-06,花叶类,141.17400000000006,951.4865999999994,2.0,6.739814696757186,6
2022-03-06,花菜类,31.38400000000001,310.0100000000001,0.0,9.87796329339791,6
2022-03-06,水生根茎类,47.11900000000001,282.714,0.0,5.999999999999999,6
2022-03-06,茄类,19.160999999999998,229.5456,0.0,11.979834037889464,6
2022-03-06,辣椒类,81.90400000000001,1119.4264,5.0,13.667542488767337,6
2022-03-06,食用菌,39.323000000000015,285.91400000000004,0.0,7.270910154362586,6
2022-03-07,花叶类,76.68599999999998,510.35360000000003,2.0,6.655107842370187,0
2022-03-07,花菜类,0.632,6.32,0.0,10.0,0
2022-03-07,水生根茎类,24.48199999999999,146.892,0.0,6.000000000000003,0
2022-03-07,茄类,11.448000000000002,143.75160000000002,0.0,12.55691823899371,0
2022-03-07,辣椒类,52.88899999999999,589.6570000000002,6.0,11.148953468585155,0
2022-03-07,食用菌,12.626,96.36800000000004,0.0,7.63250435609061,0
2022-03-08,花叶类,82.174,457.23379999999986,3.0,5.564214958502688,1
2022-03-08,花菜类,14.950999999999999,123.784,12.863,8.279312420573875,1
2022-03-08,水生根茎类,6.754,47.278,0.0,7.0,1
2022-03-08,茄类,9.594000000000001,125.44400000000002,0.0,13.075255367938295,1
2022-03-08,辣椒类,71.127,743.8087999999997,9.0,10.457474658006097,1
2022-03-08,食用菌,14.096,180.69160000000005,0.0,12.818643586833147,1
2022-03-09,花叶类,66.05899999999998,360.46360000000016,5.0,5.456691745258031,2
2022-03-09,花菜类,15.083999999999998,122.72,14.059999999999999,8.135773004508088,2
2022-03-09,水生根茎类,17.200000000000003,120.39999999999998,0.0,6.999999999999997,2
2022-03-09,茄类,8.401000000000002,114.39520000000002,0.0,13.616855136293298,2
2022-03-09,辣椒类,62.03599999999997,808.0728,6.0,13.025868850344967,2
2022-03-09,食用菌,21.91,193.05600000000004,1.0,8.811319032405295,2
2022-03-10,花叶类,73.50800000000002,376.8612,7.0,5.126805245687542,3
2022-03-10,花菜类,16.971,140.14599999999996,14.781999999999998,8.257969477343702,3
2022-03-10,水生根茎类,16.626,116.382,0.0,7.0,3
2022-03-10,茄类,10.189,137.57080000000005,0.0,13.501894199627053,3
2022-03-10,辣椒类,57.40700000000003,656.4479999999999,18.0,11.434981796645,3
2022-03-10,食用菌,14.375,126.50000000000003,0.0,8.800000000000002,3
2022-03-11,花叶类,88.82199999999997,527.4428000000001,11.0,5.938199995496615,4
2022-03-11,花菜类,19.221000000000007,161.42800000000005,15.972999999999997,8.398522449404297,4
2022-03-11,水生根茎类,29.63,207.41000000000003,0.0,7.000000000000001,4
2022-03-11,茄类,15.262000000000004,216.53680000000008,0.0,14.187970121871317,4
2022-03-11,辣椒类,53.281,581.6292,19.0,10.916259079221486,4
2022-03-11,食用菌,11.525000000000004,160.44,0.0,13.921041214750538,4
2022-03-12,花叶类,129.76599999999996,890.7003999999998,0.0,6.863896552255599,5
2022-03-12,花菜类,27.528999999999996,229.57399999999993,24.418,8.339351229612408,5
2022-03-12,水生根茎类,37.32900000000001,261.30299999999994,0.0,6.999999999999997,5
2022-03-12,茄类,24.794999999999995,341.55200000000013,0.0,13.775035289372866,5
2022-03-12,辣椒类,95.02900000000002,1139.0744,6.0,11.986597775415921,5
2022-03-12,食用菌,23.441000000000006,247.52560000000008,3.0,10.559515379036732,5
2022-03-13,花叶类,101.50999999999996,573.2735999999996,1.0,5.647459363609495,6
2022-03-13,花菜类,30.393,249.58999999999995,27.169999999999998,8.212088309808177,6
2022-03-13,水生根茎类,28.204000000000008,197.42799999999997,0.0,6.999999999999997,6
2022-03-13,茄类,19.470000000000006,248.44880000000003,0.0,12.760595788392397,6
2022-03-13,辣椒类,77.90300000000002,986.547999999999,3.0,12.663799853664155,6
2022-03-13,食用菌,25.826999999999995,304.72080000000005,2.0,11.798536415379258,6
2022-03-14,花叶类,98.27900000000001,547.4911999999997,10.0,5.570785213524758,0
2022-03-14,花菜类,9.126999999999999,91.26999999999998,0.0,10.0,0
2022-03-14,水生根茎类,15.345,107.41499999999999,0.0,6.999999999999999,0
2022-03-14,茄类,12.678,167.53320000000002,0.0,13.214481779460483,0
2022-03-14,辣椒类,96.701,1067.491999999999,10.0,11.039099905895483,0
2022-03-14,食用菌,13.799000000000001,107.66160000000002,2.0,7.802130589173129,0
2022-03-15,花叶类,102.32900000000001,592.4249999999996,9.7,5.789414535468924,1
2022-03-15,花菜类,7.721000000000001,77.21,0.0,9.999999999999998,1
2022-03-15,水生根茎类,15.026,112.89079999999998,0.0,7.513030746705709,1
2022-03-15,茄类,12.815999999999999,164.38420000000002,0.0,12.826482521847693,1
2022-03-15,辣椒类,80.28300000000002,943.9259999999997,11.0,11.757482904226293,1
2022-03-15,食用菌,17.42,221.4152,0.0,12.710401836969,1
2022-03-16,花叶类,105.61900000000003,584.4979999999995,4.0,5.5340232344559155,2
2022-03-16,花菜类,11.877,119.89800000000001,0.0,10.094973478151049,2
2022-03-16,水生根茎类,16.886,118.20199999999997,0.0,6.999999999999998,2
2022-03-16,茄类,12.564,164.55000000000004,0.0,13.096943648519582,2
2022-03-16,辣椒类,72.95700000000001,835.0894,16.0,11.446323176665706,2
2022-03-16,食用菌,17.088,200.92660000000006,1.536,11.758345037453187,2
2022-03-17,花叶类,108.39399999999998,540.366,10.0,4.985202132959389,3
2022-03-17,花菜类,12.812999999999999,128.13,0.0,10.0,3
2022-03-17,水生根茎类,30.851,226.04559999999995,0.0,7.327010469676832,3
2022-03-17,茄类,15.834000000000001,207.55199999999996,0.0,13.107995452823035,3
2022-03-17,辣椒类,84.51900000000002,920.2843999999993,22.0,10.888491345141318,3
2022-03-17,食用菌,22.721000000000007,309.082,0.0,13.603362528057739,3
2022-03-18,花叶类,112.09800000000003,499.3153999999998,15.0,4.454275723028061,4
2022-03-18,花菜类,14.472999999999997,173.67600000000002,0.0,12.000000000000004,4
2022-03-18,水生根茎类,28.67400000000001,208.17879999999997,1.681,7.260193903885049,4
2022-03-18,茄类,16.346,223.45399999999998,0.0,13.670255720053834,4
2022-03-18,辣椒类,94.46100000000007,1155.2117999999991,11.0,12.229510591672735,4
2022-03-18,食用菌,29.951999999999998,167.3574000000001,1.406,5.587520032051286,4
2022-03-19,花叶类,201.27599999999975,1278.1607999999999,0.0,6.350289155189896,5
2022-03-19,花菜类,24.29800000000001,291.576,0.0,11.999999999999996,5
2022-03-19,水生根茎类,45.815000000000005,311.54200000000003,0.0,6.8,5
2022-03-19,茄类,26.011,352.67600000000004,0.0,13.558725154742227,5
2022-03-19,辣椒类,129.315,1656.138599999998,28.0,12.807010787611631,5
2022-03-19,食用菌,49.82899999999999,346.46579999999983,2.516,6.95309558690722,5
2022-03-20,花叶类,173.78799999999987,1120.3331999999996,0.0,6.4465509701475385,6
2022-03-20,花菜类,16.749000000000002,200.988,0.0,11.999999999999998,6
2022-03-20,水生根茎类,43.592,339.664,0.0,7.791888419893558,6
2022-03-20,茄类,21.443,292.9920000000001,0.0,13.663759735111695,6
2022-03-20,辣椒类,105.56599999999996,1666.1533999999988,2.0,15.783049466684343,6
2022-03-20,食用菌,43.0,452.83260000000007,4.0,10.53099069767442,6
2022-03-21,花叶类,192.73399999999998,1272.701200000001,16.297000000000004,6.603407805576604,0
2022-03-21,花菜类,13.613,163.356,0.0,12.0,0
2022-03-21,水生根茎类,25.39099999999999,182.81520000000003,0.0,7.200000000000004,0
2022-03-21,茄类,25.338,331.7456,0.0,13.09280921935433,0
2022-03-21,辣椒类,72.925,1034.2772,3.0,14.182752142612273,0
2022-03-21,食用菌,28.074,291.5528,0.0,10.385153522832512,0
2022-03-22,花叶类,133.24400000000009,935.4998000000002,5.555999999999998,7.020952538200591,1
2022-03-22,花菜类,16.239000000000004,194.86799999999997,0.0,11.999999999999995,1
2022-03-22,水生根茎类,27.306,196.60320000000002,0.0,7.2,1
2022-03-22,茄类,21.947000000000006,287.2934,0.0,13.090326696131587,1
2022-03-22,辣椒类,87.67099999999999,1196.7795999999994,7.264,13.650803572446984,1
2022-03-22,食用菌,31.65599999999999,317.5188999999999,0.909,10.030291256002021,1
2022-03-23,花叶类,88.81100000000005,577.9015999999998,2.566,6.50709484185517,2
2022-03-23,花菜类,7.624999999999998,91.5,0.0,12.000000000000004,2
2022-03-23,水生根茎类,15.255,123.21679999999999,0.395,8.077141920681743,2
2022-03-23,茄类,17.569000000000003,228.95520000000002,0.0,13.031771870908987,2
2022-03-23,辣椒类,82.27799999999996,1163.4532999999997,9.213000000000001,14.140515083011257,2
2022-03-23,食用菌,28.279,288.81379999999996,1.218,10.213013189999645,2
2022-03-24,花叶类,106.20200000000004,700.2048,19.668000000000003,6.593141372102218,3
2022-03-24,花菜类,7.710999999999999,92.532,0.0,12.0,3
2022-03-24,水生根茎类,16.899,135.192,0.0,8.0,3
2022-03-24,茄类,16.036,210.7680000000001,0.0,13.143427288600654,3
2022-03-24,辣椒类,48.67999999999999,716.856,4.0,14.725883319638458,3
2022-03-24,食用菌,18.105999999999998,184.50440000000003,0.0,10.190235281122282,3
2022-03-25,花叶类,132.493,764.0993999999997,23.882,5.767092601118548,4
2022-03-25,花菜类,14.527999999999999,168.9096,0.0,11.62648678414097,4
2022-03-25,水生根茎类,43.22100000000001,388.1536000000001,0.238,8.98067143286828,4
2022-03-25,茄类,17.128000000000007,242.96640000000002,0.0,14.185333956095278,4
2022-03-25,辣椒类,74.387,1000.3072999999995,12.389,13.447340261067115,4
2022-03-25,食用菌,43.385999999999996,286.6090999999999,4.5280000000000005,6.606027289909186,4
2022-03-26,花叶类,152.5290000000002,1328.9337999999998,18.336999999999993,8.712663165693069,5
2022-03-26,花菜类,16.706999999999997,167.07,0.0,10.000000000000002,5
2022-03-26,水生根茎类,43.22699999999998,375.49920000000003,0.357,8.686681934901802,5
2022-03-26,茄类,23.285999999999994,298.1051999999999,0.0,12.801906725070857,5
2022-03-26,辣椒类,94.554,1343.6686,7.0,14.210595003913108,5
2022-03-26,食用菌,43.18299999999999,513.4005,3.154,11.888949355070283,5
2022-03-27,花叶类,140.6509999999999,1103.7377999999999,7.947000000000001,7.847351245280877,6
2022-03-27,花菜类,11.679999999999996,116.80000000000001,0.0,10.000000000000004,6
2022-03-27,水生根茎类,41.214,352.11199999999997,0.0,8.543504634347551,6
2022-03-27,茄类,26.976999999999997,353.9102000000001,0.0,13.118960596063317,6
2022-03-27,辣椒类,89.283,1266.2438000000006,4.0,14.182361703795802,6
2022-03-27,食用菌,24.077999999999996,249.31940000000003,1.5010000000000003,10.354655702300859,6
2022-03-28,花叶类,85.85000000000001,492.4397999999995,20.0,5.7360489225393065,0
2022-03-28,花菜类,2.089,20.889999999999997,0.0,9.999999999999998,0
2022-03-28,水生根茎类,19.777000000000005,193.80800000000008,0.0,9.799666279010975,0
2022-03-28,茄类,15.998000000000003,211.4956,0.0,13.22012751593949,0
2022-03-28,辣椒类,64.15999999999998,769.4395999999994,7.0,11.992512468827924,0
2022-03-28,食用菌,21.237999999999996,194.60400000000007,0.33,9.16300969959507,0
2022-03-29,花叶类,75.28599999999997,539.3803999999993,8.0,7.164418351353499,1
2022-03-29,花菜类,0.0,0.0,0.0,,1
2022-03-29,水生根茎类,18.540999999999997,158.69279999999998,0.288,8.55902054905345,1
2022-03-29,茄类,13.184000000000001,176.71460000000002,0.0,13.403716626213592,1
2022-03-29,辣椒类,65.00400000000002,719.7746,8.0,11.072773983139495,1
2022-03-29,食用菌,26.983,249.10780000000003,4.375,9.232027572916282,1
2022-03-30,花叶类,86.195,577.1881999999999,5.0,6.696307210395035,2
2022-03-30,花菜类,30.3,248.60399999999998,27.198,8.204752475247524,2
2022-03-30,水生根茎类,27.389000000000003,232.47200000000004,0.0,8.487787067800943,2
2022-03-30,茄类,17.223,243.9284,0.0,14.162944899262616,2
2022-03-30,辣椒类,69.72099999999996,974.4091999999994,5.0,13.975835114241045,2
2022-03-30,食用菌,22.45,256.0450000000001,0.606,11.405122494432074,2
2022-03-31,花叶类,92.58700000000003,576.8435999999997,9.0,6.230287189346231,3
2022-03-31,花菜类,25.096999999999994,204.34999999999997,23.309999999999988,8.142407459058852,3
2022-03-31,水生根茎类,30.993000000000002,287.2160000000001,0.0,9.267124834640084,3
2022-03-31,茄类,10.145,160.5566,0.0,15.826180384425827,3
2022-03-31,辣椒类,54.92000000000002,742.2911999999998,8.0,13.515863073561535,3
2022-03-31,食用菌,26.203,235.81760000000008,0.0,8.999641262450869,3
2022-04-01,花叶类,130.26200000000003,791.3333999999995,8.0,6.074936666103694,4
2022-04-01,花菜类,25.701,214.926,21.042,8.362553986226215,4
2022-04-01,水生根茎类,25.436999999999998,220.29600000000002,0.0,8.660455242363488,4
2022-04-01,茄类,16.697000000000003,250.1894,0.0,14.984092950829488,4
2022-04-01,辣椒类,80.48000000000003,1010.1253999999996,15.0,12.551259940357843,4
2022-04-01,食用菌,19.915000000000003,265.5426000000001,1.065,13.333798644238016,4
2022-04-02,花叶类,133.16800000000003,845.5811999999995,6.0,6.3497326685089455,5
2022-04-02,花菜类,26.163000000000004,217.39800000000002,22.116,8.309368191721132,5
2022-04-02,水生根茎类,34.452,305.248,0.0,8.860095204922791,5
2022-04-02,茄类,18.01599999999999,270.2158,0.0,14.998656749555957,5
2022-04-02,辣椒类,71.34899999999996,942.9615999999996,7.0,13.216185230346609,5
2022-04-02,食用菌,30.03,268.5094000000001,2.067,8.941371961371964,5
2022-04-03,花叶类,111.53799999999998,734.3955999999996,7.593,6.584263659022035,6
2022-04-03,花菜类,16.438,135.742,14.318999999999999,8.257817252707142,6
2022-04-03,水生根茎类,42.99799999999999,374.8128000000001,0.689,8.71698218521792,6
2022-04-03,茄类,23.886999999999997,362.5468,0.0,15.177577761962576,6
2022-04-03,辣椒类,96.131,1107.3377999999996,21.0,11.519050046290994,6
2022-04-03,食用菌,46.766,318.34039999999993,0.0,6.807090621391608,6
2022-04-04,花叶类,148.726,967.8307999999994,6.0,6.507475491844058,0
2022-04-04,花菜类,22.224000000000007,266.68799999999993,0.0,11.999999999999993,0
2022-04-04,水生根茎类,31.759,254.072,0.0,8.0,0
2022-04-04,茄类,23.386999999999993,365.13740000000007,0.0,15.612836191046314,0
2022-04-04,辣椒类,107.73200000000006,1424.6830000000007,11.0,13.224325177291798,0
2022-04-04,食用菌,40.745,415.5405999999998,0.365,10.198566695300032,0
2022-04-05,花叶类,146.41899999999993,881.3226000000001,12.0,6.019181936770504,1
2022-04-05,花菜类,21.248,254.976,0.0,12.0,1
2022-04-05,水生根茎类,21.709999999999997,173.67999999999998,0.0,8.0,1
2022-04-05,茄类,15.356,224.45539999999997,0.0,14.616788226100546,1
2022-04-05,辣椒类,38.66400000000001,551.1934,5.0,14.255984895510032,1
2022-04-05,食用菌,31.475999999999996,289.05680000000007,0.43,9.183403227856148,1
2022-04-06,花叶类,109.94499999999996,596.5990000000003,24.0,5.426340442948751,2
2022-04-06,花菜类,17.497,168.786,0.0,9.646567983082814,2
2022-04-06,水生根茎类,5.8549999999999995,58.272,1.115,9.952519214346713,2
2022-04-06,茄类,11.695,190.82279999999997,0.0,16.31661393758016,2
2022-04-06,辣椒类,38.127,453.80499999999995,7.0,11.902457575996012,2
2022-04-06,食用菌,20.492,192.70360000000008,0.671,9.403845403084134,2
2022-04-07,花叶类,85.20099999999996,529.0872,18.0,6.209870776164602,3
2022-04-07,花菜类,10.494,125.92800000000001,0.0,12.000000000000002,3
2022-04-07,水生根茎类,6.533,52.264,0.0,8.0,3
2022-04-07,茄类,14.479,211.82800000000003,0.0,14.63001588507494,3
2022-04-07,辣椒类,28.799,384.052,6.0,13.335601930622593,3
2022-04-07,食用菌,14.881,178.22520000000003,0.172,11.976695114575636,3
2022-04-08,花叶类,87.64999999999999,480.9731999999998,7.0,5.48742954934398,4
2022-04-08,花菜类,10.629000000000001,127.548,0.0,11.999999999999998,4
2022-04-08,水生根茎类,6.366,60.55200000000001,0.0,9.51178133836004,4
2022-04-08,茄类,12.371,154.1644,0.0,12.461757335704469,4
2022-04-08,辣椒类,36.973,360.52739999999994,11.653,9.751099450950692,4
2022-04-08,食用菌,18.886,170.1519,3.3140000000000005,9.00941967595044,4
2022-04-09,花叶类,141.10199999999998,813.0178000000002,5.0,5.761915493756292,5
2022-04-09,花菜类,15.591,218.27399999999997,0.0,13.999999999999998,5
2022-04-09,水生根茎类,11.218000000000002,94.15200000000002,0.0,8.392939917988947,5
2022-04-09,茄类,27.258000000000006,318.8298,0.0,11.696742240810034,5
2022-04-09,辣椒类,133.10599999999997,1411.2979999999995,13.0,10.602812795816867,5
2022-04-09,食用菌,35.619,262.2260000000001,0.0,7.36196973525366,5
2022-04-10,花叶类,184.59100000000004,1056.640599999999,11.0,5.724225991516373,6
2022-04-10,花菜类,7.757,108.59800000000001,0.0,14.000000000000002,6
2022-04-10,水生根茎类,18.379,153.048,0.0,8.327330105011153,6
2022-04-10,茄类,24.484999999999992,270.0435999999999,0.0,11.02894016744946,6
2022-04-10,辣椒类,113.88100000000004,1316.122999999999,10.344999999999999,11.55700248505017,6
2022-04-10,食用菌,30.946000000000005,253.8353,1.6770000000000003,8.202523751050215,6
2022-04-11,花叶类,93.42800000000004,541.3697999999999,7.0,5.7945134221004375,0
2022-04-11,花菜类,6.382999999999999,76.59600000000003,0.0,12.000000000000007,0
2022-04-11,水生根茎类,1.03,8.24,0.0,8.0,0
2022-04-11,茄类,10.687000000000003,128.8316,0.0,12.054982689248618,0
2022-04-11,辣椒类,69.30500000000002,706.9407999999999,17.0,10.200429983406675,0
2022-04-11,食用菌,11.87,148.48440000000002,0.782,12.509216512215673,0
2022-04-12,花叶类,106.26800000000004,669.4413999999996,0.301,6.299557721985916,1
2022-04-12,花菜类,6.375,89.25000000000001,0.0,14.000000000000002,1
2022-04-12,水生根茎类,7.538,60.304,0.0,8.0,1
2022-04-12,茄类,20.041,202.22400000000002,0.0,10.090514445386958,1
2022-04-12,辣椒类,76.21999999999996,915.6601999999993,10.0,12.013384938336394,1
2022-04-12,食用菌,16.858999999999998,205.76320000000004,0.0,12.204946912628273,1
2022-04-13,花叶类,100.36300000000004,650.2318000000001,3.284,6.478799956159141,2
2022-04-13,花菜类,9.796999999999999,137.15800000000002,0.0,14.000000000000004,2
2022-04-13,水生根茎类,4.609999999999999,36.879999999999995,0.0,8.0,2
2022-04-13,茄类,20.903000000000002,236.36599999999993,0.0,11.307754867722332,2
2022-04-13,辣椒类,76.95,939.6641999999997,17.0,12.211360623781673,2
2022-04-13,食用菌,31.963,227.82540000000003,2.235,7.127785251697276,2
2022-04-14,花叶类,128.58599999999998,638.2548000000002,23.0,4.9636414539685525,3
2022-04-14,花菜类,6.047000000000001,84.65800000000002,0.0,14.000000000000002,3
2022-04-14,水生根茎类,6.494999999999999,67.2462,0.0,10.353533487297923,3
2022-04-14,茄类,21.355999999999998,225.89599999999996,0.0,10.577636261472184,3
2022-04-14,辣椒类,59.011000000000024,735.0267999999998,1.0,12.455759095761797,3
2022-04-14,食用菌,21.589000000000006,218.62519999999998,0.0,10.126694149798505,3
2022-04-15,花叶类,131.82800000000003,698.7377999999995,13.0,5.3003747307097075,4
2022-04-15,花菜类,10.730000000000002,150.22,0.0,13.999999999999996,4
2022-04-15,水生根茎类,14.180000000000001,147.57840000000002,0.0,10.40750352609309,4
2022-04-15,茄类,17.358,185.4284,0.0,10.6825901601567,4
2022-04-15,辣椒类,69.72000000000001,847.5889999999995,0.0,12.157042455536422,4
2022-04-15,食用菌,39.135999999999996,388.1169999999999,0.0,9.917135118560914,4
2022-04-16,花叶类,124.808,651.1429999999996,8.0,5.217157554002945,5
2022-04-16,花菜类,12.666,177.32399999999996,0.0,13.999999999999996,5
2022-04-16,水生根茎类,15.042,140.4,0.0,9.333865177502991,5
2022-04-16,茄类,32.118,336.50159999999994,0.0,10.477040911638332,5
2022-04-16,辣椒类,84.37599999999996,1007.7891999999994,7.0,11.944026737460888,5
2022-04-16,食用菌,28.104000000000006,351.4757999999999,2.934,12.506255337318525,5
2022-04-17,花叶类,107.54899999999996,719.8602000000003,0.36,6.6933230434499675,6
2022-04-17,花菜类,20.254,283.556,0.0,13.999999999999998,6
2022-04-17,水生根茎类,9.701,87.309,0.0,9.0,6
2022-04-17,茄类,32.00800000000002,306.70400000000024,0.0,9.582104473881532,6
2022-04-17,辣椒类,85.746,900.8537999999994,12.0,10.50607375271149,6
2022-04-17,食用菌,40.244000000000014,378.00659999999993,1.523,9.39286850213696,6
2022-04-18,花叶类,112.67899999999993,549.3273999999999,15.36,4.875153311619736,0
2022-04-18,花菜类,12.087000000000002,169.218,0.0,13.999999999999998,0
2022-04-18,水生根茎类,3.024,27.216,0.0,9.0,0
2022-04-18,茄类,23.280000000000005,202.362,0.0,8.692525773195875,0
2022-04-18,辣椒类,62.949999999999974,670.8258,9.370000000000001,10.656486100079432,0
2022-04-18,食用菌,28.666999999999998,255.2400000000001,6.965999999999999,8.90361739979768,0
2022-04-19,花叶类,101.39099999999993,579.0434000000002,6.0,5.710994072452197,1
2022-04-19,花菜类,7.869,110.16599999999998,0.0,13.999999999999998,1
2022-04-19,水生根茎类,5.106,60.2574,0.276,11.801292596944771,1
2022-04-19,茄类,16.984999999999996,173.38840000000002,0.0,10.208324992640568,1
2022-04-19,辣椒类,53.306000000000004,630.2573999999996,8.0,11.823385735189277,1
2022-04-19,食用菌,23.736000000000008,253.19070000000005,5.935,10.666948938321536,1
2022-04-20,花叶类,105.27499999999998,517.1443999999998,19.0,4.912319164094039,2
2022-04-20,花菜类,11.412999999999998,159.78199999999998,0.0,14.0,2
2022-04-20,水生根茎类,2.7720000000000002,29.512,0.0,10.646464646464645,2
2022-04-20,茄类,18.031000000000006,178.85000000000002,0.0,9.91902834008097,2
2022-04-20,辣椒类,51.324,588.1107999999997,2.0,11.458787311978796,2
2022-04-20,食用菌,33.39400000000001,307.60020000000003,6.080999999999999,9.211241540396475,2
2022-04-21,花叶类,112.79400000000004,519.4466,26.953,4.605268010709787,3
2022-04-21,花菜类,8.548,120.086,0.0,14.048432381843705,3
2022-04-21,水生根茎类,3.552,39.1068,0.0,11.009797297297297,3
2022-04-21,茄类,11.668000000000003,124.46719999999999,0.0,10.667398011655807,3
2022-04-21,辣椒类,59.83100000000002,579.5747999999996,9.0,9.68686466881716,3
2022-04-21,食用菌,27.479,227.9597,2.883,8.29577859456312,3
2022-04-22,花叶类,114.04299999999999,620.4647999999999,7.0,5.440621519952999,4
2022-04-22,花菜类,18.726,262.164,0.0,14.0,4
2022-04-22,水生根茎类,7.417,70.70100000000001,0.0,9.532290683564785,4
2022-04-22,茄类,20.471000000000004,187.15600000000003,0.0,9.142494260172928,4
2022-04-22,辣椒类,69.833,690.4783999999999,13.0,9.887566050434607,4
2022-04-22,食用菌,26.309,221.28880000000007,4.326,8.411144475274623,4
2022-04-23,花叶类,118.65300000000002,794.7858000000001,0.0,6.6984045915400365,5
2022-04-23,花菜类,19.647999999999996,227.01600000000002,0.0,11.554153094462544,5
2022-04-23,水生根茎类,9.767,98.4694,0.709,10.08184703593734,5
2022-04-23,茄类,25.193999999999996,256.7528,0.0,10.191029610224657,5
2022-04-23,辣椒类,86.55000000000004,898.4179999999994,10.0,10.380335066435576,5
2022-04-23,食用菌,27.473000000000003,278.87539999999996,1.25,10.150889964692604,5
2022-04-24,花叶类,99.18899999999998,543.2593999999997,3.0,5.477012571958582,6
2022-04-24,花菜类,15.602999999999998,218.442,0.0,14.000000000000002,6
2022-04-24,水生根茎类,4.52,40.68,0.0,9.0,6
2022-04-24,茄类,13.679,117.64199999999998,0.0,8.60019007237371,6
2022-04-24,辣椒类,63.73900000000001,531.8551999999995,0.0,8.344266461663965,6
2022-04-24,食用菌,32.92100000000001,325.0681999999999,1.8079999999999998,9.874189726922019,6
2022-04-25,花叶类,116.36500000000004,567.457,10.0,4.876526446955698,0
2022-04-25,花菜类,16.833,201.99600000000007,0.0,12.000000000000005,0
2022-04-25,水生根茎类,4.202,46.770999999999994,0.0,11.130652070442645,0
2022-04-25,茄类,20.592000000000002,189.65200000000002,0.0,9.20998445998446,0
2022-04-25,辣椒类,94.82800000000012,773.9099999999996,10.350999999999999,8.161197114776213,0
2022-04-25,食用菌,28.121,226.27520000000007,1.105,8.04648483339853,0
2022-04-26,花叶类,91.764,487.44980000000027,14.0,5.3119938102088,1
2022-04-26,花菜类,9.969,114.58,0.0,11.493630253786739,1
2022-04-26,水生根茎类,4.905,44.750400000000006,1.009,9.1234250764526,1
2022-04-26,茄类,14.113,139.246,0.0,9.866506058244173,1
2022-04-26,辣椒类,61.328,482.3943999999999,5.0760000000000005,7.865810070440906,1
2022-04-26,食用菌,13.139000000000001,167.44910000000002,0.601,12.744432605221098,1
2022-04-27,花叶类,88.80700000000003,474.10119999999995,3.0,5.338556645309489,2
2022-04-27,花菜类,9.138,109.656,0.0,12.0,2
2022-04-27,水生根茎类,2.3980000000000006,22.1502,0.947,9.23694745621351,2
2022-04-27,茄类,24.95300000000001,234.59600000000003,0.0,9.401514847914076,2
2022-04-27,辣椒类,64.36599999999999,509.2135999999998,4.0,7.911220209427336,2
2022-04-27,食用菌,27.102000000000007,252.87720000000007,2.5589999999999997,9.330573389417756,2
2022-04-28,花叶类,111.59400000000001,545.7221999999996,5.0,4.890246787461687,3
2022-04-28,花菜类,11.201999999999998,134.424,0.0,12.000000000000002,3
2022-04-28,水生根茎类,2.139,26.488999999999997,0.0,12.383824216923797,3
2022-04-28,茄类,21.917999999999996,205.51199999999997,0.0,9.37640295647413,3
2022-04-28,辣椒类,80.38900000000004,660.0255999999994,9.0,8.210396944855628,3
2022-04-28,食用菌,16.357,185.09719999999996,1.351,11.3160848566363,3
2022-04-29,花叶类,106.052,519.2017999999998,8.0,4.895728510541996,4
2022-04-29,花菜类,21.479,258.47800000000007,0.0,12.033986684668749,4
2022-04-29,水生根茎类,7.15,81.30599999999998,0.0,11.371468531468528,4
2022-04-29,茄类,29.706999999999997,234.40079999999992,0.0,7.890423132595009,4
2022-04-29,辣椒类,96.804,756.4174,6.0,7.813906450146688,4
2022-04-29,食用菌,24.064,338.698,3.3129999999999997,14.07488364361702,4
2022-04-30,花叶类,141.0389999999999,854.6079999999998,0.0,6.059373648423489,5
2022-04-30,花菜类,28.31899999999999,283.19,0.0,10.000000000000004,5
2022-04-30,水生根茎类,9.219999999999999,82.97999999999998,0.0,8.999999999999998,5
2022-04-30,茄类,35.229,318.1612000000001,0.0,9.031229952595876,5
2022-04-30,辣椒类,81.21000000000005,638.9932,6.0,7.8684053687969415,5
2022-04-30,食用菌,34.150999999999996,348.21979999999985,0.387,10.19647448098152,5
2022-05-01,花叶类,147.27499999999995,898.6082,9.598,6.10156645730776,6
2022-05-01,花菜类,23.295000000000005,232.95000000000002,0.0,9.999999999999998,6
2022-05-01,水生根茎类,10.863,150.27379999999997,0.0,13.833545061216972,6
2022-05-01,茄类,36.605999999999995,332.53159999999997,0.0,9.084073649128559,6
2022-05-01,辣椒类,65.84100000000005,479.3379999999999,0.0,7.280235719384571,6
2022-05-01,食用菌,33.083000000000006,234.76700000000014,3.0,7.096303237312218,6
2022-05-02,花叶类,115.46800000000002,755.5263999999997,0.0,6.543166938026117,0
2022-05-02,花菜类,13.734000000000005,112.54200000000006,12.399000000000004,8.194408038444736,0
2022-05-02,水生根茎类,8.503,84.82140000000001,0.0,9.975467482065154,0
2022-05-02,茄类,47.127,347.64559999999983,31.749,7.376781887240856,0
2022-05-02,辣椒类,57.46399999999999,462.4079999999997,0.0,8.046916330224136,0
2022-05-02,食用菌,42.191,336.1818,1.0,7.968092721196464,0
2022-05-03,花叶类,88.19300000000004,604.9280000000001,0.0,6.85913848037826,1
2022-05-03,花菜类,27.601000000000003,220.80800000000002,0.0,8.0,1
2022-05-03,水生根茎类,2.868,25.812,0.0,9.0,1
2022-05-03,茄类,42.37799999999999,306.558,32.143,7.233894945490586,1
2022-05-03,辣椒类,67.71100000000004,521.5,0.0,7.701850511733687,1
2022-05-03,食用菌,18.375,178.92500000000004,0.0,9.737414965986396,1
2022-05-04,花叶类,105.76900000000002,716.9223999999999,0.0,6.778190206960449,2
2022-05-04,花菜类,26.182,213.4388,22.862999999999996,8.152119776945993,2
2022-05-04,水生根茎类,6.397999999999999,65.32560000000001,0.0,10.210315723663648,2
2022-05-04,茄类,44.495000000000005,334.22040000000004,34.096000000000004,7.511414765704012,2
2022-05-04,辣椒类,51.19400000000002,494.5917999999999,0.0,9.661128257217637,2
2022-05-04,食用菌,27.070999999999998,219.63580000000007,0.0,8.113324221491636,2
2022-05-05,花叶类,90.65200000000004,559.9933999999998,0.0,6.177397078939236,3
2022-05-05,花菜类,18.790000000000003,151.74800000000002,17.6,8.07599787120809,3
2022-05-05,水生根茎类,1.193,13.7306,0.0,11.509304274937133,3
2022-05-05,茄类,26.050000000000008,210.75720000000007,19.418000000000006,8.090487523992323,3
2022-05-05,辣椒类,32.25200000000001,311.62980000000005,0.0,9.662340319980155,3
2022-05-05,食用菌,16.992,136.41120000000004,0.0,8.027966101694917,3
2022-05-06,花叶类,95.683,596.7356000000001,0.0,6.236589571815266,4
2022-05-06,花菜类,20.488,168.0296,17.049999999999994,8.201366653650917,4
2022-05-06,水生根茎类,3.4200000000000004,37.119800000000005,0.0,10.85374269005848,4
2022-05-06,茄类,32.15000000000001,237.96840000000006,23.551000000000005,7.401816485225504,4
2022-05-06,辣椒类,56.61200000000002,430.03499999999985,0.0,7.596181021691509,4
2022-05-06,食用菌,19.454,183.5774,0.0,9.43648606970289,4
2022-05-07,花叶类,113.89600000000013,720.4954000000002,0.0,6.3259060897660975,5
2022-05-07,花菜类,23.375,140.25000000000003,0.0,6.000000000000001,5
2022-05-07,水生根茎类,4.66,47.6844,0.0,10.232703862660943,5
2022-05-07,茄类,34.564,317.12920000000014,19.903,9.175130193264673,5
2022-05-07,辣椒类,86.21200000000002,548.4579999999995,0.0,6.361736185217828,5
2022-05-07,食用菌,34.837,240.77260000000012,1.0,6.911404541148782,5
2022-05-08,花叶类,116.519,746.6143999999996,0.0,6.407662269672754,6
2022-05-08,花菜类,42.607000000000006,255.64200000000002,0.0,6.0,6
2022-05-08,水生根茎类,4.476000000000001,48.5658,0.0,10.850268096514744,6
2022-05-08,茄类,33.433,285.3239999999999,21.928,8.534202733825857,6
2022-05-08,辣椒类,86.55399999999997,579.6204,0.0,6.696633315617998,6
2022-05-08,食用菌,35.06699999999999,331.5265999999998,0.0,9.454090740582311,6
2022-05-09,花叶类,91.67999999999999,638.0501999999999,12.499,6.959535340314136,0
2022-05-09,花菜类,29.087000000000003,232.69600000000003,0.0,8.0,0
2022-05-09,水生根茎类,3.5380000000000003,43.709399999999995,0.0,12.354267947993215,0
2022-05-09,茄类,34.86599999999999,289.9860000000001,0.0,8.317157115814839,0
2022-05-09,辣椒类,55.773,399.54039999999986,0.0,7.163688523120504,0
2022-05-09,食用菌,34.581,275.90380000000005,1.0,7.978479511870681,0
2022-05-10,花叶类,95.42000000000002,603.1856000000005,13.495,6.3213749738000455,1
2022-05-10,花菜类,22.637999999999998,181.10399999999998,0.0,8.0,1
2022-05-10,水生根茎类,5.181,63.382799999999996,0.0,12.233700057903878,1
2022-05-10,茄类,13.224000000000002,146.09400000000002,0.0,11.047640653357531,1
2022-05-10,辣椒类,59.29400000000001,401.59560000000005,0.0,6.772955105069652,1
2022-05-10,食用菌,9.417,138.35660000000001,0.0,14.692216204736118,1
2022-05-11,花叶类,86.21300000000002,550.5191999999998,16.608999999999998,6.385570621599987,2
2022-05-11,花菜类,19.261000000000003,154.08800000000002,0.0,8.0,2
2022-05-11,水生根茎类,2.043,67.62060000000001,0.0,33.098678414096916,2
2022-05-11,茄类,15.418999999999997,162.63,0.0,10.547376613269345,2
2022-05-11,辣椒类,42.634999999999984,294.04080000000005,0.0,6.896699894452918,2
2022-05-11,食用菌,20.870000000000005,229.32600000000002,0.0,10.988308576904647,2
2022-05-12,花叶类,79.61900000000003,551.176,9.920000000000002,6.922669212122733,3
2022-05-12,花菜类,24.589999999999996,196.71999999999997,0.0,8.0,3
2022-05-12,水生根茎类,5.134,60.38700000000001,0.0,11.762173743669655,3
2022-05-12,茄类,22.173,193.796,0.0,8.740179497587157,3
2022-05-12,辣椒类,37.193,280.3704000000001,0.0,7.538257198935286,3
2022-05-12,食用菌,21.924999999999997,166.81500000000003,1.0,7.608437856328394,3
2022-05-13,花叶类,102.98,705.4627999999998,12.163,6.850483589046415,4
2022-05-13,花菜类,21.993,175.944,0.0,8.0,4
2022-05-13,水生根茎类,2.792,65.25,0.0,23.370343839541547,4
2022-05-13,茄类,45.528,383.83399999999995,0.0,8.430723950096644,4
2022-05-13,辣椒类,58.38600000000001,451.2603999999999,0.0,7.728914465796592,4
2022-05-13,食用菌,26.1,206.28,1.0,7.903448275862068,4
2022-05-14,花叶类,159.40400000000008,1153.6583999999998,24.847000000000005,7.237324032019266,5
2022-05-14,花菜类,48.521,388.168,0.0,8.0,5
2022-05-14,水生根茎类,11.341000000000001,126.32780000000001,0.0,11.139035358434,5
2022-05-14,茄类,51.014,498.3659999999998,0.0,9.769200611596812,5
2022-05-14,辣椒类,79.24200000000005,524.4060000000001,0.0,6.617778450821531,5
2022-05-14,食用菌,26.770000000000003,298.11480000000006,0.0,11.136152409413523,5
2022-05-15,花叶类,156.70499999999996,1007.5424000000007,19.816000000000003,6.429548514725127,6
2022-05-15,花菜类,43.781,350.248,0.0,8.0,6
2022-05-15,水生根茎类,6.072,66.1178,0.0,10.888965744400528,6
2022-05-15,茄类,43.62699999999998,411.3740000000001,0.0,9.429344213445807,6
2022-05-15,辣椒类,63.75100000000001,451.30360000000036,0.0,7.07916111119826,6
2022-05-15,食用菌,34.510000000000005,266.32640000000004,0.0,7.717368878585917,6
2022-05-16,花叶类,82.78000000000002,552.7603999999998,8.236,6.67746315535153,0
2022-05-16,花菜类,23.633,189.064,0.0,8.0,0
2022-05-16,水生根茎类,4.6370000000000005,63.253,0.0,13.640931636834159,0
2022-05-16,茄类,19.412,167.98399999999998,0.0,8.653616319802184,0
2022-05-16,辣椒类,41.681,299.74520000000007,0.0,7.191410954631609,0
2022-05-16,食用菌,18.527,165.03460000000004,0.0,8.907788632806177,0
2022-05-17,花叶类,67.12,440.5438000000001,4.126,6.563525029797379,1
2022-05-17,花菜类,15.163,121.304,0.0,8.0,1
2022-05-17,水生根茎类,1.853,33.738,0.0,18.207231516459796,1
2022-05-17,茄类,23.193999999999992,208.35399999999998,0.0,8.983099077347592,1
2022-05-17,辣椒类,41.52000000000001,291.5116000000001,0.0,7.020992292870906,1
2022-05-17,食用菌,12.788999999999998,120.44840000000002,2.0,9.418124951129881,1
2022-05-18,花叶类,92.72400000000002,625.0177999999997,7.902,6.740625943660753,2
2022-05-18,花菜类,20.24,161.92,0.0,8.0,2
2022-05-18,水生根茎类,0.9259999999999999,8.334,0.0,9.0,2
2022-05-18,茄类,21.794000000000008,208.00200000000004,0.0,9.54400293658805,2
2022-05-18,辣椒类,40.71399999999997,282.69759999999997,0.0,6.9434985508670275,2
2022-05-18,食用菌,20.598,188.2404,1.0,9.138770754442179,2
2022-05-19,花叶类,92.35600000000007,599.575,5.492,6.491998354194634,3
2022-05-19,花菜类,17.603000000000005,140.82400000000004,0.0,8.0,3
2022-05-19,水生根茎类,3.4250000000000007,45.153400000000005,0.0,13.183474452554742,3
2022-05-19,茄类,21.799,201.16399999999996,0.0,9.22812973072159,3
2022-05-19,辣椒类,31.66599999999999,253.306,0.0,7.999305248531551,3
2022-05-19,食用菌,13.195,195.66100000000003,0.0,14.828419856006064,3
2022-05-20,花叶类,90.64700000000006,624.3339999999997,13.934,6.887530751155574,4
2022-05-20,花菜类,13.908000000000001,127.95359999999998,0.0,9.199999999999998,4
2022-05-20,水生根茎类,3.5750000000000006,59.695800000000006,0.0,16.69812587412587,4
2022-05-20,茄类,22.675000000000008,215.24000000000007,0.0,9.492392502756339,4
2022-05-20,辣椒类,37.853,281.2580000000001,0.0,7.430269727630573,4
2022-05-20,食用菌,14.719000000000003,158.2362,0.0,10.750472178816493,4
2022-05-21,花叶类,154.65500000000003,1073.8874000000005,15.918999999999999,6.9437612750961835,5
2022-05-21,花菜类,26.494000000000003,243.74480000000003,0.0,9.2,5
2022-05-21,水生根茎类,4.691,49.992599999999996,0.0,10.657130675762097,5
2022-05-21,茄类,43.426,357.98999999999995,0.0,8.243678902040251,5
2022-05-21,辣椒类,45.84700000000001,335.7431999999999,0.0,7.323122559818523,5
2022-05-21,食用菌,43.48399999999999,362.5832,0.0,8.338312942691566,5
2022-05-22,花叶类,164.26899999999998,1095.1822,0.0,6.667004730046449,6
2022-05-22,花菜类,23.847,219.39239999999998,0.0,9.2,6
2022-05-22,水生根茎类,4.884999999999999,90.79020000000001,0.0,18.585506653019454,6
2022-05-22,茄类,29.840999999999994,269.78799999999995,0.0,9.040849837471935,6
2022-05-22,辣椒类,40.38500000000001,287.29480000000007,0.0,7.1138987247740495,6
2022-05-22,食用菌,23.398000000000003,214.3804000000001,0.0,9.162338661424057,6
2022-05-23,花叶类,92.6540000000001,603.2675999999998,0.0,6.510972003367358,0
2022-05-23,花菜类,15.361000000000002,141.32119999999995,0.0,9.199999999999996,0
2022-05-23,水生根茎类,4.436999999999999,51.945600000000006,0.0,11.707369844489524,0
2022-05-23,茄类,26.000000000000004,221.76800000000003,0.0,8.529538461538461,0
2022-05-23,辣椒类,35.071999999999996,249.71999999999997,0.0,7.120209854014599,0
2022-05-23,食用菌,4.637000000000001,76.9126,0.0,16.586715548846232,0
2022-05-24,花叶类,122.4030000000001,753.5644000000007,0.0,6.1564210027532,1
2022-05-24,花菜类,27.639999999999997,221.11999999999998,0.0,8.0,1
2022-05-24,水生根茎类,3.3609999999999998,56.927600000000005,0.0,16.937697113954183,1
2022-05-24,茄类,29.285000000000007,236.52800000000005,0.0,8.076762847874338,1
2022-05-24,辣椒类,32.072,214.11400000000003,0.0,6.6760414068346225,1
2022-05-24,食用菌,14.041000000000002,128.9118,0.0,9.181098212378034,1
2022-05-25,花叶类,84.78700000000005,512.6039999999999,0.0,6.045785320862864,2
2022-05-25,花菜类,19.562,156.496,0.0,8.0,2
2022-05-25,水生根茎类,4.619,72.3124,0.0,15.6554232517861,2
2022-05-25,茄类,22.56300000000001,169.7336,0.0,7.522652129592693,2
2022-05-25,辣椒类,31.822999999999997,206.68120000000002,0.0,6.494711372277913,2
2022-05-25,食用菌,18.698,168.52040000000008,0.0,9.012750026740832,2
2022-05-26,花叶类,88.36100000000003,548.176,0.0,6.203822953565485,3
2022-05-26,花菜类,25.011,200.088,0.0,8.0,3
2022-05-26,水生根茎类,4.438000000000001,86.1748,0.0,19.417485353762956,3
2022-05-26,茄类,29.903,204.54399999999995,0.0,6.840250142126207,3
2022-05-26,辣椒类,39.18799999999999,215.20359999999988,0.0,5.491568847606409,3
2022-05-26,食用菌,21.185,164.06300000000007,0.0,7.744300212414448,3
2022-05-27,花叶类,86.55399999999999,556.3839999999998,0.0,6.428172008226077,4
2022-05-27,花菜类,18.567999999999998,148.54399999999998,0.0,8.0,4
2022-05-27,水生根茎类,8.857999999999999,108.28200000000004,0.0,12.224204109279754,4
2022-05-27,茄类,27.341,165.80600000000004,0.0,6.064372188288652,4
2022-05-27,辣椒类,31.927000000000007,174.82919999999996,0.0,5.4759044069283025,4
2022-05-27,食用菌,19.308,201.39840000000007,0.0,10.430826600372907,4
2022-05-28,花叶类,188.82899999999995,999.5817999999991,0.0,5.2935820239475895,5
2022-05-28,花菜类,35.114000000000004,280.91200000000003,0.0,8.0,5
2022-05-28,水生根茎类,8.906,138.5706,0.0,15.559240961149786,5
2022-05-28,茄类,54.44700000000001,280.6748,0.0,5.155009458739691,5
2022-05-28,辣椒类,55.567999999999984,306.28359999999986,0.0,5.511870141088395,5
2022-05-28,食用菌,46.82700000000001,425.5746,2.0,9.088231148696263,5
2022-05-29,花叶类,178.5159999999999,924.121399999999,0.0,5.17668668354657,6
2022-05-29,花菜类,42.40300000000001,339.2240000000001,0.0,8.0,6
2022-05-29,水生根茎类,7.4399999999999995,118.6424,0.0,15.946559139784947,6
2022-05-29,茄类,55.666000000000004,357.4073999999997,0.0,6.4205691086120735,6
2022-05-29,辣椒类,62.52099999999995,362.0900000000001,0.0,5.791494057996519,6
2022-05-29,食用菌,33.517,285.0366,0.0,8.504239639585881,6
2022-05-30,花叶类,92.5120000000001,470.03180000000026,0.0,5.080765738498787,0
2022-05-30,花菜类,24.335999999999995,194.68799999999996,0.0,8.0,0
2022-05-30,水生根茎类,6.684000000000001,114.22720000000001,0.0,17.089646918013166,0
2022-05-30,茄类,25.617999999999988,135.74239999999998,0.0,5.2987118432352265,0
2022-05-30,辣椒类,31.08099999999997,161.192,0.0,5.186190920498059,0
2022-05-30,食用菌,16.585,161.68300000000002,2.0,9.748748869460357,0
2022-05-31,花叶类,87.82700000000008,432.19679999999994,0.0,4.921001514340687,1
2022-05-31,花菜类,15.853999999999996,126.83199999999997,0.0,8.0,1
2022-05-31,水生根茎类,6.6110000000000015,138.6908,0.0,20.978792920889422,1
2022-05-31,茄类,18.110000000000003,95.42939999999997,0.0,5.269431253451129,1
2022-05-31,辣椒类,38.35599999999999,194.49199999999996,0.0,5.070706017311504,1
2022-05-31,食用菌,39.474000000000004,266.1852000000001,4.0,6.743304453564374,1
2022-06-01,花叶类,90.48800000000007,412.16479999999973,0.0,4.554911148439565,2
2022-06-01,花菜类,22.234,177.872,0.0,8.0,2
2022-06-01,水生根茎类,5.0840000000000005,117.65719999999999,0.0,23.142643587726194,2
2022-06-01,茄类,21.105,133.187,0.0,6.310684671878702,2
2022-06-01,辣椒类,43.71800000000002,259.9596,0.0,5.946282995562466,2
2022-06-01,食用菌,35.60300000000001,291.5394,0.0,8.188618936606463,2
2022-06-02,花叶类,112.62400000000012,503.80740000000014,0.0,4.473357366103136,3
2022-06-02,花菜类,20.605000000000004,164.84000000000003,0.0,8.0,3
2022-06-02,水生根茎类,11.330000000000002,227.32920000000001,0.0,20.0643601059135,3
2022-06-02,茄类,34.716,198.594,0.0,5.720532319391634,3
2022-06-02,辣椒类,47.187999999999995,257.5942000000001,0.0,5.458892091209632,3
2022-06-02,食用菌,36.404999999999994,319.61899999999997,1.0,8.779535778052466,3
2022-06-03,花叶类,185.59499999999994,854.6286000000005,0.0,4.604804008728688,4
2022-06-03,花菜类,29.489,271.2988,0.0,9.200000000000001,4
2022-06-03,水生根茎类,14.235,271.14400000000006,0.0,19.047699332630845,4
2022-06-03,茄类,59.950000000000024,343.14800000000014,0.0,5.723903252710592,4
2022-06-03,辣椒类,69.90299999999998,377.32739999999984,0.0,5.397871335994163,4
2022-06-03,食用菌,61.14900000000001,468.55019999999956,0.0,7.662434381592496,4
2022-06-04,花叶类,113.33100000000002,509.3999999999993,0.0,4.494798422320453,5
2022-06-04,花菜类,13.897999999999994,127.86160000000001,0.0,9.200000000000005,5
2022-06-04,水生根茎类,5.135,109.00520000000002,0.0,21.227887049659206,5
2022-06-04,茄类,39.75200000000001,227.11399999999998,0.0,5.713272288186756,5
2022-06-04,辣椒类,38.876000000000005,216.9024,0.0,5.5793394382138075,5
2022-06-04,食用菌,27.697999999999997,172.92040000000006,1.0,6.243064481189981,5
2022-06-05,花叶类,102.5050000000001,487.9980000000001,0.0,4.760723867128429,6
2022-06-05,花菜类,21.970000000000002,219.69999999999993,0.0,9.999999999999996,6
2022-06-05,水生根茎类,10.108999999999996,203.8012,0.0,20.160371945790885,6
2022-06-05,茄类,42.32799999999998,218.90580000000008,0.0,5.171654696654701,6
2022-06-05,辣椒类,41.001,237.38120000000004,0.0,5.789644155020611,6
2022-06-05,食用菌,41.36900000000001,296.50620000000004,1.0,7.1673523652976865,6
2022-06-06,花叶类,104.54700000000008,505.52360000000016,0.0,4.835371651027765,0
2022-06-06,花菜类,23.308999999999997,214.4428,0.0,9.200000000000001,0
2022-06-06,水生根茎类,5.253000000000001,92.5164,0.0,17.61210736721873,0
2022-06-06,茄类,37.31199999999999,194.7080000000001,0.0,5.218374785591771,0
2022-06-06,辣椒类,40.803,217.1529999999999,0.0,5.321986128470944,0
2022-06-06,食用菌,26.542999999999996,209.15140000000005,1.0,7.87971970010926,0
2022-06-07,花叶类,105.76700000000005,482.7654000000001,0.0,4.5644236860268315,1
2022-06-07,花菜类,20.909000000000006,192.36280000000002,0.0,9.199999999999998,1
2022-06-07,水生根茎类,6.312,100.7976,0.0,15.969201520912547,1
2022-06-07,茄类,23.211999999999996,141.24399999999997,0.0,6.0849560572117865,1
2022-06-07,辣椒类,38.975,201.58640000000003,0.0,5.172197562540091,1
2022-06-07,食用菌,28.139,182.5522000000001,0.0,6.487515547816202,1
2022-06-08,花叶类,113.86200000000015,546.4596000000001,0.0,4.799314960214992,2
2022-06-08,花菜类,17.045999999999996,156.82319999999999,0.0,9.200000000000001,2
2022-06-08,水生根茎类,6.7250000000000005,152.6556,0.0,22.699717472118955,2
2022-06-08,茄类,27.370000000000005,126.99299999999998,0.0,4.639861161856046,2
2022-06-08,辣椒类,40.95900000000002,221.52,0.0,5.4083351644327236,2
2022-06-08,食用菌,28.048000000000002,185.25040000000004,6.0,6.6047632629777535,2
2022-06-09,花叶类,281.24699999999984,1425.943999999995,0.0,5.070077191934477,3
2022-06-09,花菜类,21.53199999999999,198.09440000000004,0.0,9.200000000000006,3
2022-06-09,水生根茎类,5.241000000000001,116.26640000000002,0.0,22.18401068498378,3
2022-06-09,茄类,35.271,156.21100000000007,0.0,4.4288792492415885,3
2022-06-09,辣椒类,41.65100000000001,209.0972000000002,0.0,5.020220402871484,3
2022-06-09,食用菌,27.768,229.80640000000002,5.0,8.275943532123309,3
2022-06-10,花叶类,115.09300000000009,464.61079999999964,0.0,4.036829346702226,4
2022-06-10,花菜类,13.058000000000002,130.58,0.0,10.0,4
2022-06-10,水生根茎类,9.447000000000001,202.38780000000003,0.0,21.423499523658304,4
2022-06-10,茄类,38.77600000000001,192.54700000000003,0.0,4.9656230658139044,4
2022-06-10,辣椒类,37.531,202.03079999999997,0.0,5.383038021901894,4
2022-06-10,食用菌,27.15199999999999,216.30960000000007,2.0,7.966617560400713,4
2022-06-11,花叶类,195.64699999999996,818.0720000000013,0.0,4.181367462828469,5
2022-06-11,花菜类,34.691,346.9100000000001,0.0,10.000000000000002,5
2022-06-11,水生根茎类,9.209,223.40099999999995,0.0,24.258985774785533,5
2022-06-11,茄类,48.32,251.951,0.0,5.214217715231788,5
2022-06-11,辣椒类,61.05400000000004,312.18520000000007,0.0,5.113263668228124,5
2022-06-11,食用菌,36.533,313.25340000000006,1.0,8.574532614348673,5
2022-06-12,花叶类,166.51500000000024,739.6814000000014,0.0,4.442130738972467,6
2022-06-12,花菜类,29.698000000000004,296.9800000000002,0.0,10.000000000000005,6
2022-06-12,水生根茎类,10.588,218.94219999999999,0.0,20.678333962976954,6
2022-06-12,茄类,49.50499999999997,274.6454,0.0,5.5478315321684715,6
2022-06-12,辣椒类,67.52899999999998,323.3824,0.0,4.788792963023295,6
2022-06-12,食用菌,49.293000000000006,358.3013999999998,2.0,7.268808958675669,6
2022-06-13,花叶类,116.05100000000007,550.7454,0.0,4.745718692643749,0
2022-06-13,花菜类,23.638,236.38,0.0,9.999999999999998,0
2022-06-13,水生根茎类,3.944,85.9936,0.0,21.803651115618663,0
2022-06-13,茄类,33.306,162.54920000000004,0.0,4.880477991953404,0
2022-06-13,辣椒类,29.922999999999995,154.11239999999995,0.0,5.150299101025966,0
2022-06-13,食用菌,35.01400000000001,256.47720000000015,2.0,7.324990003998403,0
2022-06-14,花叶类,110.67100000000005,523.7242,0.0,4.732262290934389,1
2022-06-14,花菜类,23.58699999999999,235.87000000000003,0.0,10.000000000000005,1
2022-06-14,水生根茎类,14.603999999999996,350.3868000000001,0.0,23.992522596548906,1
2022-06-14,茄类,29.76199999999999,197.5306,0.0,6.637006921577853,1
2022-06-14,辣椒类,29.213000000000015,151.41320000000007,0.0,5.1830760277958445,1
2022-06-14,食用菌,16.266,163.16680000000002,0.0,10.03115701463175,1
2022-06-15,花叶类,105.8400000000001,450.12060000000014,0.0,4.252840136054419,2
2022-06-15,花菜类,18.931,189.30999999999992,0.0,9.999999999999995,2
2022-06-15,水生根茎类,5.184,102.14800000000001,0.0,19.704475308641978,2
2022-06-15,茄类,33.77599999999999,226.28859999999997,0.0,6.699686167693038,2
2022-06-15,辣椒类,39.656000000000006,193.6048,0.0,4.882106112568085,2
2022-06-15,食用菌,26.243,222.51140000000004,0.0,8.478885798117595,2
2022-06-16,花叶类,109.34600000000005,488.5619999999999,0.0,4.468037239588094,3
2022-06-16,花菜类,18.079000000000004,180.79,0.0,9.999999999999996,3
2022-06-16,水生根茎类,5.3469999999999995,110.48880000000001,0.0,20.66369927061904,3
2022-06-16,茄类,35.463,181.87479999999996,0.0,5.128579082423934,3
2022-06-16,辣椒类,49.712,244.56839999999997,2.0,4.919705503701318,3
2022-06-16,食用菌,32.227999999999994,223.81440000000006,1.0,6.944718877994294,3
2022-06-17,花叶类,118.68200000000019,522.9045999999993,0.0,4.4059301326233,4
2022-06-17,花菜类,27.301000000000002,273.0099999999999,0.0,9.999999999999995,4
2022-06-17,水生根茎类,6.548999999999999,128.64220000000003,0.0,19.64302947014812,4
2022-06-17,茄类,36.32600000000003,242.78400000000005,0.0,6.683477399108073,4
2022-06-17,辣椒类,47.099999999999994,236.4707999999999,0.0,5.020611464968152,4
2022-06-17,食用菌,36.568000000000005,265.3464000000001,2.0,7.256245898052944,4
2022-06-18,花叶类,191.22800000000043,824.6844000000003,0.0,4.312571380760132,5
2022-06-18,花菜类,29.83400000000001,298.34000000000003,0.0,9.999999999999998,5
2022-06-18,水生根茎类,18.483999999999998,408.9650000000002,0.0,22.12535165548584,5
2022-06-18,茄类,47.584000000000024,328.926,0.0,6.912533624747811,5
2022-06-18,辣椒类,79.94,474.71999999999986,0.0,5.938453840380284,5
2022-06-18,食用菌,50.205999999999996,349.1787999999998,4.0,6.954921722503283,5
2022-06-19,花叶类,187.62300000000008,829.0605999999989,0.0,4.418757828198028,6
2022-06-19,花菜类,31.955999999999996,293.99520000000007,0.0,9.200000000000003,6
2022-06-19,水生根茎类,15.541000000000006,376.7282000000001,0.0,24.240924007464123,6
2022-06-19,茄类,40.85799999999999,256.74839999999995,0.0,6.2839199177639635,6
2022-06-19,辣椒类,79.311,526.1019999999997,0.0,6.633405202304846,6
2022-06-19,食用菌,49.153000000000006,351.70479999999986,0.0,7.1553068988668,6
2022-06-20,花叶类,123.54000000000002,557.3335999999995,0.0,4.5113615023474125,0
2022-06-20,花菜类,26.019999999999992,239.38400000000001,0.0,9.200000000000003,0
2022-06-20,水生根茎类,8.896,214.5098,0.0,24.113062050359712,0
2022-06-20,茄类,27.416000000000004,176.7216,0.0,6.445929384301137,0
2022-06-20,辣椒类,46.065,222.83240000000015,0.0,4.8373472267448205,0
2022-06-20,食用菌,35.656,269.36960000000005,4.0,7.554678034552391,0
2022-06-21,花叶类,110.97300000000004,512.5521999999997,0.0,4.618710857595988,1
2022-06-21,花菜类,22.014000000000006,158.5008,0.0,7.1999999999999975,1
2022-06-21,水生根茎类,6.063000000000001,120.02499999999999,0.0,19.796305459343557,1
2022-06-21,茄类,27.152,194.3994,0.0,7.159671479080731,1
2022-06-21,辣椒类,32.467,180.17080000000004,0.0,5.549351649367051,1
2022-06-21,食用菌,29.804,205.70900000000003,3.0,6.902060126157564,1
2022-06-22,花叶类,108.75899999999997,484.8421999999996,0.0,4.457950146654527,2
2022-06-22,花菜类,23.448999999999998,168.8328,0.0,7.2,2
2022-06-22,水生根茎类,13.806000000000003,328.4452,0.0,23.790033318846874,2
2022-06-22,茄类,22.450999999999997,163.30679999999998,0.0,7.273920983475124,2
2022-06-22,辣椒类,35.160999999999994,188.08080000000004,0.0,5.349131139614916,2
2022-06-22,食用菌,28.096999999999994,245.70400000000006,0.0,8.744848204434641,2
2022-06-23,花叶类,84.61700000000003,382.37180000000006,0.0,4.5188531855300935,3
2022-06-23,花菜类,14.583,104.99759999999999,0.0,7.199999999999999,3
2022-06-23,水生根茎类,5.402000000000001,116.8704,0.0,21.634653831914104,3
2022-06-23,茄类,17.152,100.59720000000002,0.0,5.8650419776119405,3
2022-06-23,辣椒类,29.210999999999984,177.60159999999996,0.0,6.079956180890762,3
2022-06-23,食用菌,28.488,183.7624,4.0,6.45051951698961,3
2022-06-24,花叶类,104.32500000000007,483.13700000000017,0.0,4.631075964533907,4
2022-06-24,花菜类,17.639999999999997,162.28799999999998,0.0,9.200000000000001,4
2022-06-24,水生根茎类,25.878,336.7208,0.0,13.01185563026509,4
2022-06-24,茄类,22.83599999999999,176.2909999999999,0.0,7.719872131721842,4
2022-06-24,辣椒类,33.789,190.712,0.0,5.644203734943324,4
2022-06-24,食用菌,29.264999999999993,217.94699999999997,1.0,7.447360328036905,4
2022-06-25,花叶类,155.786,821.0747999999999,0.0,5.270530086143812,5
2022-06-25,花菜类,22.426,179.408,0.0,8.0,5
2022-06-25,水生根茎类,40.33200000000001,459.54760000000005,0.0,11.394118813845084,5
2022-06-25,茄类,28.57000000000001,207.69300000000004,0.0,7.269618480924045,5
2022-06-25,辣椒类,39.41400000000001,216.81999999999994,0.0,5.501090982899474,5
2022-06-25,食用菌,47.56899999999999,308.0662000000001,4.0,6.476196682713535,5
2022-06-26,花叶类,163.91900000000004,777.5194,0.0,4.743314685911943,6
2022-06-26,花菜类,36.32,261.50400000000013,0.0,7.200000000000004,6
2022-06-26,水生根茎类,31.363999999999994,530.6208000000001,0.0,16.91814819538325,6
2022-06-26,茄类,33.782999999999994,258.274,0.0,7.645087766036173,6
2022-06-26,辣椒类,43.417999999999985,292.4352,0.0,6.735344787875999,6
2022-06-26,食用菌,54.309,366.3181999999999,6.0,6.745073560551656,6
2022-06-27,花叶类,105.20699999999994,532.3742000000002,0.0,5.0602545458001895,0
2022-06-27,花菜类,21.77200000000001,156.75840000000002,0.0,7.199999999999998,0
2022-06-27,水生根茎类,12.659,235.86960000000008,0.0,18.632561813729367,0
2022-06-27,茄类,21.427,166.18600000000004,0.0,7.755915433798481,0
2022-06-27,辣椒类,28.076999999999988,218.18340000000003,0.0,7.770894326316919,0
2022-06-27,食用菌,26.887000000000004,187.8454,9.326,6.986476735969055,0
2022-06-28,花叶类,133.89900000000006,619.0856000000001,9.3,4.623526688026049,1
2022-06-28,花菜类,23.306999999999995,186.45599999999996,0.0,8.0,1
2022-06-28,水生根茎类,19.501,278.0434,0.0,14.257904722834727,1
2022-06-28,茄类,13.136999999999999,98.02,0.0,7.461368653421634,1
2022-06-28,辣椒类,28.268,218.13879999999997,0.0,7.716810527805291,1
2022-06-28,食用菌,39.702,262.46140000000014,5.884,6.6107853508639405,1
2022-06-29,花叶类,156.0899999999999,760.6770000000002,1.0,4.87332308283683,2
2022-06-29,花菜类,40.42400000000001,282.96440000000007,8.604,6.999910943993668,2
2022-06-29,水生根茎类,16.117999999999995,341.0059999999999,0.0,21.156843280804072,2
2022-06-29,茄类,26.758000000000003,183.38720000000004,0.0,6.853546602885119,2
2022-06-29,辣椒类,21.953999999999997,224.3892,1.0,10.220880021863898,2
2022-06-29,食用菌,39.934000000000005,300.9326000000001,12.592000000000002,7.535748985826616,2
2022-06-30,花叶类,127.27400000000011,638.0495999999998,2.0,5.013196725175599,3
2022-06-30,花菜类,47.52799999999996,348.3232999999998,5.475,7.328801969365428,3
2022-06-30,水生根茎类,10.625,194.8452,0.0,18.338371764705883,3
2022-06-30,茄类,21.968999999999998,139.9018,0.0,6.368146023942829,3
2022-06-30,辣椒类,29.25900000000001,270.9680000000001,0.0,9.261013705184729,3
2022-06-30,食用菌,38.62700000000001,250.60240000000005,11.551000000000002,6.48775209050664,3
2022-07-01,花叶类,149.7190000000001,720.7138000000002,0.0,4.81377647459574,4
2022-07-01,花菜类,28.897000000000002,252.22079999999997,0.684,8.72826937052289,4
2022-07-01,水生根茎类,15.086,290.41479999999996,0.0,19.25061646559724,4
2022-07-01,茄类,17.165,127.70020000000005,0.0,7.439568890183517,4
2022-07-01,辣椒类,25.326,251.924,0.0,9.947247887546395,4
2022-07-01,食用菌,50.953,256.8174,28.659999999999997,5.040280258277236,4
2022-07-02,花叶类,195.29499999999987,1054.8591999999996,3.367,5.401363066130727,5
2022-07-02,花菜类,55.85100000000002,476.88159999999993,4.549,8.538461263003343,5
2022-07-02,水生根茎类,28.667,552.1900000000003,0.0,19.262217881187436,5
2022-07-02,茄类,27.47500000000001,169.2184,0.0,6.158995450409462,5
2022-07-02,辣椒类,55.99899999999999,582.9485999999999,0.0,10.409982321112878,5
2022-07-02,食用菌,45.70399999999999,393.26779999999974,14.486999999999998,8.604669175564498,5
2022-07-03,花叶类,188.67200000000008,1029.525000000001,0.0,5.456692036974223,6
2022-07-03,花菜类,47.94399999999999,456.24800000000005,0.0,9.516268980477227,6
2022-07-03,水生根茎类,63.873,690.4424000000001,0.0,10.809612825450506,6
2022-07-03,茄类,42.36799999999998,315.1256000000002,0.0,7.43782099697886,6
2022-07-03,辣椒类,58.67000000000002,617.7059999999999,0.0,10.528481336287705,6
2022-07-03,食用菌,42.18,277.5108,9.706,6.579203413940257,6
2022-07-04,花叶类,116.605,681.6720000000001,0.0,5.84599288195189,0
2022-07-04,花菜类,27.955000000000005,279.55,0.0,9.999999999999998,0
2022-07-04,水生根茎类,20.218999999999998,288.6132,0.0,14.274355803946785,0
2022-07-04,茄类,17.802,118.50720000000001,0.0,6.656959892146951,0
2022-07-04,辣椒类,47.45800000000004,510.01560000000006,0.0,10.746672847570476,0
2022-07-04,食用菌,36.687999999999995,294.6529999999999,12.077000000000002,8.031318142171825,0
2022-07-05,花叶类,133.21000000000006,681.1203999999996,0.0,5.113132647699116,1
2022-07-05,花菜类,42.64000000000001,387.65400000000005,0.0,9.091322701688554,1
2022-07-05,水生根茎类,34.507999999999996,488.48320000000007,0.0,14.155650863567873,1
2022-07-05,茄类,17.523999999999994,105.9122,0.0,6.0438370235106165,1
2022-07-05,辣椒类,49.72800000000001,475.66520000000014,0.0,9.565339446589448,1
2022-07-05,食用菌,50.36699999999999,270.5498000000002,11.144,5.3715686858458955,1
2022-07-06,花叶类,164.4609999999999,854.6882000000003,0.0,5.196905041316791,2
2022-07-06,花菜类,31.185999999999996,273.64400000000006,1.9849999999999999,8.774578336433018,2
2022-07-06,水生根茎类,39.01800000000001,425.66120000000006,0.0,10.909354656825055,2
2022-07-06,茄类,9.038,58.964000000000006,0.0,6.524009736667405,2
2022-07-06,辣椒类,51.11899999999998,530.9293999999999,0.0,10.386146051370334,2
2022-07-06,食用菌,32.22599999999999,223.5802000000001,7.043000000000003,6.937882455160435,2
2022-07-07,花叶类,134.044,722.7684,0.0,5.392023514666826,3
2022-07-07,花菜类,50.96200000000002,407.69600000000014,0.0,8.0,3
2022-07-07,水生根茎类,43.06600000000002,456.1383999999999,0.0,10.591612873264285,3
2022-07-07,茄类,14.601999999999999,99.92099999999998,0.0,6.842966716888097,3
2022-07-07,辣椒类,39.873999999999995,488.0753999999999,0.0,12.240442393539649,3
2022-07-07,食用菌,29.188999999999993,166.70340000000004,10.193000000000001,5.711172016855667,3
2022-07-08,花叶类,129.05000000000007,735.0227999999997,0.0,5.695643549012006,4
2022-07-08,花菜类,48.355999999999995,384.13599999999997,0.678,7.94391595665481,4
2022-07-08,水生根茎类,32.712999999999994,304.1364,0.0,9.297111240179746,4
2022-07-08,茄类,7.971000000000001,55.828,0.0,7.003889097980178,4
2022-07-08,辣椒类,42.7,431.11139999999983,0.0,10.09628571428571,4
2022-07-08,食用菌,49.425000000000004,237.0816000000001,26.697000000000003,4.796795144157817,4
2022-07-09,花叶类,173.97100000000026,1015.6832000000006,0.0,5.838232808916423,5
2022-07-09,花菜类,44.53499999999997,356.27999999999975,0.0,8.0,5
2022-07-09,水生根茎类,44.591,613.4955999999996,0.213,13.75828306160435,5
2022-07-09,茄类,26.107000000000003,189.08600000000004,0.0,7.242731834373924,5
2022-07-09,辣椒类,73.12400000000002,698.3693999999995,1.0,9.550481374104251,5
2022-07-09,食用菌,55.62899999999999,358.4995999999998,13.658999999999999,6.444473206421109,5
2022-07-10,花叶类,186.91599999999997,1031.0775999999992,0.0,5.516261850242886,6
2022-07-10,花菜类,67.45700000000001,537.928,0.54,7.9743836814563345,6
2022-07-10,水生根茎类,35.703,381.65760000000006,0.0,10.689790773884548,6
2022-07-10,茄类,21.79699999999999,163.07299999999992,0.0,7.48144240033032,6
2022-07-10,辣椒类,85.66900000000003,880.8609999999993,0.0,10.28214406611492,6
2022-07-10,食用菌,80.418,360.2471999999998,28.786,4.479683652913524,6
2022-07-11,花叶类,133.262,700.8995999999996,0.0,5.259560865062806,0
2022-07-11,花菜类,24.263999999999996,194.11199999999997,0.0,8.0,0
2022-07-11,水生根茎类,43.103,439.0148,27.095000000000006,10.18524928659258,0
2022-07-11,茄类,30.140999999999995,231.33299999999994,0.0,7.675027371354632,0
2022-07-11,辣椒类,57.658999999999985,612.3836,4.0,10.620780797447063,0
2022-07-11,食用菌,55.108000000000004,290.13840000000005,5.0,5.264905276910794,0
2022-07-12,花叶类,129.27100000000013,666.9880000000004,0.0,5.159610430800409,1
2022-07-12,花菜类,64.57900000000002,489.4984000000001,8.318999999999999,7.579838647238265,1
2022-07-12,水生根茎类,29.78,373.92400000000004,23.205000000000002,12.556212222968435,1
2022-07-12,茄类,19.218000000000007,142.25900000000001,0.0,7.402383182433134,1
2022-07-12,辣椒类,49.014000000000024,566.7348000000001,0.0,11.562712694332227,1
2022-07-12,食用菌,27.869000000000007,232.60620000000006,0.0,8.34641357781047,1
2022-07-13,花叶类,150.03399999999988,842.4025999999997,0.0,5.61474465787755,2
2022-07-13,花菜类,46.435,364.968,2.035,7.859760956175299,2
2022-07-13,水生根茎类,31.995,450.99080000000004,22.35100000000001,14.095664947648071,2
2022-07-13,茄类,12.755,82.113,0.0,6.437710701685613,2
2022-07-13,辣椒类,57.84100000000001,478.78339999999986,15.0,8.277578188482215,2
2022-07-13,食用菌,63.60299999999996,322.44079999999997,15.908000000000001,5.06958476801409,2
2022-07-14,花叶类,131.9649999999999,798.3542000000001,0.0,6.049741977039372,3
2022-07-14,花菜类,34.033,340.33,0.0,10.0,3
2022-07-14,水生根茎类,12.376000000000003,145.75,5.970000000000001,11.776826115061406,3
2022-07-14,茄类,14.374000000000004,112.30200000000002,0.0,7.812856546542368,3
2022-07-14,辣椒类,52.446000000000005,426.18099999999976,3.0,8.126091598977991,3
2022-07-14,食用菌,44.709,348.1572,6.503,7.787183788498959,3
2022-07-15,花叶类,118.42500000000001,697.7156000000002,0.0,5.891624234747732,4
2022-07-15,花菜类,30.180000000000007,301.7999999999999,0.0,9.999999999999995,4
2022-07-15,水生根茎类,43.240999999999985,511.592,31.713000000000005,11.831178742397265,4
2022-07-15,茄类,11.364,86.445,0.0,7.606916578669481,4
2022-07-15,辣椒类,60.49700000000002,523.3265999999998,6.444,8.650455394482364,4
2022-07-15,食用菌,66.136,399.67900000000003,22.189000000000004,6.043289585097376,4
2022-07-16,花叶类,175.92500000000007,1154.7206,0.0,6.5637095353133414,5
2022-07-16,花菜类,59.71400000000001,597.1400000000004,0.0,10.000000000000005,5
2022-07-16,水生根茎类,107.27199999999999,893.9043999999999,38.432,8.333063613990603,5
2022-07-16,茄类,18.430999999999997,151.32179999999994,0.0,8.21017850360805,5
2022-07-16,辣椒类,73.23500000000006,819.6466000000001,4.0,11.192006554243184,5
2022-07-16,食用菌,89.471,466.6113999999996,23.490000000000002,5.2152250449866395,5
2022-07-17,花叶类,190.24900000000002,1126.1988000000003,0.0,5.919604308038414,6
2022-07-17,花菜类,53.70499999999998,535.818,0.0,9.97705986407225,6
2022-07-17,水生根茎类,131.3,849.4144000000006,0.0,6.469264280274185,6
2022-07-17,茄类,21.933999999999997,176.5404,0.0,8.04870976566062,6
2022-07-17,辣椒类,63.42100000000002,648.7661999999999,5.0,10.229517036943594,6
2022-07-17,食用菌,73.671,568.9945999999999,8.908000000000001,7.723454276445275,6
2022-07-18,花叶类,132.0529999999999,795.8265999999994,0.0,6.026569634919312,0
2022-07-18,花菜类,43.190000000000005,431.9000000000002,0.0,10.000000000000004,0
2022-07-18,水生根茎类,57.442000000000014,538.1616000000001,0.0,9.368782424010305,0
2022-07-18,茄类,11.581999999999999,102.2544,0.0,8.828734242790539,0
2022-07-18,辣椒类,50.507000000000005,528.6268000000001,3.0,10.466406636703825,0
2022-07-18,食用菌,52.193000000000005,304.85240000000005,5.0,5.840867549288219,0
2022-07-19,花叶类,134.05999999999992,786.6631999999995,0.0,5.867993435775026,1
2022-07-19,花菜类,33.363,332.2739999999999,0.0,9.959356173006022,1
2022-07-19,水生根茎类,90.19000000000003,564.6268000000002,0.0,6.260414680119748,1
2022-07-19,茄类,20.509,137.9192,0.0,6.724813496513725,1
2022-07-19,辣椒类,49.965999999999994,444.1173999999998,6.0,8.888392106632507,1
2022-07-19,食用菌,44.352,351.2316,6.353,7.919182900432902,1
2022-07-20,花叶类,160.9450000000001,1007.9657999999998,0.0,6.262796607536731,2
2022-07-20,花菜类,43.777000000000015,402.7483999999999,0.0,9.199999999999994,2
2022-07-20,水生根茎类,89.35499999999999,618.3884000000002,0.0,6.9205797101449305,2
2022-07-20,茄类,17.192,115.49959999999999,0.0,6.718217775709632,2
2022-07-20,辣椒类,88.65599999999999,700.8045999999995,3.0,7.904762227034826,2
2022-07-20,食用菌,37.087999999999994,313.32079999999985,4.0,8.448037100949092,2
2022-07-21,花叶类,140.65600000000003,803.201,0.0,5.710392731202365,3
2022-07-21,花菜类,38.147,350.9523999999999,0.0,9.199999999999998,3
2022-07-21,水生根茎类,75.92000000000002,649.4167999999997,0.0,8.553962065331923,3
2022-07-21,茄类,18.295999999999996,100.971,0.0,5.518747267162222,3
2022-07-21,辣椒类,130.268,758.9561999999988,33.781,5.826113857585891,3
2022-07-21,食用菌,43.486,309.2550000000003,10.188,7.111599135353914,3
2022-07-22,花叶类,119.44899999999998,745.2212000000004,0.0,6.238823263484838,4
2022-07-22,花菜类,33.655,309.626,0.0,9.2,4
2022-07-22,水生根茎类,44.43,529.7936,0.0,11.924231375196939,4
2022-07-22,茄类,16.449,100.24460000000002,0.0,6.094267128700833,4
2022-07-22,辣椒类,91.71899999999998,573.5709999999998,13.465,6.253567963017477,4
2022-07-22,食用菌,60.67799999999999,357.22059999999993,13.562,5.887151850753156,4
2022-07-23,花叶类,163.238,1026.582,0.0,6.288866562932651,5
2022-07-23,花菜类,45.47000000000001,418.32399999999984,0.0,9.199999999999994,5
2022-07-23,水生根茎类,67.39500000000001,861.2627999999999,4.0,12.779327843311814,5
2022-07-23,茄类,20.601,141.56600000000003,0.0,6.87180233969225,5
2022-07-23,辣椒类,128.4050000000001,841.2850999999994,31.571,6.551809508975498,5
2022-07-23,食用菌,101.74299999999997,541.6181999999998,22.45900000000001,5.323395221292865,5
2022-07-24,花叶类,187.59499999999986,1095.2765999999997,0.0,5.838517018044194,6
2022-07-24,花菜类,45.96000000000001,422.8319999999999,0.0,9.199999999999996,6
2022-07-24,水生根茎类,112.09099999999997,860.7352000000001,0.0,7.678896610789451,6
2022-07-24,茄类,10.549,63.823,0.0,6.050146933358612,6
2022-07-24,辣椒类,55.956999999999994,344.9162,1.105,6.163950890862627,6
2022-07-24,食用菌,67.63999999999997,465.37309999999997,9.649000000000001,6.880146363098761,6
2022-07-25,花叶类,128.30499999999995,739.2714000000001,0.0,5.761828455633065,0
2022-07-25,花菜类,79.56500000000005,687.5147999999999,1.4060000000000001,8.640920002513662,0
2022-07-25,水生根茎类,90.633,575.1684,0.0,6.346125583396777,0
2022-07-25,茄类,17.972,121.79799999999997,0.0,6.777097707545068,0
2022-07-25,辣椒类,66.762,319.5599999999999,6.0,4.78655522602678,0
2022-07-25,食用菌,66.315,360.2695,8.185,5.432699992460228,0
2022-07-26,花叶类,161.551,998.2109999999999,3.0,6.17892182654394,1
2022-07-26,花菜类,73.96999999999996,647.9679999999995,0.0,8.75987562525348,1
2022-07-26,水生根茎类,68.86300000000001,639.4624000000002,0.0,9.28600845156325,1
2022-07-26,茄类,18.262,113.05499999999998,0.0,6.190723907567626,1
2022-07-26,辣椒类,98.29,507.23999999999944,6.0,5.160647064808215,1
2022-07-26,食用菌,59.464999999999996,354.6027999999999,14.053,5.963218700075673,1
2022-07-27,花叶类,131.63299999999995,823.4824000000003,0.0,6.255896317792655,2
2022-07-27,花菜类,67.503,645.2292000000002,0.0,9.558526287720548,2
2022-07-27,水生根茎类,71.08699999999999,503.01400000000007,0.0,7.076033592640006,2
2022-07-27,茄类,14.402000000000001,104.6026,0.0,7.26306068601583,2
2022-07-27,辣椒类,108.89099999999998,630.6729999999992,3.0,5.791782608296364,2
2022-07-27,食用菌,58.869000000000014,345.6895999999999,11.404,5.872184001766632,2
2022-07-28,花叶类,170.77099999999987,1037.2022999999988,2.513,6.073644237019163,3
2022-07-28,花菜类,60.76000000000002,573.9504,0.0,9.446188281764314,3
2022-07-28,水生根茎类,70.756,582.6468,2.0,8.234592119396234,3
2022-07-28,茄类,22.580000000000005,160.68420000000003,0.0,7.11621789193977,3
2022-07-28,辣椒类,116.81000000000003,689.0809999999998,15.406,5.899161030733667,3
2022-07-28,食用菌,69.521,426.32279999999986,14.72,6.132288085614417,3
2022-07-29,花叶类,331.236,1189.4839999999954,64.0,3.5910468668864355,4
2022-07-29,花菜类,64.22500000000002,585.8761999999998,7.5920000000000005,9.122245231607623,4
2022-07-29,水生根茎类,66.92500000000001,526.4455999999999,4.0,7.866202465446392,4
2022-07-29,茄类,15.615999999999996,109.56799999999996,0.0,7.01639344262295,4
2022-07-29,辣椒类,120.741,630.8899999999993,9.0,5.225151357036958,4
2022-07-29,食用菌,52.634000000000015,406.05319999999995,11.907000000000002,7.714655925827409,4
2022-07-30,花叶类,343.1569999999999,1240.8933999999954,58.814,3.6161098272802117,5
2022-07-30,花菜类,61.873000000000026,568.0507999999999,3.956,9.180915746771607,5
2022-07-30,水生根茎类,71.29300000000002,683.9092000000002,2.0,9.592936192894113,5
2022-07-30,茄类,13.837,94.67199999999998,0.0,6.841945508419454,5
2022-07-30,辣椒类,141.66400000000002,740.1162999999984,20.761999999999997,5.224448695504845,5
2022-07-30,食用菌,86.45599999999999,528.8431999999996,13.0,6.116905709262511,5
2022-07-31,花叶类,320.9979999999997,1227.533999999996,30.07,3.8241172842198305,6
2022-07-31,花菜类,49.207000000000015,452.8907000000001,0.459,9.203786046700673,6
2022-07-31,水生根茎类,131.591,808.4,0.0,6.143277275801536,6
2022-07-31,茄类,19.874999999999996,133.234,0.0,6.703597484276731,6
2022-07-31,辣椒类,142.90600000000006,736.488799999999,10.453,5.153659048605367,6
2022-07-31,食用菌,98.21900000000001,558.6267999999998,7.872000000000002,5.687563506042617,6
2022-08-01,花叶类,304.39899999999994,1130.8185999999966,56.0,3.71492219094017,0
2022-08-01,花菜类,82.28199999999995,693.778,1.646,8.431710459152676,0
2022-08-01,水生根茎类,91.81300000000002,580.2782999999997,0.895,6.3202193589143105,0
2022-08-01,茄类,29.243000000000006,226.39780000000005,0.358,7.7419485004958455,0
2022-08-01,辣椒类,154.11300000000003,760.328799999999,15.451,4.9335799056536365,0
2022-08-01,食用菌,36.45100000000001,319.6856000000002,3.5710000000000006,8.770283394145569,0
2022-08-02,花叶类,270.79800000000006,1026.8515999999966,54.332,3.791946764747141,1
2022-08-02,花菜类,80.49299999999998,701.4389999999999,0.833,8.714285714285715,1
2022-08-02,水生根茎类,28.384999999999994,333.8544,0.0,11.761648758146912,1
2022-08-02,茄类,14.100999999999999,88.79,0.0,6.296716544925893,1
2022-08-02,辣椒类,122.28400000000002,579.9283999999991,9.527000000000001,4.742471623433965,1
2022-08-02,食用菌,57.275999999999996,375.4831999999999,10.792000000000002,6.555681262658005,1
2022-08-03,花叶类,337.105,1218.1117999999944,71.0,3.6134492220524597,2
2022-08-03,花菜类,68.43600000000002,528.0810000000004,4.398000000000001,7.716421181834125,2
2022-08-03,水生根茎类,95.58900000000001,421.1660000000001,0.0,4.406009059619831,2
2022-08-03,茄类,15.585000000000003,123.15500000000002,0.0,7.902149502726981,2
2022-08-03,辣椒类,159.98700000000014,732.4435999999993,18.0,4.578144474238523,2
2022-08-03,食用菌,76.33199999999998,411.86179999999985,26.514000000000006,5.395663679714929,2
2022-08-04,花叶类,354.40399999999994,1225.2221999999952,79.0,3.457134230990608,3
2022-08-04,花菜类,65.15400000000005,497.00300000000027,3.565,7.628127206311199,3
2022-08-04,水生根茎类,64.17100000000002,583.3256000000001,0.0,9.090174689501486,3
2022-08-04,茄类,17.149,128.411,0.0,7.487958481544113,3
2022-08-04,辣椒类,152.64400000000003,678.4983999999994,18.0,4.444972616021587,3
2022-08-04,食用菌,81.52599999999998,477.09549999999984,8.893,5.852065598704707,3
2022-08-05,花叶类,329.4229999999998,1226.9077999999984,65.666,3.724414506576648,4
2022-08-05,花菜类,72.79900000000004,521.8037000000003,8.653,7.1677316996112586,4
2022-08-05,水生根茎类,43.931000000000004,474.2976000000001,0.0,10.796421661241494,4
2022-08-05,茄类,13.431999999999999,105.37399999999998,0.0,7.844997022036926,4
2022-08-05,辣椒类,169.692,666.4421999999988,29.0,3.9273636942224663,4
2022-08-05,食用菌,66.54299999999999,404.07400000000007,22.688999999999997,6.07237425424162,4
2022-08-06,花叶类,355.128,1374.4928999999993,64.142,3.8704154558356403,5
2022-08-06,花菜类,96.079,679.9290000000002,11.714000000000002,7.076770157890905,5
2022-08-06,水生根茎类,106.72299999999997,707.9431999999998,0.9249999999999999,6.633464201718468,5
2022-08-06,茄类,15.461999999999996,130.9382,0.637,8.468387013322987,5
2022-08-06,辣椒类,183.48900000000006,806.2197999999988,31.566000000000003,4.39383178283166,5
2022-08-06,食用菌,91.92399999999994,631.4444000000001,9.501999999999999,6.8692006440102755,5
2022-08-07,花叶类,316.06900000000013,1281.4463999999982,35.522,4.054324846789776,6
2022-08-07,花菜类,86.98199999999997,607.7996000000004,10.424,6.987648019130401,6
2022-08-07,水生根茎类,89.746,629.2316,0.362,7.01124952644129,6
2022-08-07,茄类,26.316,234.19699999999997,0.0,8.899414804681562,6
2022-08-07,辣椒类,211.18399999999986,889.6801999999973,16.0,4.2128201000075665,6
2022-08-07,食用菌,105.11299999999991,542.7065999999999,22.950000000000003,5.163077830525247,6
2022-08-08,花叶类,302.0770000000001,1067.283799999997,56.0,3.533151481244837,0
2022-08-08,花菜类,76.689,555.4641000000005,5.619,7.243073974103203,0
2022-08-08,水生根茎类,86.53099999999999,525.1403999999998,1.4249999999999998,6.0688123331522785,0
2022-08-08,茄类,18.528000000000006,157.298,0.0,8.489745250431776,0
2022-08-08,辣椒类,138.495,517.7929999999994,18.0,3.738712588902122,0
2022-08-08,食用菌,87.266,523.5283999999996,25.926000000000005,5.999225356954593,0
2022-08-09,花叶类,322.4319999999999,1196.028099999997,53.989,3.7093963998610477,1
2022-08-09,花菜类,75.30300000000007,551.0154999999999,3.631,7.317311395296327,1
2022-08-09,水生根茎类,54.281000000000006,437.0684000000001,1.554,8.051959249092686,1
2022-08-09,茄类,17.542,171.487,0.0,9.775795234294835,1
2022-08-09,辣椒类,161.631,677.895199999999,41.411,4.194091479975989,1
2022-08-09,食用菌,77.09999999999997,450.9094000000002,19.697000000000003,5.848370946822314,1
2022-08-10,花叶类,288.2139999999998,1140.5399999999977,52.59,3.9572678634625604,2
2022-08-10,花菜类,70.518,518.4081000000002,1.815,7.351429422275166,2
2022-08-10,水生根茎类,89.973,515.5532000000001,0.819,5.730087915263469,2
2022-08-10,茄类,17.255000000000003,162.73999999999998,0.0,9.431469139379887,2
2022-08-10,辣椒类,168.92099999999996,682.4973999999987,26.988,4.040334831074874,2
2022-08-10,食用菌,39.034,404.9911,3.483,10.375342009530154,2
2022-08-11,花叶类,313.9189999999999,1092.9727999999977,53.884,3.4817032419190874,3
2022-08-11,花菜类,73.029,536.8167000000001,2.751,7.3507332703446595,3
2022-08-11,水生根茎类,70.37700000000002,472.3312,0.774,6.711442658823193,3
2022-08-11,茄类,13.387000000000002,129.53000000000003,0.0,9.675804885336522,3
2022-08-11,辣椒类,159.50700000000003,520.0074999999994,7.585000000000001,3.260092033578459,3
2022-08-11,食用菌,68.939,334.26850000000013,24.611000000000004,4.848757597296163,3
2022-08-12,花叶类,326.8209999999999,1263.7243999999976,41.289,3.8667172550111464,4
2022-08-12,花菜类,74.91,559.3908000000004,0.0,7.4675050060072135,4
2022-08-12,水生根茎类,79.93800000000002,532.4216,2.245,6.660431834671869,4
2022-08-12,茄类,15.139000000000003,141.765,0.0,9.36422484972587,4
2022-08-12,辣椒类,166.47299999999996,540.5487999999991,13.0,3.2470658905648317,4
2022-08-12,食用菌,60.39,371.2159999999999,0.0,6.146977976486172,4
2022-08-13,花叶类,478.9949999999996,1733.732800000002,96.691,3.6195217069071774,5
2022-08-13,花菜类,102.59600000000007,729.9024999999999,12.077000000000002,7.11433681625014,5
2022-08-13,水生根茎类,139.76100000000002,795.9859999999996,0.0,5.69533703966056,5
2022-08-13,茄类,28.498,252.71499999999995,0.0,8.867815285283175,5
2022-08-13,辣椒类,223.38400000000004,775.3037999999975,21.36,3.4707221645238575,5
2022-08-13,食用菌,72.18999999999997,550.8167000000002,12.483000000000002,7.630096966338834,5
2022-08-14,花叶类,394.71500000000003,1512.0801000000033,19.718,3.830814891757352,6
2022-08-14,花菜类,120.90700000000005,899.2903000000001,5.811,7.437867948092333,6
2022-08-14,水生根茎类,97.04400000000003,887.8060000000004,0.54,9.148489345039366,6
2022-08-14,茄类,32.986999999999995,294.671,0.61,8.932943280686333,6
2022-08-14,辣椒类,188.23399999999998,701.574999999999,25.924999999999997,3.727142811606825,6
2022-08-14,食用菌,87.76999999999994,603.4118000000002,28.96900000000001,6.874920815768493,6
2022-08-15,花叶类,347.3669999999999,1321.1869999999997,45.0,3.8034326807094514,0
2022-08-15,花菜类,85.39800000000002,628.8495000000003,6.849,7.363749736527788,0
2022-08-15,水生根茎类,102.92499999999995,654.8947999999999,2.2119999999999997,6.362835074083073,0
2022-08-15,茄类,24.221999999999994,223.29,0.0,9.218479068615311,0
2022-08-15,辣椒类,120.99899999999998,501.30409999999944,23.323999999999998,4.1430433309366155,0
2022-08-15,食用菌,67.46799999999998,461.74960000000004,22.546000000000006,6.843979367996683,0
2022-08-16,花叶类,368.8610000000001,1364.4482999999982,47.608999999999995,3.69908529229167,1
2022-08-16,花菜类,81.22000000000001,618.6483999999998,0.0,7.616946564885493,1
2022-08-16,水生根茎类,69.88100000000001,585.3551999999999,1.287,8.376457119961072,1
2022-08-16,茄类,18.14,169.08799999999997,0.0,9.321278941565598,1
2022-08-16,辣椒类,183.73800000000006,817.8723999999985,23.555,4.451296955447421,1
2022-08-16,食用菌,71.40799999999997,540.2727999999997,0.0,7.565998207483754,1
2022-08-17,花叶类,358.863,1338.123699999999,70.06700000000001,3.728787030147992,2
2022-08-17,花菜类,87.67200000000005,651.3697000000001,4.796,7.429620631444471,2
2022-08-17,水生根茎类,104.09499999999998,648.7411999999998,1.9110000000000005,6.232203275853786,2
2022-08-17,茄类,20.657999999999994,191.09959999999998,0.856,9.25063413689612,2
2022-08-17,辣椒类,146.131,689.5564999999993,29.882,4.7187557739288675,2
2022-08-17,食用菌,66.37600000000003,507.6647000000003,26.496,7.648317162829939,2
2022-08-18,花叶类,424.2619999999999,1854.819200000004,18.044,4.371872097901779,3
2022-08-18,花菜类,121.72500000000004,927.6406999999998,1.175,7.620790306017659,3
2022-08-18,水生根茎类,81.50299999999999,623.9322000000001,2.6830000000000003,7.655328024735288,3
2022-08-18,茄类,26.979000000000006,246.51700000000002,0.0,9.137366099558914,3
2022-08-18,辣椒类,223.11700000000005,965.0011999999991,44.14099999999999,4.325090423410134,3
2022-08-18,食用菌,84.21900000000001,529.5474000000004,26.551000000000002,6.287742670893746,3
2022-08-19,花叶类,399.42599999999953,1810.8704000000052,0.0,4.533681833430992,4
2022-08-19,花菜类,186.15500000000011,1516.458400000001,0.0,8.146213639171657,4
2022-08-19,水生根茎类,144.45100000000005,1110.2574,3.3289999999999997,7.686048556257829,4
2022-08-19,茄类,89.616,855.4279999999998,0.0,9.545482949473305,4
2022-08-19,辣椒类,334.7809999999999,1613.3063000000027,10.1,4.818990026315721,4
2022-08-19,食用菌,91.65499999999999,635.5917999999996,0.0,6.934611314167254,4
2022-08-20,花叶类,429.043,1818.3066000000024,27.0,4.238052129972992,5
2022-08-20,花菜类,123.12400000000001,1020.8008000000003,0.0,8.290835255514768,5
2022-08-20,水生根茎类,95.69800000000001,766.0681999999998,1.443,8.00505966686869,5
2022-08-20,茄类,18.641000000000002,152.44199999999995,0.0,8.177780162008473,5
2022-08-20,辣椒类,209.29099999999977,971.5182999999987,14.743,4.641949725501812,5
2022-08-20,食用菌,70.64299999999997,482.7913000000001,4.625,6.834241184547659,5
2022-08-21,花叶类,432.67499999999984,1744.4500000000041,80.0,4.031779048939747,6
2022-08-21,花菜类,82.19800000000001,684.2439999999999,0.0,8.324338791698093,6
2022-08-21,水生根茎类,87.97100000000002,682.2851999999998,0.206,7.755796796671627,6
2022-08-21,茄类,19.233,194.573,1.0,10.116622471793272,6
2022-08-21,辣椒类,219.05500000000004,969.8409999999988,4.566,4.427385816347487,6
2022-08-21,食用菌,72.19100000000003,510.83910000000014,14.189000000000002,7.07621587178457,6
2022-08-22,花叶类,303.20000000000005,1078.5567999999987,78.0,3.557245382585747,0
2022-08-22,花菜类,45.204,407.6388,0.0,9.017759490310592,0
2022-08-22,水生根茎类,66.48799999999994,371.67519999999985,2.3400000000000003,5.590109493442428,0
2022-08-22,茄类,14.329999999999998,102.35099999999998,0.0,7.142428471737613,0
2022-08-22,辣椒类,104.65300000000003,492.7942999999994,10.237,4.7088406447975615,0
2022-08-22,食用菌,47.20100000000003,281.9125000000001,16.923000000000002,5.972595919577973,0
2022-08-23,花叶类,258.56000000000006,976.535999999999,67.277,3.7768254950495,1
2022-08-23,花菜类,43.039,390.2456000000001,0.0,9.0672552800948,1
2022-08-23,水生根茎类,86.20500000000001,503.4854000000001,1.281,5.8405591323009105,1
2022-08-23,茄类,13.572000000000001,124.99799999999999,0.0,9.20999115826702,1
2022-08-23,辣椒类,111.09700000000002,511.01519999999954,12.683,4.599720964562494,1
2022-08-23,食用菌,48.094,297.60450000000014,15.418999999999997,6.187975631055852,1
2022-08-24,花叶类,233.76700000000002,897.6639000000006,68.806,3.8399940966860187,2
2022-08-24,花菜类,46.96000000000001,406.64720000000017,3.448,8.659437819420786,2
2022-08-24,水生根茎类,57.232,369.3781999999998,2.997,6.454050181716519,2
2022-08-24,茄类,14.230000000000002,127.38799999999999,0.0,8.952073085031621,2
2022-08-24,辣椒类,73.184,331.9602,20.953999999999997,4.535966878006121,2
2022-08-24,食用菌,59.05600000000003,370.0086000000002,22.326000000000004,6.265385396911405,2
2022-08-25,花叶类,243.78599999999994,1143.5781999999986,20.0,4.69091006046286,3
2022-08-25,花菜类,63.775999999999996,574.5004000000006,0.0,9.00809708981436,3
2022-08-25,水生根茎类,51.218999999999994,399.34719999999993,1.798,7.796856635233018,3
2022-08-25,茄类,12.514000000000001,120.976,0.0,9.667252677001757,3
2022-08-25,辣椒类,110.13000000000001,558.8499999999995,14.242,5.074457459366198,3
2022-08-25,食用菌,41.528000000000006,357.7777000000001,0.629,8.615336640339049,3
2022-08-26,花叶类,250.9410000000003,1113.9402000000002,52.678,4.439052207491,4
2022-08-26,花菜类,48.085999999999984,426.874,2.1919999999999997,8.87730316516242,4
2022-08-26,水生根茎类,48.72,314.46759999999995,1.7439999999999998,6.4545894909688,4
2022-08-26,茄类,11.488000000000001,100.8416,0.0,8.777994428969357,4
2022-08-26,辣椒类,129.03000000000003,591.9561999999994,24.492,4.587740835464615,4
2022-08-26,食用菌,73.82699999999998,426.7822,25.977000000000004,5.780841697481952,4
2022-08-27,花叶类,357.7050000000002,1535.8485000000007,36.51,4.293617645825471,5
2022-08-27,花菜类,57.99799999999998,565.3099999999998,0.0,9.747060243456671,5
2022-08-27,水生根茎类,104.45800000000003,653.9873999999999,1.097,6.260768921480401,5
2022-08-27,茄类,19.554,168.66759999999994,5.425,8.62573386519382,5
2022-08-27,辣椒类,154.26599999999996,804.402899999999,22.561,5.214388783011158,5
2022-08-27,食用菌,68.656,586.775,7.79,8.546594616639476,5
2022-08-28,花叶类,252.24399999999986,1390.1164,4.606,5.510998874106028,6
2022-08-28,花菜类,88.50400000000003,850.6000000000003,0.0,9.610865045647653,6
2022-08-28,水生根茎类,102.839,735.9843999999998,0.529,7.1566662452960434,6
2022-08-28,茄类,25.879999999999985,218.82459999999995,1.137,8.455355486862445,6
2022-08-28,辣椒类,251.60899999999995,1140.4652,45.926,4.5326884173459625,6
2022-08-28,食用菌,71.95300000000002,503.7945999999998,8.0,7.001717788000495,6
2022-08-29,花叶类,297.05,1270.8443999999997,12.932,4.278217135162429,0
2022-08-29,花菜类,45.738000000000014,416.0827,0.331,9.097089947089945,0
2022-08-29,水生根茎类,59.77499999999999,388.7800000000002,1.0,6.504056879966545,0
2022-08-29,茄类,13.378000000000005,115.32739999999998,0.474,8.620675736283445,0
2022-08-29,辣椒类,116.07600000000002,529.9347999999997,23.656,4.5654123160687785,0
2022-08-29,食用菌,74.18199999999999,421.55120000000005,17.096999999999998,5.682661562104016,0
2022-08-30,花叶类,236.72700000000003,982.1635999999988,12.0,4.148929357445491,1
2022-08-30,花菜类,66.73800000000001,800.8560000000008,0.0,12.000000000000009,1
2022-08-30,水生根茎类,93.29300000000003,526.4792,0.0,5.643287277716439,1
2022-08-30,茄类,7.934000000000001,58.9694,0.419,7.4324930678094265,1
2022-08-30,辣椒类,114.18800000000002,583.0832,24.383999999999993,5.106343924055067,1
2022-08-30,食用菌,33.987,458.59620000000007,3.263000000000001,13.493282725748081,1
2022-08-31,花叶类,242.40900000000002,975.2331999999989,39.0,4.02308990177757,2
2022-08-31,花菜类,35.260999999999996,462.716,0.0,13.122600039703924,2
2022-08-31,水生根茎类,28.993999999999996,226.7568,0.0,7.820818100296614,2
2022-08-31,茄类,3.304,24.323000000000004,0.0,7.361682808716709,2
2022-08-31,辣椒类,61.62100000000002,325.34440000000006,14.565999999999999,5.279765015173398,2
2022-08-31,食用菌,30.289999999999996,277.3802000000001,11.386,9.157484318256856,2
2022-09-01,花叶类,311.03399999999993,1325.5020000000013,40.0,4.26159841046317,3
2022-09-01,花菜类,47.503,608.5260000000003,0.0,12.810264614866435,3
2022-09-01,水生根茎类,56.77,574.6737000000003,4.776999999999999,10.122841289413428,3
2022-09-01,茄类,11.464,123.02059999999999,1.326,10.731036287508722,3
2022-09-01,辣椒类,100.92199999999997,581.0046999999995,12.581,5.756967757277895,3
2022-09-01,食用菌,58.418999999999976,534.6303999999999,2.1439999999999997,9.15165271572605,3
2022-09-02,花叶类,328.2160000000002,1455.7706000000012,60.499,4.43540412411339,4
2022-09-02,花菜类,42.416,547.22,0.0,12.901263674085252,4
2022-09-02,水生根茎类,53.186000000000014,480.40690000000006,4.519,9.032581882450268,4
2022-09-02,茄类,4.884,43.654,0.0,8.938165438165438,4
2022-09-02,辣椒类,103.82500000000002,532.3659999999996,22.278,5.127531904647238,4
2022-09-02,食用菌,61.11899999999998,474.56919999999985,17.773,7.764675469166708,4
2022-09-03,花叶类,419.81299999999993,1894.555200000006,86.098,4.512855009254135,5
2022-09-03,花菜类,53.625999999999976,665.5664000000003,3.561,12.411263193227176,5
2022-09-03,水生根茎类,88.58899999999998,776.5560000000003,2.205,8.765828714625973,5
2022-09-03,茄类,15.738000000000003,143.33299999999997,0.0,9.107446943703135,5
2022-09-03,辣椒类,176.62800000000001,906.7525999999987,21.681,5.13368548587992,5
2022-09-03,食用菌,77.88700000000003,685.8073999999999,25.142,8.805158755633157,5
2022-09-04,花叶类,491.16599999999977,2251.2349000000036,82.63799999999999,4.58345019810004,6
2022-09-04,花菜类,62.54399999999996,784.2152000000002,4.1770000000000005,12.538616014325926,6
2022-09-04,水生根茎类,124.54999999999995,982.0661999999996,2.6929999999999996,7.884915295062224,6
2022-09-04,茄类,18.362000000000005,171.93699999999998,0.0,9.363740333297022,6
2022-09-04,辣椒类,185.40199999999996,987.2131999999988,30.298000000000002,5.324717101217889,6
2022-09-04,食用菌,87.77500000000003,828.5615999999995,14.821000000000003,9.439608088863563,6
2022-09-05,花叶类,285.8889999999999,1493.1119000000012,83.433,5.222697970191234,0
2022-09-05,花菜类,53.15799999999999,674.4252000000002,2.8160000000000003,12.687181609541375,0
2022-09-05,水生根茎类,60.192000000000014,459.9286,0.993,7.641025385433279,0
2022-09-05,茄类,10.812000000000001,109.3418,0.883,10.113004069552348,0
2022-09-05,辣椒类,117.607,585.4141999999993,27.858,4.9777156121659365,0
2022-09-05,食用菌,47.452000000000005,405.00839999999977,6.926,8.535117592514535,0
2022-09-06,花叶类,250.20299999999997,1416.0132999999973,71.64399999999999,5.659457720331081,1
2022-09-06,花菜类,39.139,469.8183999999998,6.024000000000001,12.003842714428059,1
2022-09-06,水生根茎类,54.584,470.1675999999999,6.807,8.61365235233768,1
2022-09-06,茄类,11.684000000000001,109.63720000000002,1.119,9.383533036631292,1
2022-09-06,辣椒类,93.769,572.9437999999999,16.278,6.110162207126021,1
2022-09-06,食用菌,40.62,424.4536000000001,12.714999999999998,10.44937469226982,1
2022-09-07,花叶类,260.62399999999997,1469.391599999999,56.0,5.637975013813,2
2022-09-07,花菜类,40.006999999999984,542.2060000000001,3.195,13.552778263803843,2
2022-09-07,水生根茎类,58.28400000000001,455.3884000000003,8.978999999999997,7.813266076453232,2
2022-09-07,茄类,12.387999999999998,147.21439999999998,0.0,11.883629318695512,2
2022-09-07,辣椒类,69.663,416.5857999999999,7.46,5.980015216111852,2
2022-09-07,食用菌,44.355999999999995,458.3574999999999,10.255999999999998,10.33360762918207,2
2022-09-08,花叶类,222.03300000000002,1361.2471999999989,45.332,6.130832804132713,3
2022-09-08,花菜类,42.528000000000006,589.4952000000001,1.053,13.861343115124154,3
2022-09-08,水生根茎类,46.657999999999994,413.26700000000017,6.7909999999999995,8.857366368039784,3
2022-09-08,茄类,7.918000000000002,92.71480000000003,0.0,11.709371053296287,3
2022-09-08,辣椒类,90.43500000000003,483.1305,10.803,5.3422955714048745,3
2022-09-08,食用菌,62.071999999999974,532.6012000000001,27.71,8.580377625982734,3
2022-09-09,花叶类,311.923,1773.3559999999986,99.0,5.685236420526857,4
2022-09-09,花菜类,66.96799999999999,937.5519999999997,0.0,13.999999999999998,4
2022-09-09,水生根茎类,111.67599999999997,974.4169999999992,16.389000000000003,8.725393101472111,4
2022-09-09,茄类,4.6499999999999995,50.89600000000001,0.0,10.945376344086025,4
2022-09-09,辣椒类,179.33999999999995,1134.5467999999998,23.975,6.326233968997436,4
2022-09-09,食用菌,103.56800000000003,903.4891999999994,33.052,8.723632782326579,4
2022-09-10,花叶类,418.2630000000001,2718.7512000000065,20.0,6.5000996980368955,5
2022-09-10,花菜类,72.29299999999998,1012.1020000000001,0.0,14.000000000000005,5
2022-09-10,水生根茎类,155.467,1119.5175999999994,0.0,7.20099828259373,5
2022-09-10,茄类,0.491,4.5172,0.0,9.2,5
2022-09-10,辣椒类,146.77700000000007,951.2633999999993,4.0,6.48101133011302,5
2022-09-10,食用菌,114.94200000000002,1152.2129999999988,8.794,10.024299211776363,5
2022-09-11,花叶类,349.9239999999999,2168.1176000000037,61.622,6.195967124289858,6
2022-09-11,花菜类,63.23400000000001,851.8496000000004,5.968999999999999,13.471385646962082,6
2022-09-11,水生根茎类,97.36299999999997,816.7697999999997,1.8809999999999998,8.38891365303041,6
2022-09-11,茄类,6.927000000000001,96.97800000000001,0.0,13.999999999999998,6
2022-09-11,辣椒类,83.98400000000001,644.0862999999994,0.505,7.669154839016947,6
2022-09-11,食用菌,92.33000000000003,1045.2583999999988,15.156,11.320896783277359,6
2022-09-12,花叶类,315.0019999999999,1909.7152000000021,53.812,6.062549444130522,0
2022-09-12,花菜类,71.58800000000002,971.1855999999999,5.543999999999999,13.566318377381679,0
2022-09-12,水生根茎类,38.383,389.20300000000015,4.522,10.139983847015609,0
2022-09-12,茄类,0.0,0.0,0.0,,0
2022-09-12,辣椒类,145.59999999999997,910.0821999999994,1.0,6.250564560439558,0
2022-09-12,食用菌,98.58700000000002,1089.490199999999,7.0,11.051053384320436,0
2022-09-13,花叶类,216.66900000000004,1266.6560999999977,64.044,5.846042119546393,1
2022-09-13,花菜类,47.126000000000005,587.3751999999998,4.061999999999999,12.463930738870259,1
2022-09-13,水生根茎类,25.627,252.51660000000007,8.517000000000001,9.853537284894841,1
2022-09-13,茄类,0.0,0.0,0.0,,1
2022-09-13,辣椒类,104.849,705.4875999999991,9.298,6.7286058999132,1
2022-09-13,食用菌,68.33399999999999,632.5685999999997,22.014999999999997,9.257011151110719,1
2022-09-14,花叶类,185.15700000000004,1011.2103999999993,55.0,5.461367380115249,2
2022-09-14,花菜类,41.841,505.22479999999973,7.921,12.074873927487387,2
2022-09-14,水生根茎类,27.93499999999999,202.6268000000001,4.284,7.25350993377484,2
2022-09-14,茄类,0.0,0.0,0.0,,2
2022-09-14,辣椒类,70.05299999999998,469.00219999999985,7.049,6.694962385622314,2
2022-09-14,食用菌,53.10700000000001,482.15329999999983,17.005,9.078902969476712,2
2022-09-15,花叶类,201.56900000000005,1055.4447999999993,83.0,5.236146431246864,3
2022-09-15,花菜类,27.430999999999997,319.37479999999994,5.882000000000001,11.642842040027706,3
2022-09-15,水生根茎类,29.546,273.6982,7.723000000000001,9.263460366885534,3
2022-09-15,茄类,0.0,0.0,0.0,,3
2022-09-15,辣椒类,66.52900000000001,359.5448,0.754,5.40433194546739,3
2022-09-15,食用菌,56.663,456.26849999999956,12.678,8.052318091170598,3
2022-09-16,花叶类,193.8060000000001,1066.1679999999985,63.673,5.501212552758934,4
2022-09-16,花菜类,41.28300000000002,456.44600000000014,4.07,11.056512365864881,4
2022-09-16,水生根茎类,26.977,284.83219999999994,13.84,10.558334877858915,4
2022-09-16,茄类,0.0,0.0,0.0,,4
2022-09-16,辣椒类,107.82500000000003,625.4735999999992,17.662,5.800821701831663,4
2022-09-16,食用菌,74.42499999999998,595.2237999999996,41.306,7.997632515955657,4
2022-09-17,花叶类,358.256,1970.728800000006,88.211,5.500895449064373,5
2022-09-17,花菜类,69.61300000000004,773.1366000000004,7.035999999999999,11.106210046973983,5
2022-09-17,水生根茎类,50.024,436.5790000000001,7.254999999999999,8.727390852390855,5
2022-09-17,茄类,0.0,0.0,0.0,,5
2022-09-17,辣椒类,168.43599999999995,1119.3327999999995,17.374,6.645448716426416,5
2022-09-17,食用菌,90.04999999999997,996.3703999999991,5.106999999999999,11.06463520266518,5
2022-09-18,花叶类,376.496,1959.470500000003,69.239,5.204492212400671,6
2022-09-18,花菜类,57.716000000000065,668.7760000000001,0.0,11.587358791323018,6
2022-09-18,水生根茎类,58.667999999999985,358.59170000000006,4.0409999999999995,6.112219608645261,6
2022-09-18,茄类,0.0,0.0,0.0,,6
2022-09-18,辣椒类,177.80599999999993,1036.3174999999992,23.313000000000002,5.828360685241216,6
2022-09-18,食用菌,80.37299999999998,920.1772000000001,10.120000000000003,11.44883480770906,6
2022-09-19,花叶类,212.50699999999998,1053.7771999999982,60.899,4.958788181095203,0
2022-09-19,花菜类,38.81500000000001,442.169,1.56,11.391704238052295,0
2022-09-19,水生根茎类,9.274,83.83,1.8519999999999999,9.039249514772482,0
2022-09-19,茄类,0.0,0.0,0.0,,0
2022-09-19,辣椒类,45.68300000000001,210.70140000000006,8.0,4.612249633342819,0
2022-09-19,食用菌,30.315999999999995,302.9322,10.454,9.992485816070724,0
2022-09-20,花叶类,262.54299999999995,1196.8921999999973,83.90600000000002,4.5588425515058395,1
2022-09-20,花菜类,42.297,440.8490000000001,4.147,10.422701373619882,1
2022-09-20,水生根茎类,14.946,138.0888,0.0,9.239181051786431,1
2022-09-20,茄类,0.0,0.0,0.0,,1
2022-09-20,辣椒类,67.862,341.10819999999995,4.0,5.026497892782411,1
2022-09-20,食用菌,47.23500000000001,510.5666,20.694999999999997,10.80907378003599,1
2022-09-21,花叶类,213.47499999999988,1014.225299999999,50.916999999999994,4.751026115470194,2
2022-09-21,花菜类,32.068000000000005,344.4064,0.0,10.739877759760509,2
2022-09-21,水生根茎类,18.429000000000002,250.30840000000003,5.17,13.582310488903358,2
2022-09-21,茄类,0.0,0.0,0.0,,2
2022-09-21,辣椒类,86.45799999999998,518.1681999999998,10.0,5.993293853663049,2
2022-09-21,食用菌,46.791000000000004,445.8879999999999,9.486,9.5293539355859,2
2022-09-22,花叶类,226.5279999999999,1002.3547999999994,73.519,4.424860502895888,3
2022-09-22,花菜类,50.388000000000005,517.8931000000001,2.271,10.27810391363023,3
2022-09-22,水生根茎类,20.182,215.60679999999996,2.488,10.683123575463283,3
2022-09-22,茄类,0.0,0.0,0.0,,3
2022-09-22,辣椒类,73.80099999999999,453.34599999999995,8.0,6.14281649300145,3
2022-09-22,食用菌,50.943,521.3977999999998,9.458000000000002,10.234925308678324,3
2022-09-23,花叶类,243.19000000000005,1090.2889999999995,78.85500000000002,4.483280562523127,4
2022-09-23,花菜类,64.26000000000002,603.6043999999998,12.413,9.39315904139433,4
2022-09-23,水生根茎类,30.661999999999995,292.5312000000001,5.0,9.540512686713202,4
2022-09-23,茄类,0.0,0.0,0.0,,4
2022-09-23,辣椒类,85.824,550.7547999999997,13.591999999999999,6.417258575689781,4
2022-09-23,食用菌,87.17900000000002,689.4261999999999,44.174,7.908168251528462,4
2022-09-24,花叶类,345.8520000000001,1700.3086000000012,62.897999999999996,4.9162896267767735,5
2022-09-24,花菜类,75.743,750.8870000000002,6.9849999999999985,9.913615779676013,5
2022-09-24,水生根茎类,49.29099999999999,495.4082000000002,3.614,10.050682680408194,5
2022-09-24,茄类,0.0,0.0,0.0,,5
2022-09-24,辣椒类,193.74300000000002,1260.3078,12.446,6.505049472755144,5
2022-09-24,食用菌,101.60700000000003,791.0068999999994,10.028999999999998,7.784964618579421,5
2022-09-25,花叶类,320.6439999999999,1379.647999999999,71.755,4.302740734272275,6
2022-09-25,花菜类,55.32399999999997,572.4979999999998,5.798,10.348094859373873,6
2022-09-25,水生根茎类,14.037999999999998,213.4321,1.026,15.203882319418721,6
2022-09-25,茄类,0.0,0.0,0.0,,6
2022-09-25,辣椒类,132.46800000000002,821.092599999999,14.145,6.198422260470445,6
2022-09-25,食用菌,118.40399999999997,1031.2087999999987,23.343,8.709239552717806,6
2022-09-26,花叶类,196.44500000000002,893.2803999999985,61.684,4.547228995393104,0
2022-09-26,花菜类,30.760000000000005,317.4007,3.013,10.318618335500648,0
2022-09-26,水生根茎类,34.863,351.9594000000001,2.2949999999999995,10.095499526718873,0
2022-09-26,茄类,0.0,0.0,0.0,,0
2022-09-26,辣椒类,59.17800000000001,399.3745000000001,13.455,6.748698840785428,0
2022-09-26,食用菌,58.14200000000001,508.3851999999997,24.317999999999998,8.74385470056069,0
2022-09-27,花叶类,158.18699999999998,689.4801999999997,62.29600000000001,4.3586400905257685,1
2022-09-27,花菜类,29.389000000000003,261.1885,8.275,8.887287760726801,1
2022-09-27,水生根茎类,35.665,292.5142000000001,0.423,8.201715968035892,1
2022-09-27,茄类,0.0,0.0,0.0,,1
2022-09-27,辣椒类,63.59400000000001,408.79800000000006,10.172,6.4282479479196155,1
2022-09-27,食用菌,37.499,323.7912,4.945,8.634662257660203,1
2022-09-28,花叶类,142.124,588.2332000000001,39.0,4.138873096732432,2
2022-09-28,花菜类,32.625,329.3771,1.42,10.095849808429119,2
2022-09-28,水生根茎类,62.641000000000005,442.73380000000003,1.31,7.067795852556632,2
2022-09-28,茄类,0.0,0.0,0.0,,2
2022-09-28,辣椒类,77.95999999999997,515.8228999999998,8.207,6.616507183170857,2
2022-09-28,食用菌,53.38399999999999,457.25559999999984,9.902000000000001,8.56540536490334,2
2022-09-29,花叶类,175.757,688.9395999999995,58.0,3.9198415994810984,3
2022-09-29,花菜类,31.877000000000006,284.048,7.444999999999999,8.910750697995418,3
2022-09-29,水生根茎类,43.662999999999975,391.8551000000001,3.486,8.974534502897198,3
2022-09-29,茄类,0.0,0.0,0.0,,3
2022-09-29,辣椒类,84.36800000000001,471.79339999999974,18.0,5.592089417788731,3
2022-09-29,食用菌,44.33299999999999,333.2970000000001,16.719,7.51803397018023,3
2022-09-30,花叶类,200.09800000000004,863.7441999999999,27.0,4.316605863127066,4
2022-09-30,花菜类,53.329999999999984,477.56129999999996,14.998999999999997,8.95483405212826,4
2022-09-30,水生根茎类,70.235,553.0965999999997,11.169,7.874942692389831,4
2022-09-30,茄类,0.0,0.0,0.0,,4
2022-09-30,辣椒类,107.47699999999998,631.2449999999994,13.246,5.873303125319832,4
2022-09-30,食用菌,53.895,435.2726,13.299999999999999,8.076307635216624,4
2022-10-01,花叶类,318.4849999999997,1372.6009000000017,50.005,4.30978193635494,5
2022-10-01,花菜类,76.79900000000002,763.2776000000001,12.424,9.9386398260394,5
2022-10-01,水生根茎类,102.73100000000005,766.3892,12.0,7.460155162511798,5
2022-10-01,茄类,0.0,0.0,0.0,,5
2022-10-01,辣椒类,169.3739999999999,1052.365999999999,9.0,6.213267679809178,5
2022-10-01,食用菌,122.01000000000006,865.7401999999988,17.720999999999997,7.095649536923189,5
2022-10-02,花叶类,253.8609999999999,1199.8589999999997,17.387999999999998,4.726440847550432,6
2022-10-02,花菜类,61.868999999999964,603.1703000000001,10.522999999999998,9.7491522410254,6
2022-10-02,水生根茎类,81.61100000000003,700.1123999999996,4.74,8.57865238754579,6
2022-10-02,茄类,0.0,0.0,0.0,,6
2022-10-02,辣椒类,178.918,1069.9759,16.752000000000002,5.980258554198012,6
2022-10-02,食用菌,91.23000000000002,767.8169999999986,18.0,8.416277540282785,6
2022-10-03,花叶类,252.75299999999987,1106.6564999999994,4.243,4.378410938742567,0
2022-10-03,花菜类,59.161000000000016,532.7191000000001,16.880999999999997,9.004565507682425,0
2022-10-03,水生根茎类,93.09000000000002,730.5583999999994,17.0,7.847871951874523,0
2022-10-03,茄类,0.0,0.0,0.0,,0
2022-10-03,辣椒类,116.323,781.1074999999994,8.324,6.714987577693143,0
2022-10-03,食用菌,81.68900000000002,652.4547999999994,10.0,7.987058233054625,0
2022-10-04,花叶类,328.9180000000001,1582.766800000001,3.0,4.812040690992893,1
2022-10-04,花菜类,49.869000000000014,526.8417000000001,3.593,10.564513024123201,1
2022-10-04,水生根茎类,104.98400000000004,853.3290999999998,17.03,8.128182389697473,1
2022-10-04,茄类,0.0,0.0,0.0,,1
2022-10-04,辣椒类,115.09900000000006,851.4099999999994,7.0,7.397197195457814,1
2022-10-04,食用菌,117.054,1032.6341999999986,2.528,8.821861704854157,1
2022-10-05,花叶类,373.66600000000017,1752.430600000001,0.0,4.68983156080564,2
2022-10-05,花菜类,40.76900000000001,482.9232,0.852,11.845353086904263,2
2022-10-05,水生根茎类,118.42099999999999,979.778599999999,25.548000000000002,8.273689632750939,2
2022-10-05,茄类,0.0,0.0,0.0,,2
2022-10-05,辣椒类,162.7209999999999,994.2321999999988,0.0,6.110042342414313,2
2022-10-05,食用菌,87.49100000000003,833.0745999999994,3.222,9.521831959858718,2
2022-10-06,花叶类,353.2170000000001,1476.3984000000028,0.0,4.179862237661275,3
2022-10-06,花菜类,71.588,761.2072,0.0,10.633167569983796,3
2022-10-06,水生根茎类,132.357,1154.9625999999994,12.0,8.726116487983253,3
2022-10-06,茄类,0.0,0.0,0.0,,3
2022-10-06,辣椒类,208.677,1228.9713999999997,3.0,5.889347652113073,3
2022-10-06,食用菌,184.58200000000002,1529.0189999999998,0.0,8.2836842162291,3
2022-10-07,花叶类,468.85699999999986,2042.1875000000025,13.559000000000001,4.35567241184413,4
2022-10-07,花菜类,87.40299999999998,829.7007,3.308,9.492817180188325,4
2022-10-07,水生根茎类,110.30200000000002,928.4507999999992,14.666,8.41735235988467,4
2022-10-07,茄类,0.0,0.0,0.0,,4
2022-10-07,辣椒类,169.97600000000014,1097.5869999999986,0.0,6.457305737280544,4
2022-10-07,食用菌,154.165,1191.0012999999983,6.8020000000000005,7.72549735672817,4
2022-10-08,花叶类,360.31899999999996,1452.438199999998,53.0,4.030978660575762,5
2022-10-08,花菜类,37.81400000000001,356.9464000000002,2.784,9.439530332681022,5
2022-10-08,水生根茎类,81.908,607.3937999999999,7.032,7.415561361527566,5
2022-10-08,茄类,0.0,0.0,0.0,,5
2022-10-08,辣椒类,114.62900000000002,712.9150999999997,6.207,6.2193258250529935,5
2022-10-08,食用菌,108.09399999999998,763.472799999999,5.893,7.063045127389116,5
2022-10-09,花叶类,342.07500000000005,1389.719800000001,74.0,4.062617262296283,6
2022-10-09,花菜类,53.05799999999999,467.2020000000002,11.451999999999998,8.805495872441485,6
2022-10-09,水生根茎类,66.47900000000001,564.8349999999998,3.761,8.496442485596951,6
2022-10-09,茄类,0.0,0.0,0.0,,6
2022-10-09,辣椒类,110.96600000000001,682.8894999999998,16.283,6.154042679739738,6
2022-10-09,食用菌,121.547,913.924399999999,9.017999999999999,7.519102898467251,6
2022-10-10,花叶类,288.06999999999994,1199.683599999999,57.42,4.1645558371229185,0
2022-10-10,花菜类,47.046,432.95129999999995,5.186999999999999,9.20272286698125,0
2022-10-10,水生根茎类,46.834,351.5464000000002,4.0,7.506221975487897,0
2022-10-10,茄类,0.0,0.0,0.0,,0
2022-10-10,辣椒类,134.73699999999997,730.201699999999,14.461,5.4194593912585205,0
2022-10-10,食用菌,103.327,720.1327999999993,19.773,6.969454256873802,0
2022-10-11,花叶类,244.75900000000007,918.1318000000014,87.0,3.751166657814426,1
2022-10-11,花菜类,29.659999999999997,300.4862999999999,4.412,10.131028320971003,1
2022-10-11,水生根茎类,51.59600000000001,357.0864,4.0,6.920815567098224,1
2022-10-11,茄类,0.0,0.0,0.0,,1
2022-10-11,辣椒类,119.42600000000003,640.2037999999999,31.128,5.360673555172238,1
2022-10-11,食用菌,89.44300000000003,557.7181999999995,19.695999999999994,6.235459454624725,1
2022-10-12,花叶类,240.31200000000004,920.9144000000011,63.0,3.8321615233529784,2
2022-10-12,花菜类,29.30899999999999,297.42,4.04,10.147736190248732,2
2022-10-12,水生根茎类,39.206,306.2788,5.965999999999999,7.812038973626485,2
2022-10-12,茄类,0.0,0.0,0.0,,2
2022-10-12,辣椒类,121.31700000000001,639.4618999999999,50.724999999999994,5.270999942299924,2
2022-10-12,食用菌,82.77299999999998,548.1517999999998,9.575,6.622350283304941,2
2022-10-13,花叶类,151.966,637.5464999999995,10.421,4.195323296000417,3
2022-10-13,花菜类,30.604999999999997,315.7141,2.609,10.315768665250776,3
2022-10-13,水生根茎类,61.838,492.07060000000007,7.961000000000001,7.957414534752095,3
2022-10-13,茄类,0.0,0.0,0.0,,3
2022-10-13,辣椒类,84.84500000000001,468.03559999999965,13.385,5.516360421945897,3
2022-10-13,食用菌,70.04599999999999,501.5953999999995,2.0,7.160942809011215,3
2022-10-14,花叶类,135.637,426.56919999999997,79.0,3.1449324299416825,4
2022-10-14,花菜类,11.594999999999999,115.9248,2.4240000000000004,9.997826649417854,4
2022-10-14,水生根茎类,13.046,142.604,6.191999999999999,10.930860033726814,4
2022-10-14,茄类,0.0,0.0,0.0,,4
2022-10-14,辣椒类,49.26199999999999,292.4712,4.0,5.937054930778289,4
2022-10-14,食用菌,65.579,407.41499999999985,13.558000000000002,6.212583296482104,4
2022-10-15,花叶类,375.02600000000007,1530.1834000000008,54.682,4.08020617237205,5
2022-10-15,花菜类,60.964999999999996,644.794,4.214,10.57646190437136,5
2022-10-15,水生根茎类,101.79800000000002,701.7255999999994,12.0,6.893314210495288,5
2022-10-15,茄类,12.033,121.37099999999998,0.0,10.086512091747693,5
2022-10-15,辣椒类,203.09799999999998,1146.404799999998,17.546,5.644589311563866,5
2022-10-15,食用菌,223.12500000000009,1224.3401999999999,19.617,5.4872389915966355,5
2022-10-16,花叶类,367.6809999999998,1506.098800000001,54.09899999999999,4.096210573839827,6
2022-10-16,花菜类,62.74000000000003,621.2736999999998,9.562999999999999,9.902354160025494,6
2022-10-16,水生根茎类,86.33300000000006,574.4729,2.3970000000000002,6.6541519465326076,6
2022-10-16,茄类,2.55,25.5,0.0,10.0,6
2022-10-16,辣椒类,178.90900000000005,997.4669999999996,24.0,5.575275698818949,6
2022-10-16,食用菌,209.72000000000014,1247.3767999999986,25.167000000000005,5.94781995041006,6
2022-10-17,花叶类,247.30199999999996,904.4739999999997,60.72,3.657366297078066,0
2022-10-17,花菜类,35.261,343.5816000000001,5.578000000000001,9.74395507784805,0
2022-10-17,水生根茎类,38.61499999999999,301.30240000000003,4.5920000000000005,7.8027295092580635,0
2022-10-17,茄类,5.7620000000000005,57.620000000000005,0.0,10.0,0
2022-10-17,辣椒类,111.662,625.6062,19.0,5.602677723845175,0
2022-10-17,食用菌,104.537,652.3430000000001,36.736000000000004,6.240307259630562,0
2022-10-18,花叶类,273.9100000000001,1070.6236000000024,68.40599999999999,3.9086692709284145,1
2022-10-18,花菜类,56.159000000000006,537.5874,8.854000000000001,9.572595665877241,1
2022-10-18,水生根茎类,41.022,298.44200000000006,3.294,7.275169421286141,1
2022-10-18,茄类,7.187000000000001,59.10000000000001,0.0,8.223180743008209,1
2022-10-18,辣椒类,155.23299999999998,788.3449999999998,34.257999999999996,5.078462698008799,1
2022-10-18,食用菌,156.31000000000003,937.6569999999995,45.431999999999995,5.998701298701294,1
2022-10-19,花叶类,225.8069999999999,849.1465000000007,61.985,3.7604967959363576,2
2022-10-19,花菜类,33.063,347.933,5.186,10.52333424069201,2
2022-10-19,水生根茎类,38.515,259.08399999999995,2.0,6.7268337011553925,2
2022-10-19,茄类,13.004000000000001,104.03200000000001,0.0,8.0,2
2022-10-19,辣椒类,96.13199999999998,491.1184,26.0,5.108792077560023,2
2022-10-19,食用菌,105.85600000000004,633.4079999999999,17.0,5.9836759371221255,2
2022-10-20,花叶类,242.85299999999984,868.270600000001,65.331,3.575292872643128,3
2022-10-20,花菜类,30.363,335.25280000000004,0.0,11.041491288739586,3
2022-10-20,水生根茎类,52.36800000000001,391.86080000000004,6.0,7.482829208677054,3
2022-10-20,茄类,4.7010000000000005,37.608000000000004,0.0,8.0,3
2022-10-20,辣椒类,105.94699999999999,512.9575999999997,26.0,4.841643463241052,3
2022-10-20,食用菌,88.04099999999998,546.4309999999997,18.392999999999997,6.20655149305437,3
2022-10-21,花叶类,611.594,2539.930000000004,0.0,4.152967491505809,4
2022-10-21,花菜类,95.21300000000006,1025.7456,0.0,10.773167529644054,4
2022-10-21,水生根茎类,97.06799999999994,897.844799999999,6.0,9.249647669674863,4
2022-10-21,茄类,38.48600000000001,384.05599999999987,0.0,9.979109286493784,4
2022-10-21,辣椒类,398.3959999999997,2559.3458,15.0,6.424125242221312,4
2022-10-21,食用菌,288.383,1950.3246000000042,3.0,6.7629666103758,4
2022-10-22,花叶类,299.448,1188.7244999999987,15.344000000000001,3.969719283481602,5
2022-10-22,花菜类,56.496000000000016,586.1904000000001,0.0,10.375785896346642,5
2022-10-22,水生根茎类,77.74700000000001,525.8072000000001,14.0,6.763054523004103,5
2022-10-22,茄类,7.952000000000001,79.52000000000001,0.0,10.0,5
2022-10-22,辣椒类,155.90799999999993,804.1621999999988,0.0,5.1579277522641505,5
2022-10-22,食用菌,157.64800000000005,1218.3380000000009,21.694000000000003,7.728217294225112,5
2022-10-23,花叶类,242.89199999999985,957.4434000000001,42.0,3.9418482288424515,6
2022-10-23,花菜类,38.943999999999996,414.5220000000001,0.284,10.644052999178312,6
2022-10-23,水生根茎类,61.264999999999986,417.48400000000015,4.0,6.8143964743328205,6
2022-10-23,茄类,14.581000000000001,145.81000000000003,0.0,10.000000000000002,6
2022-10-23,辣椒类,138.43399999999994,812.8201999999995,0.0,5.8715358943612115,6
2022-10-23,食用菌,152.18100000000004,832.6729999999984,18.250000000000004,5.471596322799812,6
2022-10-24,花叶类,199.32599999999996,745.5516000000002,36.0,3.7403630233888223,0
2022-10-24,花菜类,30.369000000000003,294.62299999999993,7.338,9.701438967368036,0
2022-10-24,水生根茎类,37.236,262.42780000000005,5.8309999999999995,7.047690407132884,0
2022-10-24,茄类,3.2230000000000003,32.230000000000004,0.0,10.0,0
2022-10-24,辣椒类,73.345,375.72419999999994,12.0,5.122696843683959,0
2022-10-24,食用菌,85.04999999999997,444.2009999999997,14.968,5.222821869488534,0
2022-10-25,花叶类,217.39700000000002,812.7172000000007,54.489,3.738401173889247,1
2022-10-25,花菜类,36.506,375.1737999999999,2.522,10.277044869336544,1
2022-10-25,水生根茎类,36.98100000000002,305.91100000000006,6.947,8.272112706524968,1
2022-10-25,茄类,4.156,41.56,0.0,10.000000000000002,1
2022-10-25,辣椒类,125.16,551.6129,32.227000000000004,4.407261904761905,1
2022-10-25,食用菌,89.45899999999997,480.6869999999995,19.488,5.37326596541432,1
2022-10-26,花叶类,226.6329999999999,807.9788000000015,61.541999999999994,3.5651418813676816,2
2022-10-26,花菜类,38.15200000000002,348.5329999999999,8.277,9.135379534493596,2
2022-10-26,水生根茎类,35.475,270.05800000000005,6.99,7.61262861169838,2
2022-10-26,茄类,4.5600000000000005,36.480000000000004,0.0,8.0,2
2022-10-26,辣椒类,117.38600000000001,571.6953000000001,39.499,4.870217061659823,2
2022-10-26,食用菌,104.79499999999999,497.44599999999934,33.587,4.746848609189364,2
2022-10-27,花叶类,208.99999999999997,729.4270000000008,63.01199999999999,3.490081339712923,3
2022-10-27,花菜类,31.661000000000012,274.65459999999996,10.463999999999999,8.674855500457973,3
2022-10-27,水生根茎类,35.991,283.94800000000004,0.8720000000000001,7.889416798644106,3
2022-10-27,茄类,2.299,18.392,0.0,8.0,3
2022-10-27,辣椒类,114.66799999999999,535.1589999999999,33.858,4.6670300345344815,3
2022-10-27,食用菌,116.582,666.3899999999991,24.089,5.716062513938679,3
2022-10-28,花叶类,229.52399999999994,842.3097000000007,59.56099999999999,3.6698110001568502,4
2022-10-28,花菜类,40.855000000000025,344.50140000000016,3.3039999999999994,8.432294700771019,4
2022-10-28,水生根茎类,63.11999999999999,507.1256000000001,15.308,8.034309252218,4
2022-10-28,茄类,11.885000000000002,95.08000000000001,0.0,8.0,4
2022-10-28,辣椒类,136.1009999999999,681.5888999999995,31.631,5.007963938545639,4
2022-10-28,食用菌,164.56700000000006,814.6379999999984,25.362000000000002,4.950190499917955,4
2022-10-29,花叶类,367.1309999999999,1363.9805999999992,79.0,3.7152422432319785,5
2022-10-29,花菜类,64.03600000000006,567.7149999999999,0.0,8.865559997501396,5
2022-10-29,水生根茎类,98.46199999999996,748.0939999999998,14.868999999999998,7.597794072840284,5
2022-10-29,茄类,11.396000000000004,91.16800000000003,0.0,8.0,5
2022-10-29,辣椒类,166.4850000000001,804.9481999999995,19.728,4.834959305643145,5
2022-10-29,食用菌,246.83000000000004,1311.197000000001,27.846999999999994,5.31214601142487,5
2022-10-30,花叶类,221.196,1061.6492999999994,18.299,4.799586339716809,6
2022-10-30,花菜类,76.79100000000001,626.6172000000001,0.0,8.160034379028794,6
2022-10-30,水生根茎类,67.58800000000001,478.5980000000002,7.631,7.081109072616442,6
2022-10-30,茄类,10.805,75.635,0.0,7.000000000000001,6
2022-10-30,辣椒类,203.14499999999992,965.0403999999996,27.248,4.750500381500898,6
2022-10-30,食用菌,197.42899999999995,1053.0159999999985,9.0,5.333643993536911,6
2022-10-31,花叶类,85.39800000000008,494.3930000000003,0.0,5.789280779409352,0
2022-10-31,花菜类,47.777,349.75100000000003,0.0,7.3204889381920175,0
2022-10-31,水生根茎类,32.21300000000001,214.72479999999996,1.0,6.665780895911586,0
2022-10-31,茄类,3.3189999999999995,23.232999999999997,0.0,7.0,0
2022-10-31,辣椒类,83.71399999999998,411.55559999999974,11.0,4.916209952934991,0
2022-10-31,食用菌,60.84399999999999,354.7139999999997,1.488,5.829892840707379,0
2022-11-01,花叶类,96.78599999999996,499.34600000000006,1.242,5.1592792346000484,1
2022-11-01,花菜类,39.60300000000002,316.97360000000003,1.754,8.003777491604168,1
2022-11-01,水生根茎类,29.485000000000003,232.32440000000008,3.439,7.8794098694251336,1
2022-11-01,茄类,3.3049999999999997,23.134999999999998,0.0,7.0,1
2022-11-01,辣椒类,101.96299999999997,426.63039999999967,32.0,4.18416876710179,1
2022-11-01,食用菌,96.65899999999998,457.80099999999965,20.729,4.736248047258918,1
2022-11-02,花叶类,0.0,0.0,0.0,,2
2022-11-02,花菜类,0.0,0.0,0.0,,2
2022-11-02,水生根茎类,0.0,0.0,0.0,,2
2022-11-02,茄类,0.0,0.0,0.0,,2
2022-11-02,辣椒类,0.0,0.0,0.0,,2
2022-11-02,食用菌,0.0,0.0,0.0,,2
2022-11-03,花叶类,83.97300000000001,450.65020000000004,3.0,5.366608314577304,3
2022-11-03,花菜类,63.801000000000016,440.00360000000006,0.0,6.896500054858073,3
2022-11-03,水生根茎类,13.926,121.11519999999999,3.0,8.697055866724112,3
2022-11-03,茄类,4.012,24.072000000000003,0.0,6.000000000000001,3
2022-11-03,辣椒类,129.24900000000002,568.2545999999994,30.622,4.3965879813383415,3
2022-11-03,食用菌,120.85500000000003,705.7829999999988,17.749,5.839915601340437,3
2022-11-04,花叶类,0.0,0.0,0.0,,4
2022-11-04,花菜类,0.0,0.0,0.0,,4
2022-11-04,水生根茎类,0.0,0.0,0.0,,4
2022-11-04,茄类,0.0,0.0,0.0,,4
2022-11-04,辣椒类,0.0,0.0,0.0,,4
2022-11-04,食用菌,0.0,0.0,0.0,,4
2022-11-05,花叶类,190.42099999999988,923.400999999999,21.57,4.849260323178639,5
2022-11-05,花菜类,73.53699999999999,515.7019,2.7790000000000004,7.012822116757552,5
2022-11-05,水生根茎类,74.21600000000001,578.5548,0.6659999999999999,7.79555351945672,5
2022-11-05,茄类,9.816,58.896,0.0,6.0,5
2022-11-05,辣椒类,158.36200000000002,702.2451999999994,24.298000000000002,4.43442997688839,5
2022-11-05,食用菌,176.84300000000002,989.374999999998,9.193,5.594651753250046,5
2022-11-06,花叶类,162.06399999999988,726.2628000000001,0.0,4.481333300424527,6
2022-11-06,花菜类,75.88800000000002,519.4080000000001,0.0,6.8444022770398485,6
2022-11-06,水生根茎类,60.306000000000004,400.99440000000016,1.5,6.649328425032337,6
2022-11-06,茄类,4.647,27.882,0.0,6.0,6
2022-11-06,辣椒类,135.24499999999998,584.8702999999996,7.273,4.324524381677694,6
2022-11-06,食用菌,165.48199999999994,951.640999999998,15.637999999999998,5.750722132920791,6
2022-11-07,花叶类,102.67699999999996,441.9412,0.0,4.304188864107835,0
2022-11-07,花菜类,47.225,298.77279999999996,0.0,6.326581259925885,0
2022-11-07,水生根茎类,22.798999999999996,174.59040000000005,0.0,7.657809553050575,0
2022-11-07,茄类,3.2560000000000002,19.536,0.0,6.0,0
2022-11-07,辣椒类,108.16900000000003,444.12119999999965,18.0,4.105808503360478,0
2022-11-07,食用菌,85.99999999999999,523.0759999999996,8.937,6.082279069767438,0
2022-11-08,花叶类,96.371,400.1634,0.0,4.152321756545019,1
2022-11-08,花菜类,41.11700000000001,259.1152,0.0,6.301899457645255,1
2022-11-08,水生根茎类,31.054,264.90560000000005,0.21,8.530482385521996,1
2022-11-08,茄类,3.8600000000000003,23.16,0.0,5.999999999999999,1
2022-11-08,辣椒类,77.12200000000003,357.45959999999974,12.0,4.634988719172216,1
2022-11-08,食用菌,82.08699999999997,470.81349999999946,13.578999999999999,5.7355427777845405,1
2022-11-09,花叶类,127.79499999999999,407.2029999999998,34.0,3.186376618803551,2
2022-11-09,花菜类,35.220000000000006,212.3214,5.670000000000001,6.0284327086882445,2
2022-11-09,水生根茎类,21.313,166.51600000000008,1.0,7.812884155210439,2
2022-11-09,茄类,2.8710000000000004,17.226000000000003,0.0,6.0,2
2022-11-09,辣椒类,75.30699999999999,313.03859999999986,13.0,4.156832698155549,2
2022-11-09,食用菌,68.90100000000001,400.7907999999998,6.106000000000001,5.816908317731234,2
2022-11-10,花叶类,122.883,367.5026000000001,20.824,2.9906708006803226,3
2022-11-10,花菜类,39.75600000000001,242.79660000000013,8.022000000000002,6.107168729248418,3
2022-11-10,水生根茎类,17.045999999999996,145.102,1.3780000000000001,8.51237827056201,3
2022-11-10,茄类,6.896999999999999,41.382000000000005,0.0,6.000000000000001,3
2022-11-10,辣椒类,88.30300000000003,355.1883000000001,11.551,4.02238089306139,3
2022-11-10,食用菌,74.627,312.9309999999999,7.079,4.193267852117866,3
2022-11-11,花叶类,173.21,519.0467999999995,26.0,2.996632988857453,4
2022-11-11,花菜类,45.043000000000006,286.9112,1.029,6.369717825189263,4
2022-11-11,水生根茎类,40.36299999999999,351.4908,3.8820000000000006,8.708242697520006,4
2022-11-11,茄类,7.801,46.806000000000004,0.0,6.000000000000001,4
2022-11-11,辣椒类,130.229,530.9986999999995,14.293,4.077422847445649,4
2022-11-11,食用菌,163.55200000000005,725.107999999999,22.397000000000002,4.433501271766771,4
2022-11-12,花叶类,293.67699999999985,883.9065999999993,19.0,3.0097917099398313,5
2022-11-12,花菜类,56.45499999999999,363.33710000000013,4.053,6.435871047737139,5
2022-11-12,水生根茎类,73.35799999999999,550.7916000000002,2.0,7.508269036778542,5
2022-11-12,茄类,10.572,63.432,0.0,6.000000000000001,5
2022-11-12,辣椒类,204.11899999999991,788.4679999999984,21.39,3.862785923897328,5
2022-11-12,食用菌,257.066,1379.687000000002,8.082,5.367053597130706,5
2022-11-13,花叶类,312.03200000000027,844.2565999999988,30.0,2.7056731360886,6
2022-11-13,花菜类,50.63899999999999,326.95000000000005,0.42,6.45648610754557,6
2022-11-13,水生根茎类,54.616,393.77899999999994,2.443,7.209956789219276,6
2022-11-13,茄类,7.366,44.19599999999999,0.0,5.999999999999999,6
2022-11-13,辣椒类,188.27399999999986,776.3409999999986,11.556000000000001,4.123463675281766,6
2022-11-13,食用菌,206.76200000000006,1152.2459999999971,18.023,5.572813186175394,6
2022-11-14,花叶类,180.62600000000006,410.35480000000007,48.994,2.2718479067243913,0
2022-11-14,花菜类,38.30300000000001,233.55400000000003,1.428,6.097538051849724,0
2022-11-14,水生根茎类,27.893,202.1490000000001,1.429,7.247302190513752,0
2022-11-14,茄类,5.605,33.629999999999995,0.0,5.999999999999999,0
2022-11-14,辣椒类,104.64699999999995,415.49569999999983,15.869000000000002,3.970450180129388,0
2022-11-14,食用菌,99.07400000000004,537.8619999999995,9.741999999999999,5.428891535619832,0
2022-11-15,花叶类,165.843,414.29359999999986,38.0,2.4981072460097797,1
2022-11-15,花菜类,38.94400000000001,235.96300000000002,1.4489999999999998,6.059033483976991,1
2022-11-15,水生根茎类,31.82,260.6024,0.0,8.189893148962916,1
2022-11-15,茄类,7.266,43.596000000000004,0.0,6.000000000000001,1
2022-11-15,辣椒类,93.884,400.71709999999996,8.253,4.26821503131524,1
2022-11-15,食用菌,102.92,574.9499999999994,9.705,5.586377769141074,1
2022-11-16,花叶类,205.406,521.6955999999996,56.0,2.539826489975948,2
2022-11-16,花菜类,18.714000000000002,117.6756,0.777,6.2881051619108685,2
2022-11-16,水生根茎类,17.224,136.70520000000002,0.0,7.936901997213192,2
2022-11-16,茄类,2.568,15.407999999999998,0.0,5.999999999999999,2
2022-11-16,辣椒类,105.80699999999999,431.71269999999964,7.587000000000001,4.080190346574421,2
2022-11-16,食用菌,92.69500000000002,546.7849999999996,5.808999999999999,5.898753978100216,2
2022-11-17,花叶类,232.97500000000002,585.1296000000002,65.24799999999999,2.5115553170941096,3
2022-11-17,花菜类,38.75200000000001,212.82100000000008,0.0,5.491871387283238,3
2022-11-17,水生根茎类,40.678999999999995,397.0158000000003,0.0,9.759723690356212,3
2022-11-17,茄类,8.038,48.227999999999994,0.0,5.999999999999999,3
2022-11-17,辣椒类,104.35599999999998,412.83829999999995,16.955,3.9560571505232094,3
2022-11-17,食用菌,90.17999999999999,518.1639999999995,12.063000000000002,5.74588600576624,3
2022-11-18,花叶类,367.52300000000014,971.7074000000002,89.639,2.643936297864351,4
2022-11-18,花菜类,68.424,404.8170000000001,0.0,5.91630129779025,4
2022-11-18,水生根茎类,59.900999999999996,495.7534000000002,1.1900000000000002,8.276212417154976,4
2022-11-18,茄类,17.923,107.53800000000001,0.0,6.000000000000001,4
2022-11-18,辣椒类,212.6540000000002,824.9562999999989,10.293,3.8793359165592847,4
2022-11-18,食用菌,153.08700000000002,861.4179999999983,11.283,5.626983349337293,4
2022-11-19,花叶类,1265.4729999999993,3715.4856000000154,52.0,2.936044941298643,5
2022-11-19,花菜类,122.16100000000002,788.6452000000005,0.0,6.455785397958435,5
2022-11-19,水生根茎类,183.30700000000002,1229.2278000000001,0.784,6.7058421118669775,5
2022-11-19,茄类,35.94799999999998,216.49200000000005,0.0,6.022365639256709,5
2022-11-19,辣椒类,436.0609999999995,1691.814500000002,12.293,3.879765674985848,5
2022-11-19,食用菌,440.92999999999984,2479.598000000016,8.18,5.62356383099362,5
2022-11-20,花叶类,146.03399999999993,495.70119999999986,2.0,3.394423216511224,6
2022-11-20,花菜类,97.96899999999994,581.4634000000002,0.0,5.935177454092627,6
2022-11-20,水生根茎类,65.05699999999999,553.3826,0.0,8.506119249273716,6
2022-11-20,茄类,0.252,1.512,0.0,6.0,6
2022-11-20,辣椒类,197.3339999999999,768.039399999999,0.288,3.8920784051405204,6
2022-11-20,食用菌,156.828,807.4549999999986,11.0,5.148666054531069,6
2022-11-21,花叶类,821.168,2810.929200000001,70.0,3.4230866278276806,0
2022-11-21,花菜类,132.21199999999996,851.587,0.903,6.4410719148035,0
2022-11-21,水生根茎类,264.6569999999999,2026.829999999996,0.0,7.658327571158128,0
2022-11-21,茄类,55.692000000000014,339.93999999999994,0.862,6.1039287509875715,0
2022-11-21,辣椒类,352.4219999999989,1511.3627999999949,2.0,4.288502987895193,0
2022-11-21,食用菌,343.0199999999999,1871.1912000000066,2.0,5.455049851320643,0
2022-11-22,花叶类,173.192,518.9032,3.0,2.996115294008961,1
2022-11-22,花菜类,36.972000000000016,202.53240000000008,0.0,5.477994157740993,1
2022-11-22,水生根茎类,30.540999999999997,206.6936,0.0,6.7677417242395475,1
2022-11-22,茄类,4.816,28.896,0.0,6.0,1
2022-11-22,辣椒类,82.21900000000002,332.4532,0.0,4.043508191537234,1
2022-11-22,食用菌,36.48899999999999,219.57700000000008,4.0,6.017621749020257,1
2022-11-23,花叶类,247.57200000000003,707.5223999999997,3.0,2.8578449905482026,2
2022-11-23,花菜类,31.840000000000018,191.0482,0.0,6.000257537688439,2
2022-11-23,水生根茎类,50.24,405.1280000000001,0.0,8.063853503184715,2
2022-11-23,茄类,8.243,52.248,0.0,6.338469004003397,2
2022-11-23,辣椒类,98.441,409.3135999999996,0.0,4.157958574171327,2
2022-11-23,食用菌,68.56199999999998,377.0749999999997,9.0,5.4997666345789185,2
2022-11-24,花叶类,260.61799999999994,831.5843999999993,0.0,3.190817211397522,3
2022-11-24,花菜类,31.131000000000014,187.51740000000007,0.0,6.0234942661655575,3
2022-11-24,水生根茎类,29.737999999999992,196.06079999999997,0.0,6.592938328065102,3
2022-11-24,茄类,8.455,52.23800000000001,0.0,6.178356002365465,3
2022-11-24,辣椒类,105.612,429.10259999999937,0.0,4.063009885240308,3
2022-11-24,食用菌,43.26200000000001,341.701,0.0,7.89840968979705,3
2022-11-25,花叶类,228.79600000000008,701.4181999999998,0.0,3.065692582038146,4
2022-11-25,花菜类,46.43500000000002,277.92100000000005,0.0,5.985162054484762,4
2022-11-25,水生根茎类,62.003000000000014,486.3288000000001,0.0,7.843633372578746,4
2022-11-25,茄类,16.927,105.782,0.0,6.249305842736456,4
2022-11-25,辣椒类,103.30400000000002,434.2371999999997,0.0,4.20348873228529,4
2022-11-25,食用菌,32.969,252.10800000000006,0.0,7.6468197397555295,4
2022-11-26,花叶类,352.51099999999974,1096.8765999999996,0.0,3.1116095667936614,5
2022-11-26,花菜类,47.40800000000001,265.74380000000014,0.0,5.60546321295984,5
2022-11-26,水生根茎类,37.043,331.89680000000016,0.0,8.959771076856631,5
2022-11-26,茄类,9.863999999999999,60.013999999999996,0.0,6.084144363341444,5
2022-11-26,辣椒类,89.27600000000001,388.2042,0.0,4.348360141583404,5
2022-11-26,食用菌,57.284,294.8020000000001,0.0,5.146323580755535,5
2022-11-27,花叶类,40.471000000000004,123.98240000000001,0.0,3.0634874354476045,6
2022-11-27,花菜类,3.1919999999999997,15.321599999999998,0.0,4.8,6
2022-11-27,水生根茎类,3.165,17.723999999999997,0.0,5.599999999999999,6
2022-11-27,茄类,4.145999999999999,24.875999999999994,0.0,6.0,6
2022-11-27,辣椒类,17.031,62.924,0.0,3.6946744172391526,6
2022-11-27,食用菌,8.596,54.778999999999996,0.0,6.37261516984644,6
2022-11-28,花叶类,40.861999999999995,104.11439999999999,0.0,2.5479516421124764,0
2022-11-28,花菜类,10.708,56.01399999999999,0.0,5.2310422114307045,0
2022-11-28,水生根茎类,1.8090000000000002,15.330400000000001,0.0,8.474516307352127,0
2022-11-28,茄类,1.04,3.12,0.0,3.0,0
2022-11-28,辣椒类,13.451,52.403999999999996,0.0,3.895918519069214,0
2022-11-28,食用菌,3.012,21.750999999999998,0.0,7.22144754316069,0
2022-11-29,花叶类,31.298000000000002,92.74139999999998,0.0,2.9631733657102686,1
2022-11-29,花菜类,7.6240000000000006,40.29339999999999,0.0,5.285073452256032,1
2022-11-29,水生根茎类,9.193999999999999,61.8864,0.0,6.731172503806832,1
2022-11-29,茄类,1.778,5.334,0.0,2.9999999999999996,1
2022-11-29,辣椒类,6.066,24.063999999999997,0.0,3.967029343883943,1
2022-11-29,食用菌,8.283,47.893,0.0,5.78208378606785,1
2022-11-30,花叶类,0.0,0.0,0.0,,2
2022-11-30,花菜类,0.0,0.0,0.0,,2
2022-11-30,水生根茎类,0.0,0.0,0.0,,2
2022-11-30,茄类,0.0,0.0,0.0,,2
2022-11-30,辣椒类,0.0,0.0,0.0,,2
2022-11-30,食用菌,0.0,0.0,0.0,,2
2022-12-01,花叶类,0.0,0.0,0.0,,3
2022-12-01,花菜类,0.0,0.0,0.0,,3
2022-12-01,水生根茎类,0.0,0.0,0.0,,3
2022-12-01,茄类,0.0,0.0,0.0,,3
2022-12-01,辣椒类,0.0,0.0,0.0,,3
2022-12-01,食用菌,0.0,0.0,0.0,,3
2022-12-02,花叶类,0.0,0.0,0.0,,4
2022-12-02,花菜类,0.0,0.0,0.0,,4
2022-12-02,水生根茎类,0.0,0.0,0.0,,4
2022-12-02,茄类,0.0,0.0,0.0,,4
2022-12-02,辣椒类,0.0,0.0,0.0,,4
2022-12-02,食用菌,0.0,0.0,0.0,,4
2022-12-03,花叶类,0.0,0.0,0.0,,5
2022-12-03,花菜类,0.0,0.0,0.0,,5
2022-12-03,水生根茎类,0.0,0.0,0.0,,5
2022-12-03,茄类,0.0,0.0,0.0,,5
2022-12-03,辣椒类,0.0,0.0,0.0,,5
2022-12-03,食用菌,0.0,0.0,0.0,,5
2022-12-04,花叶类,99.39900000000002,315.7424000000002,13.0,3.1765148542741892,6
2022-12-04,花菜类,24.72200000000001,125.05220000000004,0.0,5.0583367041501495,6
2022-12-04,水生根茎类,18.158,132.88479999999998,0.0,7.318250908690383,6
2022-12-04,茄类,1.168,9.344,0.0,8.0,6
2022-12-04,辣椒类,53.403999999999996,199.49920000000012,1.0,3.735660250168529,6
2022-12-04,食用菌,30.0,127.60000000000002,4.0,4.253333333333334,6
2022-12-05,花叶类,170.093,558.7841999999999,0.0,3.2851687018278235,0
2022-12-05,花菜类,30.281999999999996,145.3536,0.0,4.800000000000001,0
2022-12-05,水生根茎类,41.811,421.34160000000026,0.0,10.077290665135974,0
2022-12-05,茄类,0.0,0.0,0.0,,0
2022-12-05,辣椒类,118.65700000000001,458.34989999999954,9.428999999999998,3.8628138247216723,0
2022-12-05,食用菌,114.0,408.3999999999996,0.0,3.5824561403508737,0
2022-12-06,花叶类,226.1709999999999,845.0966000000004,17.0,3.73653828298058,1
2022-12-06,花菜类,38.550999999999995,237.29859999999994,4.557,6.155446032528339,1
2022-12-06,水生根茎类,67.863,497.33280000000013,9.0,7.328482383625836,1
2022-12-06,茄类,7.977000000000001,63.81600000000001,0.0,8.0,1
2022-12-06,辣椒类,97.96300000000006,382.70880000000017,4.202,3.9066668027724742,1
2022-12-06,食用菌,98.61999999999998,654.3199999999998,0.0,6.634759683634151,1
2022-12-07,花叶类,272.787,851.3320000000008,37.0,3.120867196750581,2
2022-12-07,花菜类,25.63600000000001,172.11040000000003,1.5959999999999999,6.713621469808081,2
2022-12-07,水生根茎类,64.33099999999999,469.65360000000004,6.0,7.300579813775631,2
2022-12-07,茄类,11.596999999999998,92.77599999999998,0.0,8.0,2
2022-12-07,辣椒类,82.54999999999993,269.2322000000001,0.0,3.2614439733494893,2
2022-12-07,食用菌,124.35199999999998,801.2319999999997,0.0,6.443257848687596,2
2022-12-08,花叶类,173.92399999999992,506.35300000000035,23.0,2.911346335180887,3
2022-12-08,花菜类,46.35699999999999,270.5418000000001,1.092,5.836050650387215,3
2022-12-08,水生根茎类,47.47999999999999,290.00000000000006,8.0,6.107834877843305,3
2022-12-08,茄类,4.524,36.192,0.0,8.0,3
2022-12-08,辣椒类,131.2729999999999,454.1735999999997,0.0,3.459764003260381,3
2022-12-08,食用菌,82.67799999999997,554.0699999999993,0.0,6.701540917777395,3
2022-12-09,花叶类,140.88000000000002,497.4118000000002,17.0,3.5307481544576955,4
2022-12-09,花菜类,41.32999999999999,215.55930000000004,5.439,5.215564964916528,4
2022-12-09,水生根茎类,30.039,227.50380000000004,3.0,7.5736143014081705,4
2022-12-09,茄类,4.422,35.376,0.0,8.0,4
2022-12-09,辣椒类,99.44699999999996,353.83039999999977,0.0,3.5579796273391846,4
2022-12-09,食用菌,71.48400000000001,503.6600000000001,7.0,7.045772480555089,4
2022-12-10,花叶类,231.00900000000004,796.9659999999998,10.0,3.449934851023119,5
2022-12-10,花菜类,55.053000000000004,304.71480000000014,0.0,5.534935425862353,5
2022-12-10,水生根茎类,73.28000000000003,522.7422000000003,4.0,7.133490720524018,5
2022-12-10,茄类,6.571999999999999,52.57599999999999,0.0,8.0,5
2022-12-10,辣椒类,161.9819999999998,600.1037999999998,6.0,3.7047560840093374,5
2022-12-10,食用菌,149.3360000000001,1013.5399999999993,3.0,6.786977018267522,5
2022-12-11,花叶类,204.481,679.5326,5.474,3.323206557088434,6
2022-12-11,花菜类,62.53599999999999,326.83830000000006,1.323,5.226402392222082,6
2022-12-11,水生根茎类,63.38500000000001,498.6174000000003,1.0,7.866488916936187,6
2022-12-11,茄类,3.629,29.948799999999995,0.0,8.252631578947367,6
2022-12-11,辣椒类,171.69500000000002,595.3557999999996,2.0,3.467519729753339,6
2022-12-11,食用菌,144.33300000000003,999.4729999999995,5.287,6.924771188848006,6
2022-12-12,花叶类,173.03499999999994,549.5146000000003,19.0,3.175742479845121,0
2022-12-12,花菜类,27.822999999999997,128.54370000000003,6.069000000000002,4.620051755741654,0
2022-12-12,水生根茎类,30.167999999999996,202.06780000000003,0.0,6.698084062582871,0
2022-12-12,茄类,3.379,27.032,0.0,8.0,0
2022-12-12,辣椒类,95.82499999999995,333.0270000000001,8.0,3.4753665536133607,0
2022-12-12,食用菌,85.722,541.43,17.0,6.316114882993864,0
2022-12-13,花叶类,185.802,558.1409999999997,6.0,3.003955823941614,1
2022-12-13,花菜类,37.876,208.14600000000007,2.3520000000000003,5.495458865772523,1
2022-12-13,水生根茎类,50.434000000000005,337.1440000000001,0.0,6.684855454653609,1
2022-12-13,茄类,5.316,42.528,0.0,8.0,1
2022-12-13,辣椒类,103.87199999999994,367.741,10.0,3.540328481207642,1
2022-12-13,食用菌,91.19499999999998,559.4129999999993,13.502,6.134250781292828,1
2022-12-14,花叶类,226.11500000000004,685.8872000000005,7.0,3.033355593392744,2
2022-12-14,花菜类,40.700999999999986,250.3956,0.0,6.152074887594901,2
2022-12-14,水生根茎类,29.923,182.58880000000002,0.0,6.101955017879225,2
2022-12-14,茄类,6.973000000000001,55.784000000000006,0.0,8.0,2
2022-12-14,辣椒类,96.19799999999995,355.3038000000001,3.0,3.693463481569266,2
2022-12-14,食用菌,102.18100000000005,679.3149999999998,10.0,6.648153766355775,2
2022-12-15,花叶类,291.7589999999999,879.4829999999993,0.0,3.014416007732408,3
2022-12-15,花菜类,44.891,271.45580000000007,0.0,6.046998284734135,3
2022-12-15,水生根茎类,60.99600000000001,374.22040000000004,0.0,6.135162961505673,3
2022-12-15,茄类,8.607,68.856,0.0,8.0,3
2022-12-15,辣椒类,151.97199999999995,524.3135999999997,7.0,3.4500671176269306,3
2022-12-15,食用菌,94.03399999999998,669.0099999999996,0.0,7.114554310143138,3
2022-12-16,花叶类,305.66999999999973,863.7309999999999,0.0,2.8256976477901024,4
2022-12-16,花菜类,28.131,190.63379999999998,0.0,6.776644982403753,4
2022-12-16,水生根茎类,59.198,337.32719999999995,0.0,5.698287104294063,4
2022-12-16,茄类,6.8389999999999995,55.27479999999999,0.0,8.08229273285568,4
2022-12-16,辣椒类,147.86899999999994,532.4315999999998,0.0,3.600697915046426,4
2022-12-16,食用菌,141.99300000000008,976.7211999999992,0.0,6.878657398604147,4
2022-12-17,花叶类,265.0900000000001,951.5306,0.0,3.5894624467162086,5
2022-12-17,花菜类,43.94500000000001,306.2752,0.0,6.969511889862327,5
2022-12-17,水生根茎类,97.79100000000005,735.7079999999993,0.0,7.5232690124858,5
2022-12-17,茄类,16.785999999999998,139.10959999999997,0.0,8.287239366138449,5
2022-12-17,辣椒类,153.757,596.0875999999993,0.0,3.8768160148806183,5
2022-12-17,食用菌,142.64700000000002,972.4025999999992,0.0,6.816845780142583,5
2022-12-18,花叶类,295.3639999999999,926.2245999999992,0.0,3.135875055863272,6
2022-12-18,花菜类,68.962,404.7022000000002,0.0,5.868481192540822,6
2022-12-18,水生根茎类,65.117,444.07600000000014,0.0,6.819663068016034,6
2022-12-18,茄类,12.024999999999997,96.19999999999997,0.0,8.0,6
2022-12-18,辣椒类,123.46899999999987,431.19059999999973,0.0,3.4922984716811523,6
2022-12-18,食用菌,131.35999999999999,894.510999999999,0.0,6.809614799025571,6
2022-12-19,花叶类,201.17799999999994,791.6081999999997,1.0,3.9348646472278275,0
2022-12-19,花菜类,47.455999999999975,265.2482,0.0,5.589350134861769,0
2022-12-19,水生根茎类,67.12200000000001,496.0880000000002,0.0,7.390840558982153,0
2022-12-19,茄类,11.560000000000002,92.48000000000002,0.0,8.0,0
2022-12-19,辣椒类,97.84499999999997,326.54,5.0,3.3373192293934295,0
2022-12-19,食用菌,86.269,654.5387999999998,0.46799999999999997,7.587184272450124,0
2022-12-20,花叶类,252.22399999999988,785.5078000000001,1.0,3.114326154529309,1
2022-12-20,花菜类,45.50100000000002,294.85920000000004,0.0,6.4802795542955085,1
2022-12-20,水生根茎类,53.791999999999994,348.70400000000024,0.0,6.482450922070202,1
2022-12-20,茄类,6.731,53.848,0.0,8.0,1
2022-12-20,辣椒类,88.81999999999998,323.06940000000003,1.0,3.6373496960144123,1
2022-12-20,食用菌,103.84699999999998,734.1279999999995,6.7219999999999995,7.069323138848494,1
2022-12-21,花叶类,285.26500000000004,1019.3613999999991,0.0,3.573384046412981,2
2022-12-21,花菜类,76.35799999999995,451.5748000000001,3.864,5.9139160271353415,2
2022-12-21,水生根茎类,61.727,407.0017000000001,0.207,6.593576554830141,2
2022-12-21,茄类,17.740000000000006,141.92000000000004,0.0,8.0,2
2022-12-21,辣椒类,137.99799999999993,492.6907999999995,5.0,3.570274931520745,2
2022-12-21,食用菌,128.851,856.6967999999994,2.756,6.648740017539634,2
2022-12-22,花叶类,223.24800000000002,859.9709999999994,6.0,3.8520882605891176,3
2022-12-22,花菜类,33.67099999999999,213.72639999999996,0.0,6.3474919069822695,3
2022-12-22,水生根茎类,45.018,270.32099999999997,0.0,6.00473144075703,3
2022-12-22,茄类,8.883000000000001,71.06400000000001,0.0,8.0,3
2022-12-22,辣椒类,93.94899999999994,323.8185999999999,0.0,3.4467487679485687,3
2022-12-22,食用菌,99.983,700.9345999999999,6.3469999999999995,7.010537791424541,3
2022-12-23,花叶类,210.78399999999996,783.8847999999991,15.161,3.7189008653408195,4
2022-12-23,花菜类,29.48600000000001,185.75680000000003,0.0,6.299830427999727,4
2022-12-23,水生根茎类,54.487000000000016,373.11600000000027,0.0,6.847798557454075,4
2022-12-23,茄类,8.921000000000001,71.36800000000001,0.0,8.0,4
2022-12-23,辣椒类,91.64899999999999,284.37679999999995,10.0,3.1028903752359542,4
2022-12-23,食用菌,92.54399999999997,639.2466000000001,8.227,6.907488329875521,4
2022-12-24,花叶类,285.0849999999999,967.0580999999991,10.129999999999999,3.392174614588629,5
2022-12-24,花菜类,47.27900000000002,325.65759999999995,0.0,6.887996785041981,5
2022-12-24,水生根茎类,61.87400000000001,442.43680000000006,0.0,7.15060930277661,5
2022-12-24,茄类,11.582000000000003,92.65600000000002,0.0,8.0,5
2022-12-24,辣椒类,117.56399999999995,369.8799999999997,9.0,3.1462012180599492,5
2022-12-24,食用菌,139.067,891.8537999999998,15.436,6.413123170845705,5
2022-12-25,花叶类,362.94,1262.4689999999991,12.0,3.478450983633656,6
2022-12-25,花菜类,51.94100000000001,349.9588000000001,0.252,6.737621532122986,6
2022-12-25,水生根茎类,105.12900000000002,714.1749,0.569,6.793319635875922,6
2022-12-25,茄类,5.742,45.936,0.0,8.0,6
2022-12-25,辣椒类,166.41799999999995,551.306599999999,1.0,3.3127822711485484,6
2022-12-25,食用菌,160.77700000000007,1093.1089999999995,6.56,6.798914023772051,6
2022-12-26,花叶类,253.075,933.2617999999991,21.0,3.687688629852807,0
2022-12-26,花菜类,27.857000000000003,187.40229999999997,0.315,6.727296550238718,0
2022-12-26,水生根茎类,56.00400000000001,411.87120000000004,0.0,7.3543175487465176,0
2022-12-26,茄类,12.022000000000002,99.68800000000002,0.0,8.292131092996174,0
2022-12-26,辣椒类,114.69099999999995,372.8573999999998,12.0,3.2509734852778336,0
2022-12-26,食用菌,115.933,725.3479999999998,8.405,6.256613733794517,0
2022-12-27,花叶类,253.51799999999994,860.5306,24.926000000000002,3.39435700818088,1
2022-12-27,花菜类,39.59099999999997,273.0699000000001,0.567,6.89727210729712,1
2022-12-27,水生根茎类,72.51400000000001,560.8802,2.0,7.734785007033123,1
2022-12-27,茄类,6.541,53.364000000000004,0.0,8.15838556795597,1
2022-12-27,辣椒类,121.71599999999991,404.8547999999996,6.0,3.326224982746721,1
2022-12-27,食用菌,102.06,648.2293999999998,6.328,6.35145404663923,1
2022-12-28,花叶类,257.429,957.8059999999997,7.0,3.7206608424070318,2
2022-12-28,花菜类,36.052,261.54050000000007,1.3650000000000002,7.254535115943638,2
2022-12-28,水生根茎类,60.285999999999994,428.6739,0.655,7.110670802508046,2
2022-12-28,茄类,8.167,65.336,0.0,8.0,2
2022-12-28,辣椒类,99.95299999999996,352.30599999999987,3.0,3.5247166168099007,2
2022-12-28,食用菌,119.91299999999995,706.8052000000001,8.394,5.894316712950226,2
2022-12-29,花叶类,237.40700000000004,879.3432000000005,15.1,3.7039480722977856,3
2022-12-29,花菜类,25.895,187.4054,1.086,7.237126858466885,3
2022-12-29,水生根茎类,66.28699999999999,499.34560000000033,1.694,7.5330849186114985,3
2022-12-29,茄类,3.6560000000000006,29.248000000000005,0.0,8.0,3
2022-12-29,辣椒类,129.853,449.75599999999923,6.0,3.463578045944254,3
2022-12-29,食用菌,123.43899999999998,794.3335999999996,3.617,6.435029447743418,3
2022-12-30,花叶类,244.08800000000008,876.4060000000006,15.738,3.5905329225525233,4
2022-12-30,花菜类,29.769000000000016,193.97599999999997,0.388,6.516040176022032,4
2022-12-30,水生根茎类,62.525,434.07200000000006,1.86,6.942375049980009,4
2022-12-30,茄类,6.172999999999998,50.85599999999999,0.0,8.238457800097198,4
2022-12-30,辣椒类,118.87700000000004,434.7659999999998,6.0,3.6572760079746263,4
2022-12-30,食用菌,131.88299999999998,781.0989999999993,2.0,5.9226663027076984,4
2022-12-31,花叶类,329.50900000000007,1187.587999999999,22.0,3.604113999921091,5
2022-12-31,花菜类,39.573000000000015,318.0243000000001,1.8210000000000002,8.036396027594572,5
2022-12-31,水生根茎类,103.27100000000003,739.7629999999996,0.45,7.1633178723939865,5
2022-12-31,茄类,5.574,46.232,0.0,8.294223179045568,5
2022-12-31,辣椒类,198.24799999999985,679.8117999999989,12.538000000000002,3.429097897582823,5
2022-12-31,食用菌,178.02099999999996,1074.754799999999,3.2879999999999994,6.037236056420306,5
2023-01-01,花叶类,329.63500000000005,1295.5807999999972,25.0,3.9303496291352467,6
2023-01-01,花菜类,39.37999999999999,297.2144,0.0,7.547343829355005,6
2023-01-01,水生根茎类,92.50299999999996,662.9435,0.9390000000000001,7.16672432245441,6
2023-01-01,茄类,7.926,66.416,0.0,8.379510471864748,6
2023-01-01,辣椒类,174.4259999999999,632.9767999999995,9.0,3.6289131207503456,6
2023-01-01,食用菌,159.04699999999997,1013.9091999999991,5.234000000000002,6.374903016089579,6
2023-01-02,花叶类,287.81199999999995,1110.4541999999994,11.786,3.8582623379150265,0
2023-01-02,花菜类,36.172,260.15110000000004,1.125,7.192057392458257,0
2023-01-02,水生根茎类,54.33399999999999,457.35870000000017,1.675,8.417541502558256,0
2023-01-02,茄类,17.834,147.42000000000002,0.0,8.26623303801727,0
2023-01-02,辣椒类,154.45100000000002,583.3309999999994,8.0,3.7768029990093903,0
2023-01-02,食用菌,132.93400000000003,856.891399999999,4.003,6.445991243775097,0
2023-01-03,花叶类,215.98399999999995,837.3276000000012,34.0,3.8768038373212894,1
2023-01-03,花菜类,30.654,324.9664,0.404,10.60110915378091,1
2023-01-03,水生根茎类,50.81800000000002,397.94220000000007,2.262,7.830733204769962,1
2023-01-03,茄类,3.6169999999999995,30.639999999999997,0.0,8.471108653580316,1
2023-01-03,辣椒类,128.13400000000001,506.584,19.0,3.9535486287792465,1
2023-01-03,食用菌,86.599,532.1045999999998,10.211999999999998,6.144465871430383,1
2023-01-04,花叶类,171.91000000000005,722.2415999999995,21.0,4.2012774125996115,2
2023-01-04,花菜类,27.842999999999996,288.66639999999995,1.288,10.367647164457853,2
2023-01-04,水生根茎类,48.907999999999994,421.39320000000026,8.328,8.616038275946682,2
2023-01-04,茄类,3.929,36.1468,0.0,9.2,2
2023-01-04,辣椒类,123.447,473.7420000000002,31.0,3.837614522831662,2
2023-01-04,食用菌,88.49499999999999,494.96859999999964,12.057,5.593181535679978,2
2023-01-05,花叶类,186.06899999999996,819.328,21.0,4.4033557443744,3
2023-01-05,花菜类,25.709000000000007,266.5670999999999,1.157,10.368629662764008,3
2023-01-05,水生根茎类,32.70099999999999,271.0648000000001,4.955,8.289189933029576,3
2023-01-05,茄类,5.835,54.947599999999994,0.0,9.416898029134533,3
2023-01-05,辣椒类,108.64299999999999,511.5557999999994,11.0,4.708594203031944,3
2023-01-05,食用菌,101.31699999999998,553.6941999999997,20.358999999999998,5.464968366611721,3
2023-01-06,花叶类,202.912,838.3875999999998,41.0,4.13177929348683,4
2023-01-06,花菜类,27.047,291.3,0.0,10.7701408659001,4
2023-01-06,水生根茎类,59.66999999999999,433.2166000000001,0.9450000000000001,7.260207809619577,4
2023-01-06,茄类,6.648,62.2844,0.0,9.368892900120336,4
2023-01-06,辣椒类,106.77399999999999,531.5871999999994,17.244,4.978620263359988,4
2023-01-06,食用菌,115.083,676.0551999999996,19.372999999999998,5.874501012312849,4
2023-01-07,花叶类,187.32399999999998,897.7193999999996,28.0,4.792335205312718,5
2023-01-07,花菜类,24.605999999999995,262.26320000000004,1.6920000000000002,10.658506055433637,5
2023-01-07,水生根茎类,53.523999999999994,383.1018000000002,2.819,7.157570435692405,5
2023-01-07,茄类,11.499,106.97999999999999,0.8109999999999999,9.303417688494651,5
2023-01-07,辣椒类,112.31000000000003,554.8997999999989,7.207,4.940787107114226,5
2023-01-07,食用菌,108.03700000000005,681.4931999999999,16.864,6.307961161453942,5
2023-01-08,花叶类,219.37200000000013,940.9669999999988,23.086,4.289366920117418,6
2023-01-08,花菜类,34.43299999999999,378.66179999999986,1.038,10.997060958963782,6
2023-01-08,水生根茎类,56.788,412.0610000000002,0.0,7.256128055222939,6
2023-01-08,茄类,15.154,139.4168,0.0,9.2,6
2023-01-08,辣椒类,124.98300000000002,720.5417999999991,2.0,5.765118456110023,6
2023-01-08,食用菌,115.9,739.2962,5.644,6.378742018981881,6
2023-01-09,花叶类,185.58499999999998,815.8494999999995,27.719,4.396096128458655,0
2023-01-09,花菜类,31.34100000000001,339.92079999999993,0.928,10.84588239047892,0
2023-01-09,水生根茎类,39.95899999999999,256.1364000000001,1.16,6.409980229735483,0
2023-01-09,茄类,11.607,106.78439999999999,0.0,9.2,0
2023-01-09,辣椒类,89.474,527.9559999999993,0.0,5.9006638800098274,0
2023-01-09,食用菌,100.36299999999997,620.1945999999996,7.297,6.179514362862806,0
2023-01-10,花叶类,200.19600000000008,880.1236999999993,25.392999999999997,4.39631011608623,1
2023-01-10,花菜类,15.291999999999998,166.19779999999997,0.382,10.868284070102014,1
2023-01-10,水生根茎类,45.848000000000006,361.4746000000001,2.0,7.884195602861632,1
2023-01-10,茄类,9.913,98.59759999999999,0.853,9.946292746898012,1
2023-01-10,辣椒类,119.60200000000003,608.3963999999992,20.314,5.086841357167932,1
2023-01-10,食用菌,100.01700000000001,585.3935999999994,29.644,5.852941000029989,1
2023-01-11,花叶类,185.25399999999993,841.5397999999997,28.423000000000002,4.542626879851447,2
2023-01-11,花菜类,31.198999999999998,327.5488999999999,0.9830000000000001,10.49869867623962,2
2023-01-11,水生根茎类,44.88500000000001,247.29159999999993,8.214,5.509448590843263,2
2023-01-11,茄类,9.782,97.82000000000001,0.0,10.0,2
2023-01-11,辣椒类,126.12000000000002,656.075599999999,20.596,5.201994925467799,2
2023-01-11,食用菌,88.97600000000003,621.5387999999996,16.555,6.985465743571293,2
2023-01-12,花叶类,202.7090000000001,887.0166999999993,35.35,4.375813111406001,3
2023-01-12,花菜类,27.907999999999994,309.1987999999999,0.382,11.07921742869428,3
2023-01-12,水生根茎类,43.650000000000006,254.916,6.0,5.839999999999999,3
2023-01-12,茄类,9.159,91.59,0.0,10.0,3
2023-01-12,辣椒类,113.14999999999998,669.7049999999995,10.481,5.918736190897036,3
2023-01-12,食用菌,87.74199999999999,620.8451999999996,22.088,7.075804061908775,3
2023-01-13,花叶类,215.63500000000005,986.3281999999983,18.653000000000002,4.574063579660065,4
2023-01-13,花菜类,29.707999999999988,300.90079999999995,0.808,10.128611821731523,4
2023-01-13,水生根茎类,31.759000000000007,188.76709999999997,3.9770000000000003,5.943735633993511,4
2023-01-13,茄类,15.212999999999997,154.62200000000004,0.0,10.163807270097948,4
2023-01-13,辣椒类,137.76899999999998,815.3245999999989,6.547,5.918055585799411,4
2023-01-13,食用菌,123.264,764.908999999999,34.069,6.205453335929379,4
2023-01-14,花叶类,447.9930000000002,2151.7470000000044,20.0,4.803081744580838,5
2023-01-14,花菜类,55.134000000000015,573.5493,2.315,10.40282402873,5
2023-01-14,水生根茎类,112.724,933.1013999999998,1.363,8.277752741208614,5
2023-01-14,茄类,31.542,378.504,0.0,12.0,5
2023-01-14,辣椒类,197.21699999999993,1420.363800000003,1.673,7.202035321498672,5
2023-01-14,食用菌,204.67899999999995,1579.713200000003,5.111,7.718003312503987,5
2023-01-15,花叶类,278.96799999999996,1373.092,10.788,4.922041237704684,6
2023-01-15,花菜类,61.584,626.2272999999999,1.6170000000000002,10.168668810080538,6
2023-01-15,水生根茎类,92.61000000000003,866.9469999999997,0.0,9.36126768167584,6
2023-01-15,茄类,21.246,264.668,0.0,12.457309611220937,6
2023-01-15,辣椒类,154.04399999999995,1050.3449999999984,4.0,6.818473942509924,6
2023-01-15,食用菌,178.94399999999996,1175.1771999999996,10.0,6.567290325464949,6
2023-01-16,花叶类,216.17300000000003,1016.685599999999,9.0,4.703110934297987,0
2023-01-16,花菜类,46.516000000000005,447.37119999999993,4.192,9.617576747785705,0
2023-01-16,水生根茎类,61.379000000000005,504.9636000000003,1.0,8.226976653252747,0
2023-01-16,茄类,21.066000000000003,261.404,0.0,12.408810405392574,0
2023-01-16,辣椒类,121.08100000000003,1134.9328,3.0,9.373335205358394,0
2023-01-16,食用菌,144.546,1052.4411999999988,18.0,7.2810122729096545,0
2023-01-17,花叶类,180.23200000000003,990.5853999999998,8.734,5.49616827200497,1
2023-01-17,花菜类,39.869,407.7638000000002,0.917,10.227590358423843,1
2023-01-17,水生根茎类,86.31899999999996,721.0307999999997,0.0,8.35309491537205,1
2023-01-17,茄类,22.709999999999997,286.2300000000001,0.0,12.603698811096438,1
2023-01-17,辣椒类,117.13700000000001,1234.2637999999995,1.0,10.536925138939868,1
2023-01-17,食用菌,166.40599999999998,1114.449399999999,29.223,6.697170775092239,1
2023-01-18,花叶类,281.89300000000003,1466.7078999999983,20.349,5.20306605697906,2
2023-01-18,花菜类,58.399,641.0414000000001,1.442,10.976924262401754,2
2023-01-18,水生根茎类,84.28000000000002,727.4231999999996,1.0,8.63102990033222,2
2023-01-18,茄类,41.45900000000001,509.27200000000016,0.0,12.283750211051883,2
2023-01-18,辣椒类,218.2669999999998,2625.645,0.0,12.029509728910016,2
2023-01-18,食用菌,212.89900000000003,1765.281400000002,11.844,8.291637818871868,2
2023-01-19,花叶类,371.07399999999996,2154.6867,7.6450000000000005,5.8066226682548505,3
2023-01-19,花菜类,104.10099999999997,1145.8716000000002,0.0,11.007306365933088,3
2023-01-19,水生根茎类,157.12399999999997,1355.201399999998,1.0,8.625043914360623,3
2023-01-19,茄类,61.759000000000015,877.47,0.0,14.207969688628376,3
2023-01-19,辣椒类,350.2749999999999,4398.701199999999,0.0,12.557850831489542,3
2023-01-19,食用菌,384.35899999999975,3173.1694000000152,11.0,8.255743718762972,3
2023-01-20,花叶类,594.071,3911.280400000019,15.415,6.583860178328885,4
2023-01-20,花菜类,138.14200000000005,1555.4227999999987,0.0,11.259593751357285,4
2023-01-20,水生根茎类,252.07399999999996,2054.9943999999955,0.0,8.152345739743074,4
2023-01-20,茄类,75.97,1078.53,0.0,14.196788205870739,4
2023-01-20,辣椒类,604.2310000000011,6036.391199999999,0.0,9.990204408578817,4
2023-01-20,食用菌,455.62700000000024,3731.0364000000236,6.05,8.188795659607578,4
2023-01-21,花叶类,0.0,0.0,0.0,,5
2023-01-21,花菜类,0.0,0.0,0.0,,5
2023-01-21,水生根茎类,0.0,0.0,0.0,,5
2023-01-21,茄类,0.0,0.0,0.0,,5
2023-01-21,辣椒类,0.0,0.0,0.0,,5
2023-01-21,食用菌,0.0,0.0,0.0,,5
2023-01-22,花叶类,219.378,1536.459200000001,8.0,7.003706843895017,6
2023-01-22,花菜类,34.13399999999999,373.1716000000001,0.0,10.932548192418123,6
2023-01-22,水生根茎类,39.08,291.05999999999995,3.0,7.447799385875127,6
2023-01-22,茄类,17.629000000000005,246.806,0.0,13.999999999999996,6
2023-01-22,辣椒类,91.23200000000006,753.464399999999,0.0,8.258773237460524,6
2023-01-22,食用菌,91.90100000000001,804.415799999999,1.0,8.753069063448699,6
2023-01-23,花叶类,291.3519999999998,2027.2952000000028,7.368,6.95823333974026,0
2023-01-23,花菜类,66.01799999999997,725.8839999999997,0.0,10.995243721409313,0
2023-01-23,水生根茎类,46.75600000000001,383.29200000000014,2.0,8.197707246128841,0
2023-01-23,茄类,31.043,434.602,0.0,14.0,0
2023-01-23,辣椒类,124.13999999999997,998.1355999999997,0.0,8.040402771064926,0
2023-01-23,食用菌,146.53799999999998,1196.0967999999991,9.0,8.162366075693672,0
2023-01-24,花叶类,205.44700000000006,1126.549999999998,2.0,5.483409346449437,1
2023-01-24,花菜类,89.42099999999999,1008.12,0.0,11.273861844533164,1
2023-01-24,水生根茎类,84.83399999999999,690.6167999999997,0.0,8.140802036919156,1
2023-01-24,茄类,31.049999999999994,452.42119999999994,0.251,14.570731078904993,1
2023-01-24,辣椒类,181.95099999999974,1615.4419999999966,0.0,8.878445295711478,1
2023-01-24,食用菌,48.51700000000001,774.4203999999995,4.0,15.96183605746438,1
2023-01-25,花叶类,245.07199999999986,1957.543800000003,0.0,7.987627309525381,2
2023-01-25,花菜类,114.337,1308.5939999999998,0.0,11.445061528639021,2
2023-01-25,水生根茎类,97.22899999999998,765.2899999999998,10.0,7.871005564183525,2
2023-01-25,茄类,37.56899999999999,546.834,0.0,14.555457957358463,2
2023-01-25,辣椒类,140.698,1486.7569999999998,0.0,10.567008770558216,2
2023-01-25,食用菌,165.671,2140.7524,0.0,12.921708687700322,2
2023-01-26,花叶类,272.12499999999994,2322.288599999998,0.0,8.533903904455668,3
2023-01-26,花菜类,60.15000000000001,665.7483999999998,0.0,11.06813632585203,3
2023-01-26,水生根茎类,72.92699999999999,550.8716000000001,6.0,7.553740041411276,3
2023-01-26,茄类,32.83500000000001,467.1860000000001,0.0,14.228292980051773,3
2023-01-26,辣椒类,226.70500000000013,2139.901000000002,2.0,9.439143380163653,3
2023-01-26,食用菌,204.90600000000003,1922.935400000004,1.0,9.384475808419488,3
2023-01-27,花叶类,283.135,2021.030399999998,0.0,7.13804510215974,4
2023-01-27,花菜类,69.28300000000002,738.0592,0.0,10.652818151638929,4
2023-01-27,水生根茎类,87.43399999999998,656.2911999999999,1.0,7.506132625751996,4
2023-01-27,茄类,31.74999999999999,444.5,0.0,14.000000000000005,4
2023-01-27,辣椒类,284.492,2056.3072000000025,2.0,7.227996569323574,4
2023-01-27,食用菌,215.8109999999999,1751.7204000000029,5.0,8.116918970766104,4
2023-01-28,花叶类,235.44299999999996,1705.1540000000007,0.0,7.242321920804615,5
2023-01-28,花菜类,43.626000000000005,484.6640000000001,0.0,11.109521844771468,5
2023-01-28,水生根茎类,63.873,456.6448000000001,4.0,7.149261816416954,5
2023-01-28,茄类,30.239999999999995,423.3600000000002,0.0,14.000000000000009,5
2023-01-28,辣椒类,246.343,1553.058600000003,0.0,6.304455982106263,5
2023-01-28,食用菌,163.23700000000002,1295.6329999999996,5.0,7.937128224605938,5
2023-01-29,花叶类,229.6939999999998,1388.464400000001,0.0,6.044844009856601,6
2023-01-29,花菜类,40.248999999999995,436.3427999999999,0.0,10.841084250540385,6
2023-01-29,水生根茎类,48.473000000000006,375.85200000000015,0.0,7.7538423452231156,6
2023-01-29,茄类,15.298,214.17200000000003,0.0,14.000000000000002,6
2023-01-29,辣椒类,194.12099999999998,1256.2296000000001,1.0,6.4713740399029485,6
2023-01-29,食用菌,122.26200000000004,905.3755999999985,3.0,7.405208486692498,6
2023-01-30,花叶类,216.18000000000006,1187.9547999999993,6.0,5.495211397909145,0
2023-01-30,花菜类,42.68600000000001,406.0312999999999,1.267,9.51204844679754,0
2023-01-30,水生根茎类,52.38300000000001,397.5072000000001,4.0,7.588477177710327,0
2023-01-30,茄类,15.248,213.47200000000004,0.0,14.000000000000004,0
2023-01-30,辣椒类,153.832,1039.4451999999983,2.0,6.757015445420968,0
2023-01-30,食用菌,113.826,844.9527999999989,7.556,7.423196809164856,0
2023-01-31,花叶类,202.8360000000001,1262.7895999999998,13.0,6.225668027371863,1
2023-01-31,花菜类,37.502000000000024,358.2106,1.005,9.551773238760594,1
2023-01-31,水生根茎类,40.68299999999999,295.0536000000001,0.0,7.252503502691545,1
2023-01-31,茄类,13.519999999999996,189.28,0.0,14.000000000000004,1
2023-01-31,辣椒类,157.93400000000003,995.2483999999984,4.0,6.301672850684452,1
2023-01-31,食用菌,104.42600000000002,710.6555999999988,11.262,6.805351157757634,1
2023-02-01,花叶类,156.41999999999996,1026.3591999999999,6.0,6.561559902825726,2
2023-02-01,花菜类,33.306999999999995,317.3828,1.528,9.52901191941634,2
2023-02-01,水生根茎类,32.281000000000006,214.7728000000001,2.0,6.653226356060843,2
2023-02-01,茄类,12.688999999999998,177.64599999999996,0.0,13.999999999999998,2
2023-02-01,辣椒类,136.90899999999993,802.7759999999988,13.0,5.863573614590708,2
2023-02-01,食用菌,92.32100000000003,656.5017999999993,11.13,7.111077652971687,2
2023-02-02,花叶类,204.68800000000002,1144.1901999999993,19.0,5.589923200187599,3
2023-02-02,花菜类,41.74700000000003,404.36690000000004,0.371,9.686130739933402,3
2023-02-02,水生根茎类,32.252,236.20560000000006,0.0,7.323750465087437,3
2023-02-02,茄类,15.701000000000002,193.772,0.0,12.341379529966241,3
2023-02-02,辣椒类,142.663,930.3377999999989,12.484,6.521226947421537,3
2023-02-02,食用菌,125.85299999999997,855.0309999999987,14.665000000000001,6.79388651839844,3
2023-02-03,花叶类,189.28199999999998,1177.8683999999998,10.0,6.222823089358735,4
2023-02-03,花菜类,53.285000000000025,514.7936,0.502,9.661135403959834,4
2023-02-03,水生根茎类,54.96999999999999,338.7464000000002,1.0,6.162386756412594,4
2023-02-03,茄类,14.786,177.432,0.0,12.0,4
2023-02-03,辣椒类,187.65399999999988,1212.2276999999995,10.658,6.45990866168587,4
2023-02-03,食用菌,125.44099999999997,729.288999999999,24.57,5.813800910388143,4
2023-02-04,花叶类,252.72500000000014,1719.3176000000021,8.0,6.80311643090316,5
2023-02-04,花菜类,39.93000000000003,402.76080000000013,1.032,10.086671675432003,5
2023-02-04,水生根茎类,85.60499999999999,543.6184000000003,5.0,6.3503113135915,5
2023-02-04,茄类,20.697999999999997,248.37599999999995,0.0,12.0,5
2023-02-04,辣椒类,232.87099999999992,1562.6495999999984,11.084000000000001,6.710365824855817,5
2023-02-04,食用菌,126.55000000000001,762.7549999999986,0.0,6.027301461872766,5
2023-02-05,花叶类,281.35099999999994,1788.4028000000012,9.0,6.356482827500175,6
2023-02-05,花菜类,39.59,391.18040000000013,2.23,9.880788077797426,6
2023-02-05,水生根茎类,83.513,483.5875999999998,4.0,5.790566738112626,6
2023-02-05,茄类,15.280999999999999,183.37199999999999,0.0,12.0,6
2023-02-05,辣椒类,140.19899999999996,1154.9583999999984,7.0,8.237993138324802,6
2023-02-05,食用菌,112.77700000000006,972.5325999999986,0.0,8.623501245821384,6
2023-02-06,花叶类,179.66200000000003,912.0411999999998,11.62,5.076427959167768,0
2023-02-06,花菜类,34.646,350.61880000000014,1.236,10.12003694510189,0
2023-02-06,水生根茎类,11.684,69.692,3.1109999999999998,5.96473810338925,0
2023-02-06,茄类,12.376999999999997,148.52400000000003,0.0,12.000000000000005,0
2023-02-06,辣椒类,91.36299999999996,550.9553999999994,10.0,6.030399614723681,0
2023-02-06,食用菌,79.47599999999998,616.9756999999994,11.940999999999999,7.763044189440832,0
2023-02-07,花叶类,154.54299999999995,784.7645999999996,11.203,5.077969238334961,1
2023-02-07,花菜类,33.83000000000001,372.68420000000003,3.8379999999999996,11.016381909547736,1
2023-02-07,水生根茎类,25.653,150.2208,3.254,5.855876505671851,1
2023-02-07,茄类,12.441000000000004,149.29200000000003,0.0,11.999999999999998,1
2023-02-07,辣椒类,99.93699999999997,643.4481999999998,6.994999999999999,6.438538279115843,1
2023-02-07,食用菌,63.807,471.55099999999976,11.95,7.390270659958935,1
2023-02-08,花叶类,161.29700000000008,903.4743999999994,19.721,5.601309385791422,2
2023-02-08,花菜类,35.924,389.99920000000003,4.64,10.856229818505735,2
2023-02-08,水生根茎类,39.34700000000001,240.49559999999997,1.671,6.112171194754363,2
2023-02-08,茄类,8.429000000000002,101.14800000000002,0.0,12.0,2
2023-02-08,辣椒类,93.97499999999997,579.2969999999993,8.0,6.164373503591376,2
2023-02-08,食用菌,75.372,481.16219999999976,21.394,6.38383219232606,2
2023-02-09,花叶类,203.64499999999995,1068.3907999999992,25.0,5.246339463281688,3
2023-02-09,花菜类,30.833000000000002,319.5675,7.166999999999999,10.36446339960432,3
2023-02-09,水生根茎类,42.757000000000005,286.5624000000001,3.8560000000000003,6.702116612484507,3
2023-02-09,茄类,13.361999999999998,160.34400000000002,0.0,12.000000000000004,3
2023-02-09,辣椒类,138.1299999999999,864.0663999999992,6.432,6.255457901976397,3
2023-02-09,食用菌,88.66999999999997,606.5441999999994,21.804000000000002,6.840466899740606,3
2023-02-10,花叶类,175.84699999999998,960.4127999999992,9.0,5.4616388110118415,4
2023-02-10,花菜类,31.996,358.92609999999996,2.741,11.217842855356919,4
2023-02-10,水生根茎类,49.25700000000001,335.39399999999995,4.311000000000001,6.809062671295448,4
2023-02-10,茄类,12.794,153.52800000000002,0.0,12.000000000000002,4
2023-02-10,辣椒类,125.46799999999998,785.333399999999,10.531999999999998,6.259232633021958,4
2023-02-10,食用菌,103.70000000000003,770.8557999999994,12.471,7.433517839922846,4
2023-02-11,花叶类,243.908,1427.4924000000012,3.0,5.8525854010528615,5
2023-02-11,花菜类,53.41700000000001,534.17,0.0,9.999999999999998,5
2023-02-11,水生根茎类,77.14900000000002,482.5978000000002,4.988,6.255399292278579,5
2023-02-11,茄类,16.919,176.41599999999997,0.0,10.427093799869967,5
2023-02-11,辣椒类,164.89999999999995,1042.9867999999979,0.0,6.324965433596108,5
2023-02-11,食用菌,143.53099999999998,1021.1109999999987,17.510000000000005,7.1142192279019785,5
2023-02-12,花叶类,309.30699999999996,1602.299400000001,2.0,5.180288192637093,6
2023-02-12,花菜类,48.80900000000001,482.39000000000027,1.4249999999999998,9.88321825892766,6
2023-02-12,水生根茎类,74.08699999999999,422.05000000000024,2.3489999999999998,5.696680929177862,6
2023-02-12,茄类,28.032000000000014,286.4780000000002,0.0,10.219677511415526,6
2023-02-12,辣椒类,158.806,1143.2599999999998,5.0,7.1990982708461875,6
2023-02-12,食用菌,109.17900000000004,793.2569999999987,4.0,7.265655483197303,6
2023-02-13,花叶类,226.18900000000002,1089.2859999999994,13.0,4.8158221664183465,0
2023-02-13,花菜类,33.60100000000001,322.3692000000002,0.0,9.594035891788938,0
2023-02-13,水生根茎类,30.456000000000003,260.6152000000001,1.3639999999999999,8.557105332282639,0
2023-02-13,茄类,14.142999999999999,143.55400000000003,0.0,10.150180301209081,0
2023-02-13,辣椒类,107.05599999999998,650.2089999999987,3.0,6.073540950530552,0
2023-02-13,食用菌,103.14699999999998,714.7213999999996,16.448,6.929153538154282,0
2023-02-14,花叶类,160.28500000000003,806.7141999999992,7.2509999999999994,5.032998721028163,1
2023-02-14,花菜类,37.56000000000001,351.0847999999999,1.6070000000000002,9.347305644302445,1
2023-02-14,水生根茎类,39.561,237.60000000000002,2.0,6.005914916205354,1
2023-02-14,茄类,14.300999999999997,149.062,0.0,10.423187189707017,1
2023-02-14,辣椒类,108.67200000000003,632.6417999999992,0.0,5.821571333922253,1
2023-02-14,食用菌,75.06900000000002,530.2419999999998,17.0,7.063395009924199,1
2023-02-15,花叶类,184.47499999999997,902.4195999999987,20.645,4.891825992681929,2
2023-02-15,花菜类,31.355,286.94919999999996,2.6399999999999997,9.151624940200923,2
2023-02-15,水生根茎类,41.20900000000001,221.06000000000006,2.37,5.36436215389842,2
2023-02-15,茄类,6.735,75.49799999999999,0.0,11.2097995545657,2
2023-02-15,辣椒类,105.64700000000002,627.5457999999992,0.0,5.9400247995683655,2
2023-02-15,食用菌,72.32500000000002,546.0439999999995,5.0,7.54986519184237,2
2023-02-16,花叶类,155.35100000000003,772.8697999999995,10.616,4.974990827223509,3
2023-02-16,花菜类,34.159000000000006,315.60919999999993,1.657,9.239415673760938,3
2023-02-16,水生根茎类,32.783,226.03280000000004,4.0,6.894817435866151,3
2023-02-16,茄类,7.394000000000001,87.92399999999999,0.0,11.891263186367322,3
2023-02-16,辣椒类,105.95,619.7961999999991,9.232,5.849893345917877,3
2023-02-16,食用菌,74.701,527.0583999999996,17.548000000000002,7.055573553232214,3
2023-02-17,花叶类,160.60900000000004,858.3024,25.0,5.34404921268422,4
2023-02-17,花菜类,38.593999999999994,359.78960000000006,1.436,9.322423174586726,4
2023-02-17,水生根茎类,28.471000000000004,190.9744,7.0,6.707681500474166,4
2023-02-17,茄类,8.283,100.256,0.0,12.103827115779307,4
2023-02-17,辣椒类,136.319,746.0599999999985,14.408,5.472898128654102,4
2023-02-17,食用菌,104.87599999999999,608.1615999999995,22.332,5.798863419657495,4
2023-02-18,花叶类,285.81499999999994,1782.7636000000014,3.0,6.2374738904536216,5
2023-02-18,花菜类,48.48800000000001,445.80959999999993,2.54,9.1942253753506,5
2023-02-18,水生根茎类,65.74500000000003,425.9464,8.0,6.478764925089357,5
2023-02-18,茄类,21.074,252.88799999999998,0.0,11.999999999999998,5
2023-02-18,辣椒类,181.09500000000006,1069.3937999999982,5.0,5.905153648637444,5
2023-02-18,食用菌,134.31700000000004,1023.2059999999988,15.0,7.617844353283639,5
2023-02-19,花叶类,230.40399999999994,1225.1447999999996,49.0,5.317376434436902,6
2023-02-19,花菜类,45.80500000000002,385.04439999999994,10.746,8.406165265800672,6
2023-02-19,水生根茎类,48.268,332.63680000000005,2.0,6.891456037126047,6
2023-02-19,茄类,17.566999999999997,212.15199999999996,0.0,12.07673478681619,6
2023-02-19,辣椒类,162.06599999999997,956.334199999998,4.273,5.900893463156974,6
2023-02-19,食用菌,105.09700000000002,776.879799999999,13.056000000000001,7.392026413694005,6
2023-02-20,花叶类,138.164,655.4039999999999,31.0,4.743666946527315,0
2023-02-20,花菜类,29.446999999999992,250.55719999999988,5.904000000000001,8.508751315923522,0
2023-02-20,水生根茎类,24.15,156.9848,3.0,6.50040579710145,0
2023-02-20,茄类,7.391,91.78600000000002,0.0,12.418617237180356,0
2023-02-20,辣椒类,61.626999999999995,450.3899999999999,15.059999999999997,7.30832265078618,0
2023-02-20,食用菌,64.77600000000001,404.6333999999999,22.898,6.246656168951461,0
2023-02-21,花叶类,150.15400000000002,763.9845999999998,26.107,5.088006979501043,1
2023-02-21,花菜类,29.46600000000001,253.49499999999995,0.742,8.602966130455435,1
2023-02-21,水生根茎类,24.144,161.42800000000005,3.0,6.686050364479791,1
2023-02-21,茄类,12.593000000000002,151.11599999999999,0.0,11.999999999999996,1
2023-02-21,辣椒类,101.221,655.9039999999989,11.616000000000001,6.479920174667301,1
2023-02-21,食用菌,55.615,394.93999999999977,13.0,7.101321585903079,1
2023-02-22,花叶类,138.874,722.1777999999997,30.0,5.200237625473449,2
2023-02-22,花菜类,29.540000000000013,239.25719999999995,4.8839999999999995,8.099431279620848,2
2023-02-22,水生根茎类,31.124,202.99240000000003,3.0,6.522053720601466,2
2023-02-22,茄类,9.991000000000001,119.89199999999997,0.0,11.999999999999995,2
2023-02-22,辣椒类,82.29300000000002,618.3119999999999,11.585999999999999,7.51354307170719,2
2023-02-22,食用菌,74.47399999999998,457.1503999999997,16.208,6.13838923651207,2
2023-02-23,花叶类,154.46700000000004,781.4975999999999,28.0,5.059317524131366,3
2023-02-23,花菜类,33.28399999999999,250.2246,7.382000000000001,7.51786443937027,3
2023-02-23,水生根茎类,22.517,127.3514,3.818,5.655788959452858,3
2023-02-23,茄类,11.309999999999999,139.08999999999997,0.0,12.297966401414676,3
2023-02-23,辣椒类,104.04800000000003,658.6237999999992,12.482999999999999,6.329999615562039,3
2023-02-23,食用菌,77.90599999999998,494.1821999999997,23.004,6.343313737067746,3
2023-02-24,花叶类,134.95600000000005,704.1179999999994,15.0,5.217389371350656,4
2023-02-24,花菜类,31.169999999999998,267.22919999999993,2.199,8.573282001924927,4
2023-02-24,水生根茎类,35.391,209.10160000000005,6.0,5.908326975784806,4
2023-02-24,茄类,11.328000000000001,151.48200000000003,0.0,13.372351694915256,4
2023-02-24,辣椒类,134.18300000000005,864.0633999999983,10.69,6.439440167532385,4
2023-02-24,食用菌,83.78499999999998,615.6347999999996,14.350999999999999,7.347792564301483,4
2023-02-25,花叶类,219.4699999999999,1136.850200000002,39.0,5.179979951701838,5
2023-02-25,花菜类,44.99400000000003,381.94279999999986,2.84,8.488749611059244,5
2023-02-25,水生根茎类,41.824,263.33599999999996,5.0,6.29628921193573,5
2023-02-25,茄类,10.979,146.84799999999998,0.0,13.375352946534292,5
2023-02-25,辣椒类,170.60500000000002,1135.4307999999992,14.484,6.65531959790158,5
2023-02-25,食用菌,115.86699999999999,828.038399999999,14.188,7.14645585024208,5
2023-02-26,花叶类,243.01000000000005,1119.8628,47.0,4.608299246944569,6
2023-02-26,花菜类,47.39600000000002,399.6971999999999,4.7989999999999995,8.43314203730272,6
2023-02-26,水生根茎类,34.64,208.27200000000002,0.0,6.012471131639724,6
2023-02-26,茄类,14.040999999999999,187.376,0.0,13.344918453101632,6
2023-02-26,辣椒类,149.73799999999994,1029.0993999999978,27.214,6.872666924895472,6
2023-02-26,食用菌,92.62799999999997,565.7201999999993,15.444,6.107442673921486,6
2023-02-27,花叶类,136.92600000000004,716.2075999999997,8.0,5.230617998042734,0
2023-02-27,花菜类,13.220999999999998,121.6332,0.0,9.200000000000001,0
2023-02-27,水生根茎类,13.331000000000001,102.85889999999999,1.295,7.715767759357886,0
2023-02-27,茄类,8.845999999999998,122.38999999999999,0.0,13.835631924033462,0
2023-02-27,辣椒类,88.88399999999999,630.2369999999994,11.326,7.090556230592677,0
2023-02-27,食用菌,65.00599999999999,484.6717999999999,13.656000000000002,7.45580100298434,0
2023-02-28,花叶类,115.968,595.5287999999991,8.0,5.135285596026482,1
2023-02-28,花菜类,27.118,232.05520000000007,0.302,8.557238734419945,1
2023-02-28,水生根茎类,21.011,147.94360000000003,0.0,7.041245062110325,1
2023-02-28,茄类,7.007000000000001,95.17199999999998,0.0,13.582417582417579,1
2023-02-28,辣椒类,96.70599999999999,640.214899999999,7.61,6.62021901433209,1
2023-02-28,食用菌,61.48200000000001,467.2549999999998,14.205,7.599866627630846,1
2023-03-01,花叶类,139.12499999999997,646.8801999999998,22.0,4.649633063791554,2
2023-03-01,花菜类,23.979999999999993,201.8208,2.236,8.416213511259384,2
2023-03-01,水生根茎类,15.748000000000001,103.2176,1.0,6.554330708661417,2
2023-03-01,茄类,9.504,127.97400000000002,0.0,13.46527777777778,2
2023-03-01,辣椒类,105.90599999999999,692.609299999999,13.291,6.539849489169632,2
2023-03-01,食用菌,73.717,451.17499999999984,20.979999999999997,6.120365722967563,2
2023-03-02,花叶类,131.001,596.376399999999,36.0,4.552456851474409,3
2023-03-02,花菜类,28.182000000000002,229.3188,5.115,8.137066212476048,3
2023-03-02,水生根茎类,21.735000000000003,125.45079999999999,2.0,5.771833448355186,3
2023-03-02,茄类,7.5680000000000005,101.83800000000001,0.0,13.45639534883721,3
2023-03-02,辣椒类,114.10299999999997,691.081399999999,27.188000000000002,6.056645311692061,3
2023-03-02,食用菌,62.87,420.97319999999985,18.509,6.695931286782247,3
2023-03-03,花叶类,152.142,653.4209999999997,34.0,4.294810111606261,4
2023-03-03,花菜类,34.91499999999999,296.80899999999986,5.513999999999999,8.500902191035369,4
2023-03-03,水生根茎类,29.054000000000002,202.7784,0.0,6.979362566255937,4
2023-03-03,茄类,13.904,191.19400000000002,0.0,13.751006904487918,4
2023-03-03,辣椒类,128.81799999999998,806.4021999999987,27.884999999999998,6.260011799593215,4
2023-03-03,食用菌,90.38600000000001,571.3521999999997,23.679000000000002,6.3212466532427545,4
2023-03-04,花叶类,163.91800000000006,806.0903999999994,21.0,4.9176441879476265,5
2023-03-04,花菜类,33.769000000000005,300.7808,1.428,8.907009387307884,5
2023-03-04,水生根茎类,34.038000000000004,215.8544000000001,0.0,6.341571185146016,5
2023-03-04,茄类,12.626999999999999,174.53599999999997,0.0,13.822443969272193,5
2023-03-04,辣椒类,142.30099999999996,1150.7003999999997,10.507000000000001,8.086383089366906,5
2023-03-04,食用菌,105.25,766.8695999999989,23.189,7.286171971496426,5
2023-03-05,花叶类,178.49099999999999,905.503199999999,26.0,5.073102845521618,6
2023-03-05,花菜类,47.699000000000005,418.28199999999987,4.132,8.76919851569215,6
2023-03-05,水生根茎类,31.386,224.15200000000007,0.0,7.141782960555664,6
2023-03-05,茄类,15.741,189.76599999999996,0.0,12.055523791372845,6
2023-03-05,辣椒类,132.34399999999997,909.4033999999984,6.586,6.87151211992987,6
2023-03-05,食用菌,84.30700000000003,622.0671999999997,10.544,7.378594897220865,6
2023-03-06,花叶类,107.01799999999999,564.6829999999995,17.0,5.2765235754732815,0
2023-03-06,花菜类,23.166000000000007,193.05350000000004,4.542999999999999,8.333484416817749,0
2023-03-06,水生根茎类,18.410999999999998,171.57920000000007,2.644,9.319385150181962,0
2023-03-06,茄类,10.117,121.404,0.0,11.999999999999998,0
2023-03-06,辣椒类,96.609,623.4411999999993,7.257,6.453241416431174,0
2023-03-06,食用菌,54.97900000000001,385.49319999999994,9.643999999999998,7.01164444606122,0
2023-03-07,花叶类,125.44899999999996,656.1413999999994,19.043,5.230343805052249,1
2023-03-07,花菜类,31.210000000000008,262.6922,5.662,8.416924062800383,1
2023-03-07,水生根茎类,19.541999999999998,117.2768,0.0,6.001269061508546,1
2023-03-07,茄类,8.469,102.35800000000002,0.0,12.086196717440078,1
2023-03-07,辣椒类,100.43700000000001,612.6099999999991,5.897,6.099445423499298,1
2023-03-07,食用菌,71.95699999999997,435.3455999999998,24.552000000000003,6.0500799088344435,1
2023-03-08,花叶类,119.80700000000002,643.4079999999994,15.0,5.370370679509539,2
2023-03-08,花菜类,22.180000000000003,182.4823,4.4399999999999995,8.227335437330927,2
2023-03-08,水生根茎类,17.905999999999995,165.75400000000005,2.0,9.256897129453819,2
2023-03-08,茄类,9.433999999999997,116.27400000000003,0.0,12.324994700021206,2
2023-03-08,辣椒类,105.09200000000001,650.0383999999989,8.134,6.185422296654349,2
2023-03-08,食用菌,65.41000000000001,514.4907999999996,10.972,7.865629108698968,2
2023-03-09,花叶类,121.33600000000004,654.3489999999999,22.0,5.3928677391705655,3
2023-03-09,花菜类,22.244999999999994,192.24750000000003,2.455,8.64227916385705,3
2023-03-09,水生根茎类,22.284000000000002,193.6196,0.0,8.688727338000358,3
2023-03-09,茄类,7.7509999999999994,94.81600000000002,0.0,12.23274416204361,3
2023-03-09,辣椒类,105.856,572.2187999999995,26.004000000000005,5.405634068923817,3
2023-03-09,食用菌,44.888000000000005,306.0208,10.741,6.817430048119764,3
2023-03-10,花叶类,131.92699999999996,648.4095999999992,34.165,4.914912034685844,4
2023-03-10,花菜类,12.422999999999996,89.04069999999999,5.8229999999999995,7.167407228527732,4
2023-03-10,水生根茎类,21.612000000000002,199.67610000000002,1.565,9.239131038312049,4
2023-03-10,茄类,14.024000000000001,168.288,0.0,12.0,4
2023-03-10,辣椒类,150.25999999999996,873.9847999999984,20.79,5.8164834287235365,4
2023-03-10,食用菌,71.43300000000002,392.6698,2.52,5.497036383744207,4
2023-03-11,花叶类,222.76200000000006,1083.1218999999983,41.63099999999999,4.862238173476617,5
2023-03-11,花菜类,15.802000000000003,134.58720000000002,1.016,8.517099101379571,5
2023-03-11,水生根茎类,38.49,282.37500000000006,0.335,7.336321122369448,5
2023-03-11,茄类,20.211,243.46400000000006,0.0,12.04611350254812,5
2023-03-11,辣椒类,179.65699999999995,979.7095999999982,15.982,5.453222529598059,5
2023-03-11,食用菌,116.77399999999993,800.9231999999994,9.545,6.858745953722574,5
2023-03-12,花叶类,195.97099999999992,1100.2227999999982,9.0,5.614212306922957,6
2023-03-12,花菜类,19.535999999999994,148.20519999999993,5.388999999999999,7.58626126126126,6
2023-03-12,水生根茎类,33.31400000000001,245.41640000000007,0.0,7.366764723539654,6
2023-03-12,茄类,18.27,222.062,0.0,12.154460864805694,6
2023-03-12,辣椒类,157.361,1132.8703999999993,2.95,7.199181499863368,6
2023-03-12,食用菌,109.27199999999995,754.2053999999996,5.578,6.90209202723479,6
2023-03-13,花叶类,135.09399999999997,808.0491999999989,2.138,5.981384813537234,0
2023-03-13,花菜类,10.596,82.5348,3.0599999999999996,7.789241223103058,0
2023-03-13,水生根茎类,18.418,168.4948,1.0,9.148376588120318,0
2023-03-13,茄类,12.187999999999999,147.89000000000001,0.0,12.134066294716117,0
2023-03-13,辣椒类,93.96699999999997,645.8599999999993,1.0099999999999998,6.873264018219157,0
2023-03-13,食用菌,55.527,368.98119999999994,4.788,6.645077169665207,0
2023-03-14,花叶类,140.076,775.7156999999991,10.329,5.5378201833290435,1
2023-03-14,花菜类,9.075999999999999,75.3118,1.302,8.297906566769504,1
2023-03-14,水生根茎类,9.611999999999998,73.216,0.0,7.617145235122764,1
2023-03-14,茄类,11.758999999999999,141.882,0.0,12.065821923632964,1
2023-03-14,辣椒类,104.06700000000001,674.1787999999992,13.0,6.478314931726668,1
2023-03-14,食用菌,46.83499999999999,318.10240000000005,1.948,6.791980356570943,1
2023-03-15,花叶类,171.80900000000003,783.2143999999995,42.996,4.558634297388376,2
2023-03-15,花菜类,9.683,74.5004,3.0600000000000005,7.69393782918517,2
2023-03-15,水生根茎类,17.683,170.4624,1.3820000000000001,9.639902731436974,2
2023-03-15,茄类,8.036999999999999,97.332,0.0,12.11048898842852,2
2023-03-15,辣椒类,105.561,789.2111999999998,15.0,7.476352061841019,2
2023-03-15,食用菌,81.886,569.4751999999997,19.150000000000002,6.9544879466575455,2
2023-03-16,花叶类,190.911,941.0737999999989,27.0,4.9293848966272185,3
2023-03-16,花菜类,31.584,270.4886000000001,3.8470000000000004,8.564102077001015,3
2023-03-16,水生根茎类,25.921,218.99400000000003,1.658,8.44851664673431,3
2023-03-16,茄类,11.892000000000001,142.704,0.0,12.0,3
2023-03-16,辣椒类,102.21300000000002,770.1923999999997,8.489,7.535170673006364,3
2023-03-16,食用菌,89.875,550.5578,14.279,6.125816968011127,3
2023-03-17,花叶类,238.58000000000004,1216.5276000000001,37.0,5.0990342861933105,4
2023-03-17,花菜类,48.093000000000025,429.95890000000014,7.228,8.9401555319901,4
2023-03-17,水生根茎类,46.065,387.46440000000007,5.854,8.411253663301858,4
2023-03-17,茄类,16.576,199.71400000000003,0.0,12.048383204633206,4
2023-03-17,辣椒类,158.27999999999994,1160.759600000001,14.0,7.333583522870871,4
2023-03-17,食用菌,136.726,771.3921999999991,25.622,5.641883767535064,4
2023-03-18,花叶类,289.07500000000016,1625.233000000001,10.0,5.622184554181441,5
2023-03-18,花菜类,59.21699999999998,568.8215999999999,0.0,9.605714575206445,5
2023-03-18,水生根茎类,52.936,410.3300000000002,0.0,7.751435695934718,5
2023-03-18,茄类,29.56000000000001,358.1160000000001,0.0,12.1148849797023,5
2023-03-18,辣椒类,186.57999999999996,1352.2497999999998,10.0,7.247560295851646,5
2023-03-18,食用菌,147.687,967.3796999999993,3.7750000000000004,6.5502021166385616,5
2023-03-19,花叶类,247.3660000000001,1169.234800000001,8.0,4.7267401340523785,6
2023-03-19,花菜类,49.39899999999998,478.34439999999995,0.0,9.683281038077697,6
2023-03-19,水生根茎类,41.768,349.7940000000001,0.0,8.374688756943117,6
2023-03-19,茄类,26.328,317.498,0.0,12.059328471589183,6
2023-03-19,辣椒类,173.3389999999999,1222.8512000000005,7.147,7.054680135457117,6
2023-03-19,食用菌,125.11899999999997,980.942899999999,7.625,7.840079444368954,6
2023-03-20,花叶类,195.663,915.4563999999982,17.623,4.678740487470795,0
2023-03-20,花菜类,37.56599999999999,341.82710000000003,4.806,9.099374434328919,0
2023-03-20,水生根茎类,22.99,253.93000000000012,0.48,11.045237059591132,0
2023-03-20,茄类,9.431000000000001,114.07399999999998,0.0,12.095642031597919,0
2023-03-20,辣椒类,119.28599999999997,868.7902000000005,9.282,7.283253692805532,0
2023-03-20,食用菌,74.01100000000002,577.7082,3.193,7.805707259731659,0
2023-03-21,花叶类,193.12399999999997,873.673599999998,34.178,4.523899670677897,1
2023-03-21,花菜类,35.803,323.4611999999999,3.071,9.034471971622487,1
2023-03-21,水生根茎类,12.097999999999999,150.77,0.0,12.462390477764922,1
2023-03-21,茄类,10.701999999999998,118.32219999999998,0.0,11.056082975144832,1
2023-03-21,辣椒类,114.70000000000002,797.2142000000002,12.914,6.9504289450741075,1
2023-03-21,食用菌,80.88300000000001,601.1272000000004,11.095999999999998,7.432058652621691,1
2023-03-22,花叶类,170.72300000000007,744.1031999999997,46.625,4.35854102844959,2
2023-03-22,花菜类,27.367999999999995,277.34740000000005,1.8960000000000001,10.134003215434086,2
2023-03-22,水生根茎类,17.709,174.8676,0.372,9.874504489242758,2
2023-03-22,茄类,12.133000000000003,129.6864,0.0,10.688733206956233,2
2023-03-22,辣椒类,125.08700000000002,829.2202999999996,10.474,6.629148512635202,2
2023-03-22,食用菌,89.19100000000003,601.9091999999999,14.834,6.748541893240346,2
2023-03-23,花叶类,179.64800000000002,850.4425999999991,40.375,4.733938591022438,3
2023-03-23,花菜类,29.488000000000003,310.89910000000003,4.061999999999999,10.543241318502442,3
2023-03-23,水生根茎类,25.454999999999995,229.62120000000004,0.496,9.02067177371833,3
2023-03-23,茄类,10.903,118.24019999999997,0.0,10.844739979822064,3
2023-03-23,辣椒类,108.06700000000005,674.7665999999996,32.0,6.2439653178120915,3
2023-03-23,食用菌,70.78500000000001,481.24060000000003,9.436,6.7986240022603655,3
2023-03-24,花叶类,202.72,954.9207999999987,73.30600000000001,4.7105406471980995,4
2023-03-24,花菜类,33.300999999999995,336.9051000000001,8.103000000000002,10.116966457463745,4
2023-03-24,水生根茎类,22.479000000000003,246.07469999999995,0.723,10.94687041238489,4
2023-03-24,茄类,18.402000000000005,194.04600000000005,0.0,10.544832083469188,4
2023-03-24,辣椒类,153.26200000000003,1025.1013999999984,25.954000000000004,6.688555545405895,4
2023-03-24,食用菌,105.586,680.8917999999994,18.943,6.448693955638053,4
2023-03-25,花叶类,253.90299999999993,1374.2118000000028,48.815999999999995,5.412349598074868,5
2023-03-25,花菜类,28.458999999999996,300.94460000000004,3.9779999999999998,10.574672335640749,5
2023-03-25,水生根茎类,40.775999999999996,421.27060000000006,0.0,10.331337061016287,5
2023-03-25,茄类,22.364000000000008,234.50199999999998,0.0,10.485691289572523,5
2023-03-25,辣椒类,187.22099999999998,1255.7712000000004,21.357,6.707427051452564,5
2023-03-25,食用菌,112.197,773.2462999999995,13.187999999999999,6.891862527518556,5
2023-03-26,花叶类,264.04299999999995,1321.4752000000028,74.775,5.004772707475688,6
2023-03-26,花菜类,48.67500000000001,499.6972000000001,7.780999999999999,10.265992809450436,6
2023-03-26,水生根茎类,30.046999999999997,239.44420000000002,0.0,7.968988584550872,6
2023-03-26,茄类,20.143,210.77200000000002,0.0,10.463783944794718,6
2023-03-26,辣椒类,179.458,1182.3319999999992,30.0,6.588349363082165,6
2023-03-26,食用菌,120.22300000000006,778.5113999999993,13.521999999999998,6.475561248679528,6
2023-03-27,花叶类,149.36099999999996,853.3693999999994,36.091,5.713468710038093,0
2023-03-27,花菜类,20.459,219.7737,2.342,10.742152597878684,0
2023-03-27,水生根茎类,15.436000000000002,174.61890000000002,0.281,11.312444933920705,0
2023-03-27,茄类,12.216,129.188,0.0,10.575311067452521,0
2023-03-27,辣椒类,105.21100000000001,694.1375999999995,27.153,6.597576299056176,0
2023-03-27,食用菌,74.574,443.7746,16.248000000000005,5.950795183307855,0
2023-03-28,花叶类,145.97500000000002,663.2029999999997,48.459,4.54326425757835,1
2023-03-28,花菜类,18.519000000000002,190.7085,2.547,10.29799125222744,1
2023-03-28,水生根茎类,14.815999999999999,167.2837,1.5319999999999998,11.290746490280778,1
2023-03-28,茄类,15.485,148.32479999999998,0.0,9.57861155957378,1
2023-03-28,辣椒类,92.39399999999998,629.5911999999996,22.785999999999998,6.814200056280709,1
2023-03-28,食用菌,79.756,484.91760000000016,29.197000000000003,6.080014042830635,1
2023-03-29,花叶类,130.47500000000002,669.0892,34.0,5.128102701666985,2
2023-03-29,花菜类,26.460000000000004,281.6009,2.975,10.642513227513227,2
2023-03-29,水生根茎类,23.049000000000003,187.73180000000005,4.672,8.144899995661419,2
2023-03-29,茄类,8.567000000000002,76.46419999999998,0.0,8.92543480798412,2
2023-03-29,辣椒类,101.23699999999997,718.0231999999995,18.147,7.092497802186945,2
2023-03-29,食用菌,86.11199999999998,551.6065999999998,15.657,6.405687941285767,2
2023-03-30,花叶类,179.79500000000002,778.7427999999992,58.214,4.331281737534409,3
2023-03-30,花菜类,25.924999999999997,267.6058999999999,3.382,10.322310511089679,3
2023-03-30,水生根茎类,13.154000000000003,136.453,1.6119999999999999,10.373498555572446,3
2023-03-30,茄类,14.654000000000002,137.1094,0.0,9.356448751194211,3
2023-03-30,辣椒类,86.212,551.4023999999995,23.06800000000001,6.395889203359155,3
2023-03-30,食用菌,63.475999999999985,390.9564000000001,11.478000000000002,6.159121557754115,3
2023-03-31,花叶类,208.892,872.3010000000007,62.661,4.175846849089485,4
2023-03-31,花菜类,34.604,354.3944,7.093,10.241428736562249,4
2023-03-31,水生根茎类,22.161,286.65939999999995,2.238,12.935309778439597,4
2023-03-31,茄类,21.134000000000004,189.87479999999996,0.0,8.98432857007665,4
2023-03-31,辣椒类,138.20399999999992,850.9690000000002,26.248,6.157339874388589,4
2023-03-31,食用菌,104.74499999999999,618.2813999999997,10.783,5.902729485894313,4
2023-04-01,花叶类,208.3770000000001,964.6490000000005,31.235,4.6293448893112,5
2023-04-01,花菜类,35.078999999999986,376.3455999999999,1.636,10.72851563613558,5
2023-04-01,水生根茎类,26.836000000000002,237.25700000000006,0.0,8.840997167983307,5
2023-04-01,茄类,23.387999999999998,200.75599999999994,0.0,8.583718146057805,5
2023-04-01,辣椒类,154.88699999999997,909.6720000000006,22.517,5.873133316546907,5
2023-04-01,食用菌,101.32399999999998,674.1887999999993,7.32,6.653791796612841,5
2023-04-02,花叶类,185.98499999999993,990.3634000000002,17.151,5.32496384116999,6
2023-04-02,花菜类,39.36200000000001,422.0366000000003,1.7280000000000002,10.721929779990859,6
2023-04-02,水生根茎类,27.875999999999998,231.85480000000004,0.0,8.317362605825801,6
2023-04-02,茄类,20.487999999999992,182.94399999999993,0.0,8.929324482623976,6
2023-04-02,辣椒类,165.351,1014.9422000000001,14.072,6.138107419973269,6
2023-04-02,食用菌,109.44700000000005,670.4619999999994,14.057000000000002,6.125905689511811,6
2023-04-03,花叶类,170.82099999999997,904.2343999999993,17.672,5.29346157673822,0
2023-04-03,花菜类,16.457,176.83449999999996,0.735,10.745245184420002,0
2023-04-03,水生根茎类,29.721000000000004,351.32860000000005,2.067,11.820887587900812,0
2023-04-03,茄类,19.201000000000004,163.75600000000003,0.0,8.528514139888546,0
2023-04-03,辣椒类,114.40999999999997,621.8568000000002,19.783,5.43533607202168,0
2023-04-03,食用菌,93.45899999999999,554.6453999999999,22.064999999999998,5.934638718582479,0
2023-04-04,花叶类,169.641,851.2049999999994,14.0,5.017684404123999,1
2023-04-04,花菜类,20.022,211.92879999999997,1.877,10.584796723604034,1
2023-04-04,水生根茎类,14.976999999999997,124.54660000000001,0.0,8.315857648394207,1
2023-04-04,茄类,20.161999999999995,174.99599999999998,0.0,8.679496081737923,1
2023-04-04,辣椒类,121.55199999999999,675.9494,20.0,5.560989535342898,1
2023-04-04,食用菌,90.50699999999999,599.5222,9.486,6.624042339266577,1
2023-04-05,花叶类,217.271,1005.0601999999992,14.0,4.625836858117279,2
2023-04-05,花菜类,45.41700000000001,468.6688999999999,9.823999999999998,10.31923949182024,2
2023-04-05,水生根茎类,24.199,181.184,0.0,7.487251539319806,2
2023-04-05,茄类,22.225000000000005,191.004,0.0,8.5941057367829,2
2023-04-05,辣椒类,139.304,800.5731999999994,9.0,5.746950554183651,2
2023-04-05,食用菌,115.412,696.6859999999994,13.471,6.036512667660203,2
2023-04-06,花叶类,136.40299999999996,633.1123999999998,14.0,4.641484424829366,3
2023-04-06,花菜类,23.049999999999997,284.2375999999999,1.097,12.331349240780908,3
2023-04-06,水生根茎类,9.889000000000001,141.0192,0.0,14.260208312266155,3
2023-04-06,茄类,12.387000000000002,104.60200000000002,0.0,8.444498264309356,3
2023-04-06,辣椒类,109.473,653.6626000000001,22.0,5.9709937610187,3
2023-04-06,食用菌,73.00399999999999,460.1498000000001,21.502000000000002,6.303076543751029,3
2023-04-07,花叶类,131.267,541.1457999999993,34.0,4.122481659518381,4
2023-04-07,花菜类,31.899,377.83500000000004,3.2030000000000003,11.844728674880091,4
2023-04-07,水生根茎类,16.629,194.4876,0.0,11.695688255457332,4
2023-04-07,茄类,9.746,80.512,0.0,8.261030166222039,4
2023-04-07,辣椒类,97.64499999999997,572.8381999999998,23.0,5.8665389932920275,4
2023-04-07,食用菌,88.02499999999999,543.142,22.348000000000003,6.17031525134905,4
2023-04-08,花叶类,183.92600000000002,864.623399999999,28.502000000000002,4.700930809129753,5
2023-04-08,花菜类,35.691000000000024,408.7952,3.446,11.45373343419909,5
2023-04-08,水生根茎类,20.729999999999997,202.1526,0.372,9.751693198263387,5
2023-04-08,茄类,19.815000000000005,166.73200000000006,0.0,8.414433509967198,5
2023-04-08,辣椒类,137.91999999999996,788.4429999999999,23.0,5.716669083526683,5
2023-04-08,食用菌,128.85500000000002,803.4251999999989,29.415,6.235110783438739,5
2023-04-09,花叶类,197.61600000000007,856.8701999999995,26.0,4.33603655574447,6
2023-04-09,花菜类,30.535999999999984,321.2385,3.14,10.519992795389054,6
2023-04-09,水生根茎类,30.084000000000003,349.5368000000001,0.0,11.61869432256349,6
2023-04-09,茄类,15.846,144.424,0.0,9.114224409945727,6
2023-04-09,辣椒类,136.063,851.2884000000006,33.242999999999995,6.256575262929677,6
2023-04-09,食用菌,83.90800000000002,526.8011999999999,20.823999999999998,6.27831911140773,6
2023-04-10,花叶类,123.41099999999999,508.0787999999997,20.0,4.116965262415828,0
2023-04-10,花菜类,18.365000000000002,185.76649999999998,0.7849999999999999,10.115246392594607,0
2023-04-10,水生根茎类,17.868,191.16320000000002,0.0,10.6986344302664,0
2023-04-10,茄类,12.818,116.624,0.0,9.098455297238258,0
2023-04-10,辣椒类,73.788,445.88899999999984,24.0,6.0428389440017325,0
2023-04-10,食用菌,51.772999999999996,304.2354000000002,23.0,5.876333223881177,0
2023-04-11,花叶类,158.881,632.6655999999998,59.20600000000001,3.9820091766794006,1
2023-04-11,花菜类,15.787999999999995,155.8901,2.125,9.873961236382065,1
2023-04-11,水生根茎类,7.577,67.3862,1.0,8.89351986274251,1
2023-04-11,茄类,13.366000000000003,111.54000000000002,0.0,8.345054616190334,1
2023-04-11,辣椒类,85.56300000000002,554.8013999999998,19.0,6.484127485011041,1
2023-04-11,食用菌,62.405,366.02969999999993,12.135,5.865390593702426,1
2023-04-12,花叶类,118.18000000000004,530.7209999999997,20.672,4.490785242849886,2
2023-04-12,花菜类,17.264999999999997,172.95559999999998,0.876,10.017700550246163,2
2023-04-12,水生根茎类,19.088,196.64900000000006,0.0,10.302231768650463,2
2023-04-12,茄类,8.998,79.33999999999999,0.0,8.817515003334075,2
2023-04-12,辣椒类,84.98899999999999,527.99,17.0,6.212451023073575,2
2023-04-12,食用菌,63.48,345.8908000000002,21.32,5.448815374921238,2
2023-04-13,花叶类,92.25100000000002,482.1885999999999,10.431000000000001,5.22692003338717,3
2023-04-13,花菜类,19.775000000000002,198.01550000000003,2.9920000000000004,10.013426042983566,3
2023-04-13,水生根茎类,15.052000000000001,141.9922,0.0,9.433444060589954,3
2023-04-13,茄类,9.198,83.38059999999997,0.0,9.065079365079361,3
2023-04-13,辣椒类,76.901,521.4986,9.216000000000001,6.781428069856049,3
2023-04-13,食用菌,51.532000000000004,342.8034000000001,24.201,6.652243266319958,3
2023-04-14,花叶类,131.72900000000004,513.8881999999998,38.641999999999996,3.901101503845012,4
2023-04-14,花菜类,18.182999999999996,198.6295,2.839,10.923912445691032,4
2023-04-14,水生根茎类,26.338000000000005,289.3534000000001,0.0,10.986156883590251,4
2023-04-14,茄类,19.024999999999995,164.11360000000005,0.792,8.626207621550597,4
2023-04-14,辣椒类,89.82199999999999,608.9578,23.171,6.7796063325243265,4
2023-04-14,食用菌,83.02299999999995,419.85080000000016,33.873999999999995,5.05704202449924,4
2023-04-15,花叶类,208.16899999999995,878.7443999999987,20.378,4.221302883714669,5
2023-04-15,花菜类,20.852,227.96399999999997,0.0,10.932476501055053,5
2023-04-15,水生根茎类,28.049000000000007,282.8064,1.0,10.08258404934222,5
2023-04-15,茄类,16.674,153.07899999999998,0.0,9.180700491783615,5
2023-04-15,辣椒类,138.98500000000004,869.6060000000004,14.0,6.256833471237905,5
2023-04-15,食用菌,106.142,615.7619999999998,34.524,5.8013039136251425,5
2023-04-16,花叶类,204.874,935.1981999999991,29.659,4.564748089069375,6
2023-04-16,花菜类,23.471999999999994,243.26399999999995,0.0,10.3640081799591,6
2023-04-16,水生根茎类,16.458000000000002,192.38280000000003,0.0,11.689318264673716,6
2023-04-16,茄类,20.901999999999994,189.94099999999995,0.0,9.087216534302938,6
2023-04-16,辣椒类,133.27399999999997,888.8754,16.0,6.669533442381861,6
2023-04-16,食用菌,85.94899999999998,493.69339999999994,21.232,5.744027271986877,6
2023-04-17,花叶类,106.88399999999999,437.6244,17.0,4.0943864376333226,0
2023-04-17,花菜类,14.474999999999998,155.816,0.9550000000000001,10.764490500863559,0
2023-04-17,水生根茎类,7.066,89.6074,0.753,12.681488819699972,0
2023-04-17,茄类,9.189999999999998,81.88400000000001,0.0,8.910119695321004,0
2023-04-17,辣椒类,68.45599999999999,490.2657999999999,6.0,7.161765221456117,0
2023-04-17,食用菌,39.14500000000001,260.33860000000004,2.0,6.650622046238344,0
2023-04-18,花叶类,182.60699999999997,722.3487999999991,30.847,3.9557563510708746,1
2023-04-18,花菜类,16.779,178.78399999999996,0.0,10.655223791644316,1
2023-04-18,水生根茎类,15.097000000000001,139.608,0.0,9.247400145724315,1
2023-04-18,茄类,16.151999999999997,135.03199999999998,0.0,8.360079247152056,1
2023-04-18,辣椒类,78.48600000000002,575.4948000000002,14.258,7.332451647427567,1
2023-04-18,食用菌,66.338,384.99260000000015,10.841000000000001,5.803500256263382,1
2023-04-19,花叶类,156.55300000000003,641.0213999999994,29.581999999999997,4.094596718044364,2
2023-04-19,花菜类,19.103,206.37200000000007,0.0,10.803119928806996,2
2023-04-19,水生根茎类,12.216000000000001,123.2812,0.0,10.091781270464963,2
2023-04-19,茄类,13.945000000000004,123.93200000000002,0.0,8.887199713158838,2
2023-04-19,辣椒类,76.65100000000001,514.4062,7.715,6.711017468787099,2
2023-04-19,食用菌,58.407000000000004,321.5311000000002,17.779,5.5050096734980425,2
2023-04-20,花叶类,122.08699999999995,540.9513999999997,18.612000000000002,4.43086815140023,3
2023-04-20,花菜类,19.807000000000006,197.78,2.664,9.985358711566615,3
2023-04-20,水生根茎类,12.171000000000001,132.9264,0.0,10.921567660833126,3
2023-04-20,茄类,10.307000000000002,86.816,0.0,8.4230134859804,3
2023-04-20,辣椒类,70.38400000000001,420.61660000000023,15.354,5.9760258013184835,3
2023-04-20,食用菌,55.91900000000001,342.255,24.239,6.120549366047317,3
2023-04-21,花叶类,215.68399999999997,912.5601999999988,23.132999999999996,4.23100554514938,4
2023-04-21,花菜类,26.17000000000001,271.5984,0.8800000000000001,10.378234619793654,4
2023-04-21,水生根茎类,28.933999999999997,254.14839999999998,3.114,8.783728485518767,4
2023-04-21,茄类,30.95,255.63199999999995,0.0,8.259515347334409,4
2023-04-21,辣椒类,125.533,737.4068,28.090000000000003,5.874206782280356,4
2023-04-21,食用菌,89.49199999999998,460.95559999999995,20.965,5.150802306351406,4
2023-04-22,花叶类,330.8499999999995,1502.8517999999985,28.476000000000003,4.5423962520779835,5
2023-04-22,花菜类,40.02599999999998,409.31039999999985,1.9469999999999998,10.226113026532754,5
2023-04-22,水生根茎类,27.103000000000005,223.0366,1.706,8.229221857358962,5
2023-04-22,茄类,39.65100000000002,326.3040000000001,0.0,8.22940152833472,5
2023-04-22,辣椒类,185.58900000000003,1211.1192000000003,11.0,6.525813491101305,5
2023-04-22,食用菌,158.35999999999999,851.9347999999994,25.0,5.3797347815104795,5
2023-04-23,花叶类,279.352,1107.6841999999995,35.866,3.965191586242445,6
2023-04-23,花菜类,22.853,260.3618000000001,1.0899999999999999,11.3928937119853,6
2023-04-23,水生根茎类,10.290999999999999,109.71280000000003,0.0,10.661043630356627,6
2023-04-23,茄类,21.876,166.11400000000003,0.0,7.5934357286524055,6
2023-04-23,辣椒类,154.222,997.8494000000003,6.0,6.470214366303123,6
2023-04-23,食用菌,81.71499999999999,409.0829999999999,10.0,5.0062167288747474,6
2023-04-24,花叶类,188.22199999999992,775.385799999999,19.392,4.11952800416529,0
2023-04-24,花菜类,17.855999999999998,180.26690000000002,1.0330000000000001,10.09559251792115,0
2023-04-24,水生根茎类,13.28,111.2124,0.763,8.374427710843374,0
2023-04-24,茄类,25.565000000000005,175.72400000000005,0.0,6.873616272247213,0
2023-04-24,辣椒类,73.39500000000002,512.2543000000001,2.833,6.979416854009127,0
2023-04-24,食用菌,60.294,387.5364,4.0,6.427445516966863,0
2023-04-25,花叶类,163.70399999999998,665.7329999999992,17.696999999999996,4.06668743585984,1
2023-04-25,花菜类,15.889999999999999,158.16,0.0,9.953429830081813,1
2023-04-25,水生根茎类,9.992999999999999,80.58440000000002,0.6719999999999999,8.064084859401584,1
2023-04-25,茄类,19.299999999999997,117.91200000000003,0.0,6.109430051813474,1
2023-04-25,辣椒类,70.19200000000001,441.5806,1.29,6.2910388648279,1
2023-04-25,食用菌,68.88199999999999,343.6434000000001,18.473,4.988870822566129,1
2023-04-26,花叶类,148.38999999999996,617.9541999999996,21.932,4.164392479277578,2
2023-04-26,花菜类,21.236000000000004,203.6784,0.0,9.59118478056131,2
2023-04-26,水生根茎类,4.702000000000001,84.0492,0.0,17.875202041684386,2
2023-04-26,茄类,18.526000000000003,111.156,0.0,5.999999999999999,2
2023-04-26,辣椒类,47.26299999999999,276.2925000000001,2.6410000000000005,5.84585193491738,2
2023-04-26,食用菌,45.674,241.76460000000006,4.0,5.293265315058897,2
2023-04-27,花叶类,141.66699999999997,560.2051999999996,35.995999999999995,3.954380342634486,3
2023-04-27,花菜类,14.239999999999998,145.2768,0.0,10.202022471910114,3
2023-04-27,水生根茎类,11.674999999999999,163.78519999999997,1.332,14.028710920770877,3
2023-04-27,茄类,18.479999999999997,114.274,0.0,6.18365800865801,3
2023-04-27,辣椒类,66.698,392.4996000000002,6.059,5.884728177756458,3
2023-04-27,食用菌,62.808000000000014,333.96600000000024,21.825000000000003,5.317252579289265,3
2023-04-28,花叶类,164.32699999999994,682.6211999999994,29.987999999999996,4.154041636493088,4
2023-04-28,花菜类,22.805999999999994,229.64399999999998,0.0,10.069455406471983,4
2023-04-28,水生根茎类,14.078,141.4096,0.571,10.0447222616849,4
2023-04-28,茄类,22.14099999999999,163.36499999999998,0.0,7.378393026511903,4
2023-04-28,辣椒类,84.33800000000001,491.09369999999984,18.118000000000002,5.8229232374493085,4
2023-04-28,食用菌,81.77799999999999,449.7696000000003,27.571,5.499885054660182,4
2023-04-29,花叶类,169.13199999999995,812.4909999999988,16.578,4.803886904902674,5
2023-04-29,花菜类,27.576999999999995,266.7440000000001,0.0,9.672698263045296,5
2023-04-29,水生根茎类,24.692999999999998,198.04760000000002,1.687,8.02039444376949,5
2023-04-29,茄类,37.234,270.513,0.0,7.265214588816672,5
2023-04-29,辣椒类,161.482,925.1789999999996,21.917,5.729301098574452,5
2023-04-29,食用菌,127.52400000000003,601.6332000000001,25.444,4.717803707537405,5
2023-04-30,花叶类,132.248,648.9181999999998,14.582,4.906828080575887,6
2023-04-30,花菜类,25.487000000000002,257.3088,0.637,10.095687997802802,6
2023-04-30,水生根茎类,16.983000000000004,224.70639999999997,0.5940000000000001,13.231254784195956,6
2023-04-30,茄类,43.782999999999994,315.075,0.0,7.196286229815226,6
2023-04-30,辣椒类,117.50100000000005,764.0254000000004,22.507,6.502288491161779,6
2023-04-30,食用菌,97.254,440.48140000000024,22.377000000000002,4.52918543196167,6
2023-05-01,花叶类,179.89000000000001,864.4677999999997,19.035,4.805535605091999,0
2023-05-01,花菜类,29.389000000000003,293.39700000000005,0.0,9.98322501616251,0
2023-05-01,水生根茎类,22.754000000000005,265.06039999999996,0.5,11.648958424892323,0
2023-05-01,茄类,31.862000000000016,254.89600000000013,0.0,8.0,0
2023-05-01,辣椒类,138.85700000000008,906.1023999999999,26.274,6.525435519995386,0
2023-05-01,食用菌,83.71700000000001,404.8460000000001,16.81,4.835887573611095,0
2023-05-02,花叶类,199.05700000000002,982.9721999999992,20.966,4.938144350613137,1
2023-05-02,花菜类,22.365000000000002,231.51599999999993,0.725,10.351710261569412,1
2023-05-02,水生根茎类,20.191,203.09000000000003,0.0,10.058441880045567,1
2023-05-02,茄类,35.967000000000006,287.73600000000005,0.0,8.0,1
2023-05-02,辣椒类,103.643,722.9449999999999,19.817999999999998,6.975338421311617,1
2023-05-02,食用菌,66.312,376.20250000000016,18.115000000000002,5.6732190252141415,1
2023-05-03,花叶类,252.36600000000004,1246.6628000000007,13.0,4.9398999865275055,2
2023-05-03,花菜类,32.371,336.0150000000001,0.0,10.38012418522752,2
2023-05-03,水生根茎类,11.585999999999999,108.98440000000002,0.0,9.406559640945972,2
2023-05-03,茄类,22.716999999999995,181.73599999999996,0.0,8.0,2
2023-05-03,辣椒类,95.79500000000003,712.0877000000002,3.4850000000000003,7.433453729317813,2
2023-05-03,食用菌,72.02699999999999,401.53840000000014,4.0,5.574831660349594,2
2023-05-04,花叶类,121.42800000000003,645.0344,13.0,5.312072997990578,3
2023-05-04,花菜类,32.65199999999998,332.925,0.536,10.196159500183763,3
2023-05-04,水生根茎类,9.036999999999999,92.98840000000001,0.0,10.289742171074474,3
2023-05-04,茄类,25.655,205.24,0.0,8.0,3
2023-05-04,辣椒类,76.54199999999997,558.0575000000001,2.285,7.290866452405219,3
2023-05-04,食用菌,55.952,242.3238000000001,14.224,4.3309229339433815,3
2023-05-05,花叶类,115.37100000000001,677.5213999999999,7.0,5.872545093654383,4
2023-05-05,花菜类,28.675,296.60699999999997,0.0,10.343748910200523,4
2023-05-05,水生根茎类,13.454,107.62320000000001,0.0,7.9993459194291665,4
2023-05-05,茄类,22.323999999999995,178.59199999999996,0.0,8.0,4
2023-05-05,辣椒类,66.97699999999998,533.9982,1.0,7.972859339773358,4
2023-05-05,食用菌,63.12600000000001,292.54260000000016,15.44,4.634264803725883,4
2023-05-06,花叶类,163.82700000000003,908.4751999999999,3.084,5.545332576437338,5
2023-05-06,花菜类,34.08699999999999,334.0515,1.831,9.799967729633,5
2023-05-06,水生根茎类,17.781000000000002,146.7472,0.0,8.253034137562565,5
2023-05-06,茄类,23.097,184.776,0.0,8.0,5
2023-05-06,辣椒类,94.50500000000001,689.4476000000003,3.0,7.295355801280358,5
2023-05-06,食用菌,99.69699999999997,456.2262000000003,20.0,4.576127666830501,5
2023-05-07,花叶类,238.13199999999998,1246.1029999999987,4.0,5.232824651873746,6
2023-05-07,花菜类,54.158000000000015,570.0030000000003,0.0,10.524816278296838,6
2023-05-07,水生根茎类,18.818,161.2712,0.0,8.57004995217345,6
2023-05-07,茄类,39.965999999999994,319.72799999999995,0.0,8.0,6
2023-05-07,辣椒类,134.83299999999994,946.5739999999998,6.0,7.020343684409605,6
2023-05-07,食用菌,115.42300000000002,553.0402000000001,23.811,4.791421120573889,6
2023-05-08,花叶类,142.34099999999998,824.9605999999998,0.652,5.795663933792793,0
2023-05-08,花菜类,17.863000000000003,202.35599999999997,0.0,11.328220343727253,0
2023-05-08,水生根茎类,9.628,137.18400000000003,0.494,14.248442044038224,0
2023-05-08,茄类,21.756999999999998,174.05599999999998,0.0,8.0,0
2023-05-08,辣椒类,85.98400000000004,645.8359999999998,4.0,7.511118347599548,0
2023-05-08,食用菌,58.128,327.7938000000001,9.254999999999999,5.6391721717588785,0
2023-05-09,花叶类,145.0330000000001,707.6812000000001,10.479,4.879449504595503,1
2023-05-09,花菜类,25.81,257.9568,0.0,9.994451762882603,1
2023-05-09,水生根茎类,7.406,106.78999999999999,0.0,14.419389684039967,1
2023-05-09,茄类,17.224000000000004,137.79200000000003,0.0,8.0,1
2023-05-09,辣椒类,81.72099999999998,630.7936000000001,0.0,7.718867855263644,1
2023-05-09,食用菌,49.03299999999999,293.8002000000001,1.572,5.991887096445255,1
2023-05-10,花叶类,159.32799999999997,820.744599999999,12.494,5.151289164490856,2
2023-05-10,花菜类,26.422000000000008,264.22080000000005,0.0,10.000030277798803,2
2023-05-10,水生根茎类,10.335999999999997,81.3416,0.0,7.869736842105266,2
2023-05-10,茄类,28.10600000000001,224.84800000000007,0.0,8.0,2
2023-05-10,辣椒类,99.28999999999999,681.2656000000004,12.0,6.861371739349385,2
2023-05-10,食用菌,78.595,348.3464000000002,13.0,4.432169985368028,2
2023-05-11,花叶类,158.48399999999995,802.3571999999992,9.934999999999999,5.062701597637613,3
2023-05-11,花菜类,23.274000000000004,227.25449999999998,1.76,9.764307811291568,3
2023-05-11,水生根茎类,9.518,145.5552,0.0,15.292624500945577,3
2023-05-11,茄类,13.908,111.264,0.0,8.0,3
2023-05-11,辣椒类,75.74200000000002,535.7620000000002,1.469,7.073512714214043,3
2023-05-11,食用菌,42.217000000000006,279.70740000000006,4.0,6.625468413198475,3
2023-05-12,花叶类,142.70599999999996,756.0739999999984,9.0,5.298123414572608,4
2023-05-12,花菜类,21.50700000000001,200.636,0.405,9.328869670339886,4
2023-05-12,水生根茎类,16.347,284.1632,0.0,17.383201810729798,4
2023-05-12,茄类,24.49599999999999,171.472,0.0,7.000000000000003,4
2023-05-12,辣椒类,88.88100000000003,673.0775000000001,7.907,7.57279396046399,4
2023-05-12,食用菌,67.92099999999999,382.1200000000001,6.18,5.625947792288102,4
2023-05-13,花叶类,179.07100000000003,963.1799999999986,8.087,5.378760379961013,5
2023-05-13,花菜类,45.08699999999999,393.5408000000002,0.531,8.728476057400144,5
2023-05-13,水生根茎类,20.655000000000005,362.9852000000001,0.0,17.57372064875333,5
2023-05-13,茄类,33.20800000000001,232.45599999999996,0.0,6.9999999999999964,5
2023-05-13,辣椒类,135.703,968.9719999999998,12.0,7.14038746379962,5
2023-05-13,食用菌,95.60600000000001,611.7761999999999,13.412999999999998,6.398931029433298,5
2023-05-14,花叶类,199.5090000000001,1060.6855999999989,12.728000000000002,5.316479958297612,6
2023-05-14,花菜类,43.64199999999998,374.47,0.0,8.580495852619041,6
2023-05-14,水生根茎类,15.86,178.3172,0.0,11.243203026481716,6
2023-05-14,茄类,32.974000000000004,230.81799999999998,0.0,6.999999999999999,6
2023-05-14,辣椒类,110.866,797.4961999999998,18.134999999999998,7.193334295455774,6
2023-05-14,食用菌,97.67700000000005,583.2122,18.071,5.970824247263939,6
2023-05-15,花叶类,171.35000000000005,822.9845999999989,25.014,4.802944849722781,0
2023-05-15,花菜类,27.764000000000003,278.7225,1.229,10.038989338712001,0
2023-05-15,水生根茎类,7.474999999999999,73.4192,0.0,9.821966555183948,0
2023-05-15,茄类,21.584,150.601,0.0,6.977436990363232,0
2023-05-15,辣椒类,78.68699999999997,548.8491000000004,14.015,6.975092454916322,0
2023-05-15,食用菌,61.584999999999994,360.19540000000006,18.86,5.848752131200781,0
2023-05-16,花叶类,194.93599999999995,965.6315999999986,23.662,4.953582714326747,1
2023-05-16,花菜类,26.008999999999997,274.18049999999994,0.615,10.541754777192509,1
2023-05-16,水生根茎类,9.603000000000002,97.964,0.0,10.201395397271684,1
2023-05-16,茄类,14.181000000000003,99.267,0.0,6.999999999999998,1
2023-05-16,辣椒类,80.29399999999998,601.9476000000001,11.0,7.496794281017264,1
2023-05-16,食用菌,57.535,316.23480000000006,6.481,5.49639002346398,1
2023-05-17,花叶类,150.478,777.1945999999992,10.008,5.164838713964826,2
2023-05-17,花菜类,19.914000000000005,203.10799999999986,3.3240000000000003,10.199256804258301,2
2023-05-17,水生根茎类,12.893,175.1852,0.0,13.58762118979291,2
2023-05-17,茄类,14.296000000000003,100.07200000000003,0.0,7.000000000000001,2
2023-05-17,辣椒类,67.717,529.9516,4.0,7.825975752026817,2
2023-05-17,食用菌,54.69999999999999,328.5597999999999,7.232,6.006577696526508,2
2023-05-18,花叶类,112.68800000000005,590.9667999999997,8.702,5.244274456907563,3
2023-05-18,花菜类,22.684000000000005,233.8863,2.2769999999999997,10.310628636924703,3
2023-05-18,水生根茎类,8.812,108.29560000000002,0.0,12.289559691330007,3
2023-05-18,茄类,11.594999999999999,81.165,0.0,7.000000000000001,3
2023-05-18,辣椒类,53.892000000000024,385.6616000000001,0.0,7.156193869219919,3
2023-05-18,食用菌,49.75599999999999,298.3415999999999,11.0,5.996092933515555,3
2023-05-19,花叶类,141.32700000000003,678.3259999999991,20.0,4.799691495609466,4
2023-05-19,花菜类,20.153,200.5884,1.97,9.953277427678263,4
2023-05-19,水生根茎类,9.66,103.8612,0.0,10.75167701863354,4
2023-05-19,茄类,15.232000000000001,106.62400000000001,0.0,7.0,4
2023-05-19,辣椒类,71.71299999999998,569.1580000000002,4.487,7.9366084252506575,4
2023-05-19,食用菌,60.947,349.9491999999999,10.0,5.741860961162976,4
2023-05-20,花叶类,177.82200000000003,821.4679999999992,30.0,4.619608372417356,5
2023-05-20,花菜类,27.24199999999999,274.2789000000001,2.794,10.068236546509073,5
2023-05-20,水生根茎类,11.094000000000001,182.8532,0.0,16.482170542635657,5
2023-05-20,茄类,33.824999999999996,236.77499999999998,0.0,7.0,5
2023-05-20,辣椒类,92.26199999999999,638.8076,5.611,6.923842968936291,5
2023-05-20,食用菌,82.75400000000002,479.8960000000001,14.0,5.799067114580564,5
2023-05-21,花叶类,197.44600000000014,1081.8487999999984,3.0,5.479213557124468,6
2023-05-21,花菜类,29.129999999999995,298.57199999999995,0.0,10.249639546858909,6
2023-05-21,水生根茎类,13.615,232.0232,0.0,17.041733382298936,6
2023-05-21,茄类,38.275999999999996,267.932,0.0,7.000000000000001,6
2023-05-21,辣椒类,117.48500000000004,826.6532000000003,0.0,7.036244626973656,6
2023-05-21,食用菌,94.75999999999998,648.2867999999999,3.201,6.841355002110595,6
2023-05-22,花叶类,154.1800000000001,749.1461999999997,19.439,4.858906472953685,0
2023-05-22,花菜类,14.808,155.78799999999998,0.7769999999999999,10.52052944354403,0
2023-05-22,水生根茎类,8.411000000000001,81.53960000000001,0.0,9.694400190227082,0
2023-05-22,茄类,25.981,180.55179999999993,0.0,6.949378391901771,0
2023-05-22,辣椒类,90.848,627.6112,3.0,6.908365621697782,0
2023-05-22,食用菌,70.15399999999998,396.93399999999986,16.78,5.6580380306183535,0
2023-05-23,花叶类,150.721,697.8401999999996,28.128999999999998,4.630013070507757,1
2023-05-23,花菜类,20.181,216.4552,0.514,10.72569248302859,1
2023-05-23,水生根茎类,14.636999999999999,159.81719999999999,0.0,10.918712850994057,1
2023-05-23,茄类,23.021999999999995,161.15399999999997,0.0,7.0,1
2023-05-23,辣椒类,69.361,512.4632000000001,10.042,7.388347918859303,1
2023-05-23,食用菌,49.993999999999986,324.5468000000001,1.641,6.4917150058007,1
2023-05-24,花叶类,135.50999999999993,656.3039999999993,15.0,4.843214522913435,2
2023-05-24,花菜类,15.922999999999996,178.796,0.0,11.228788544872199,2
2023-05-24,水生根茎类,9.414000000000001,137.68599999999998,0.0,14.6256639048226,2
2023-05-24,茄类,15.749000000000002,110.24300000000002,0.0,7.000000000000001,2
2023-05-24,辣椒类,62.95600000000002,467.04039999999986,14.909,7.418520871719927,2
2023-05-24,食用菌,47.818,296.8332,9.517000000000001,6.207562005939186,2
2023-05-25,花叶类,114.768,597.0715999999993,6.012999999999999,5.202422277986889,3
2023-05-25,花菜类,14.565000000000005,131.44639999999998,0.487,9.024812907655335,3
2023-05-25,水生根茎类,13.962,212.86280000000002,0.0,15.245867354247244,3
2023-05-25,茄类,21.865000000000002,165.28300000000004,0.0,7.55924994283101,3
2023-05-25,辣椒类,76.11800000000001,521.1328000000001,11.361,6.846380619564361,3
2023-05-25,食用菌,50.69,274.86000000000007,15.0,5.422371276385877,3
2023-05-26,花叶类,154.12000000000003,783.0974,5.304,5.081088762003632,4
2023-05-26,花菜类,24.235999999999997,252.93039999999996,0.9319999999999999,10.436144578313252,4
2023-05-26,水生根茎类,20.081000000000007,296.95760000000007,0.0,14.787988645983765,4
2023-05-26,茄类,18.212999999999997,152.02200000000002,0.0,8.346895074946469,4
2023-05-26,辣椒类,90.25999999999999,660.8417999999997,7.0,7.321535563926432,4
2023-05-26,食用菌,53.73599999999999,405.5428,2.638,7.546948042280781,4
2023-05-27,花叶类,272.53700000000015,1360.7151999999976,10.0,4.992772357514748,5
2023-05-27,花菜类,41.279000000000025,429.40779999999995,0.0,10.402572736742647,5
2023-05-27,水生根茎类,24.970000000000002,340.20399999999995,0.992,13.624509411293548,5
2023-05-27,茄类,24.313,170.191,0.0,7.0,5
2023-05-27,辣椒类,127.65800000000003,862.6659999999997,0.372,6.757633677482018,5
2023-05-27,食用菌,91.75399999999999,537.696,0.0,5.860191381302179,5
2023-05-28,花叶类,262.27700000000004,1353.100199999998,10.572,5.159050164520709,6
2023-05-28,花菜类,36.971000000000004,399.00360000000006,3.86,10.792339942116795,6
2023-05-28,水生根茎类,22.807,296.51159999999993,0.0,13.000903231464022,6
2023-05-28,茄类,38.881000000000014,233.28600000000003,0.0,5.999999999999998,6
2023-05-28,辣椒类,131.518,889.455799999999,7.0,6.762996700071466,6
2023-05-28,食用菌,109.63499999999999,593.1399999999993,25.0,5.410133625210921,6
2023-05-29,花叶类,146.434,746.1758,13.83,5.095645819959845,0
2023-05-29,花菜类,16.312,214.2842,0.0,13.136598822952427,0
2023-05-29,水生根茎类,12.75,169.80800000000002,0.0,13.318274509803922,0
2023-05-29,茄类,28.535999999999984,215.766,0.0,7.561185870479399,0
2023-05-29,辣椒类,61.995000000000005,431.8040000000001,2.0,6.965142350189533,0
2023-05-29,食用菌,53.849,263.87600000000003,13.0,4.9002952701071525,0
2023-05-30,花叶类,156.28700000000006,771.4639999999999,22.0,4.936200707672421,1
2023-05-30,花菜类,14.651999999999997,201.923,0.0,13.781258531258533,1
2023-05-30,水生根茎类,8.852,125.03320000000001,0.0,14.124853140533213,1
2023-05-30,茄类,23.886,210.0594,0.0,8.7942476764632,1
2023-05-30,辣椒类,59.897000000000006,399.4408000000001,1.0,6.668794764345461,1
2023-05-30,食用菌,46.29900000000001,270.8760000000001,8.0,5.850579926132315,1
2023-05-31,花叶类,136.132,722.8559999999997,3.0,5.309963858607819,2
2023-05-31,花菜类,16.723,228.40400000000002,0.0,13.658075704120076,2
2023-05-31,水生根茎类,7.859999999999999,121.5896,0.0,15.469414758269721,2
2023-05-31,茄类,17.471,116.20560000000002,0.0,6.651342224257342,2
2023-05-31,辣椒类,61.96,446.1410000000001,0.0,7.200468043899291,2
2023-05-31,食用菌,46.71099999999999,251.96400000000008,4.0,5.394104172464733,2
2023-06-01,花叶类,136.98200000000008,706.9903999999996,13.0,5.16119198142821,3
2023-06-01,花菜类,19.364000000000004,265.101,0.0,13.690404875025818,3
2023-06-01,水生根茎类,9.741,150.5268,0.0,15.452910378811211,3
2023-06-01,茄类,18.474999999999998,166.3782,0.0,9.005585926928282,3
2023-06-01,辣椒类,67.85399999999998,493.165,0.0,7.2680313614525325,3
2023-06-01,食用菌,44.867,241.50800000000007,7.0,5.382753471370942,3
2023-06-02,花叶类,161.14199999999997,853.7860000000002,17.0,5.298345558575669,4
2023-06-02,花菜类,16.171999999999997,223.033,0.0,13.791305960920111,4
2023-06-02,水生根茎类,11.987999999999998,193.01800000000003,0.0,16.10093426760094,4
2023-06-02,茄类,22.501,200.38459999999998,0.0,8.905586418381404,4
2023-06-02,辣椒类,72.84700000000002,508.8586000000004,0.0,6.985306189685234,4
2023-06-02,食用菌,68.38500000000002,351.7755999999999,18.0,5.1440462089639505,4
2023-06-03,花叶类,222.08100000000005,1197.6974000000002,20.0,5.393065593184469,5
2023-06-03,花菜类,33.24299999999998,457.14799999999997,0.0,13.751707126312313,5
2023-06-03,水生根茎类,29.040999999999993,414.3926000000001,0.8580000000000001,14.269226266313149,5
2023-06-03,茄类,39.398999999999994,334.3932,0.0,8.487352470874896,5
2023-06-03,辣椒类,123.66400000000006,808.3243999999988,3.0,6.536456850821568,5
2023-06-03,食用菌,94.54099999999998,504.48399999999987,17.0,5.336139875821072,5
2023-06-04,花叶类,215.28500000000003,1140.6151999999997,14.0,5.2981638293424975,6
2023-06-04,花菜类,25.116999999999997,346.9529999999999,0.0,13.813472946609863,6
2023-06-04,水生根茎类,21.046999999999997,250.05240000000003,0.0,11.880667078443487,6
2023-06-04,茄类,34.741,305.3196000000001,0.0,8.788451685328576,6
2023-06-04,辣椒类,123.69799999999998,782.4571999999991,0.521,6.32554447121214,6
2023-06-04,食用菌,95.926,480.62399999999997,18.0,5.010362154160498,6
2023-06-05,花叶类,145.142,787.4455999999993,19.519000000000002,5.42534621267448,0
2023-06-05,花菜类,22.569999999999997,308.69599999999997,0.0,13.677270713336288,0
2023-06-05,水生根茎类,12.580000000000002,159.032,0.0,12.641653418124005,0
2023-06-05,茄类,19.989,160.02379999999997,0.0,8.005593076191904,0
2023-06-05,辣椒类,74.89599999999997,439.0544999999999,3.3209999999999997,5.86218890194403,0
2023-06-05,食用菌,49.192,273.60800000000006,10.0,5.562042608554238,0
2023-06-06,花叶类,152.43900000000002,835.3905999999996,16.046,5.480163212826111,1
2023-06-06,花菜类,21.351,297.7890000000001,0.0,13.947309259519466,1
2023-06-06,水生根茎类,14.408,185.67280000000002,0.0,12.886785119378125,1
2023-06-06,茄类,19.081000000000003,157.28140000000002,0.0,8.24282794402809,1
2023-06-06,辣椒类,84.74499999999998,489.58300000000025,7.557,5.777131394182552,1
2023-06-06,食用菌,56.608,270.09200000000004,16.0,4.771269078575467,1
2023-06-07,花叶类,135.73500000000007,719.8799999999999,11.822,5.303569455188415,2
2023-06-07,花菜类,11.835000000000004,179.892,0.0,15.199999999999994,2
2023-06-07,水生根茎类,14.142000000000001,214.7916,0.0,15.18820534577853,2
2023-06-07,茄类,17.872999999999998,170.6024,0.0,9.54525821070889,2
2023-06-07,辣椒类,66.121,478.54800000000006,6.306,7.237458598629786,2
2023-06-07,食用菌,44.44600000000001,239.90400000000008,14.0,5.397651082212123,2
2023-06-08,花叶类,119.28700000000002,625.0968000000001,13.988999999999999,5.240275973073344,3
2023-06-08,花菜类,15.445999999999998,232.01600000000002,0.0,15.021105787906258,3
2023-06-08,水生根茎类,9.254,136.19320000000002,0.0,14.717224983790796,3
2023-06-08,茄类,24.509000000000004,228.76199999999997,0.0,9.333795748500549,3
2023-06-08,辣椒类,76.363,519.0816,3.868,6.7975537891387185,3
2023-06-08,食用菌,49.993,246.63200000000006,14.0,4.933330666293282,3
2023-06-09,花叶类,140.02399999999997,721.6428000000005,27.201,5.1537079357824425,4
2023-06-09,花菜类,13.684000000000001,203.456,0.0,14.868167202572346,4
2023-06-09,水生根茎类,15.815999999999999,187.27439999999999,1.188,11.84081942336874,4
2023-06-09,茄类,21.797999999999995,189.90999999999994,0.0,8.712267180475273,4
2023-06-09,辣椒类,74.29599999999998,456.88169999999997,8.605,6.149479110584689,4
2023-06-09,食用菌,55.464999999999996,232.63000000000008,13.0,4.1941765077075654,4
2023-06-10,花叶类,240.2350000000002,1288.7028,28.076,5.364342414718917,5
2023-06-10,花菜类,26.766000000000002,390.0341999999998,0.455,14.572001793319876,5
2023-06-10,水生根茎类,19.118,222.59989999999996,0.965,11.643472120514698,5
2023-06-10,茄类,38.11599999999999,307.5839999999998,0.0,8.069682023297299,5
2023-06-10,辣椒类,146.96799999999996,824.6053999999998,7.136000000000001,5.610781938925481,5
2023-06-10,食用菌,98.84400000000001,422.568,26.0,4.2751001578244505,5
2023-06-11,花叶类,213.90800000000007,1148.2451999999996,21.789,5.367939488004185,6
2023-06-11,花菜类,25.472000000000005,365.7642,0.47,14.359461369346732,6
2023-06-11,水生根茎类,21.247,304.30949999999996,1.316,14.322469054454745,6
2023-06-11,茄类,43.30300000000002,360.96999999999986,0.0,8.33591206151998,6
2023-06-11,辣椒类,119.68999999999997,715.1912999999996,5.533,5.975363856629625,6
2023-06-11,食用菌,79.626,380.0720000000001,22.0,4.773214779092258,6
2023-06-12,花叶类,127.39899999999999,645.9176000000003,22.168,5.070036656488672,0
2023-06-12,花菜类,17.143,231.93520000000004,1.418,13.529440587995103,0
2023-06-12,水生根茎类,10.350999999999999,142.92680000000001,0.0,13.808018548932473,0
2023-06-12,茄类,23.086999999999993,175.2404,0.0,7.5904361762030605,0
2023-06-12,辣椒类,67.12000000000002,415.3059999999998,6.704,6.187514898688911,0
2023-06-12,食用菌,36.153999999999996,185.58800000000002,13.0,5.133263262709521,0
2023-06-13,花叶类,140.865,775.7411999999995,18.461,5.506983281865612,1
2023-06-13,花菜类,10.189000000000004,154.8728,0.0,15.199999999999996,1
2023-06-13,水生根茎类,12.054,178.6952,1.133,14.824556163928985,1
2023-06-13,茄类,17.659000000000002,130.944,0.0,7.415142420295599,1
2023-06-13,辣椒类,84.89100000000002,455.6875999999999,8.825000000000001,5.367914148731901,1
2023-06-13,食用菌,54.23999999999999,268.28000000000003,13.0,4.946165191740414,1
2023-06-14,花叶类,115.60500000000003,635.9628000000004,17.917,5.501170364603609,2
2023-06-14,花菜类,9.174999999999999,138.8506,0.0,15.13358038147139,2
2023-06-14,水生根茎类,7.284000000000001,107.2968,0.0,14.730477759472816,2
2023-06-14,茄类,28.360999999999994,193.96560000000002,0.0,6.839166460985158,2
2023-06-14,辣椒类,82.12700000000002,462.92760000000015,8.245000000000001,5.636728481498167,2
2023-06-14,食用菌,43.778000000000006,225.91600000000003,9.0,5.160491571108776,2
2023-06-15,花叶类,118.41999999999999,593.5972000000002,17.0,5.012643134605643,3
2023-06-15,花菜类,9.804,143.09319999999997,0.343,14.595389636882901,3
2023-06-15,水生根茎类,16.732999999999997,197.4948,2.5,11.802713201458198,3
2023-06-15,茄类,15.907999999999998,134.462,0.0,8.452476741262258,3
2023-06-15,辣椒类,63.623999999999995,392.0405000000002,8.516,6.161833584810767,3
2023-06-15,食用菌,34.885999999999996,206.09199999999996,10.0,5.907584704465974,3
2023-06-16,花叶类,172.11000000000007,900.0056000000014,29.0,5.229246412178265,4
2023-06-16,花菜类,22.692,310.3499999999999,0.0,13.676626123744047,4
2023-06-16,水生根茎类,15.490000000000004,255.28459999999998,2.12,16.48060684312459,4
2023-06-16,茄类,24.133,195.85320000000004,0.0,8.115576181991466,4
2023-06-16,辣椒类,86.159,495.7800000000003,9.185,5.754245058554536,4
2023-06-16,食用菌,58.503,270.4660000000001,17.0,4.623113344614808,4
2023-06-17,花叶类,244.334,1294.1410000000003,13.862,5.296606284839606,5
2023-06-17,花菜类,26.791000000000004,407.22319999999996,0.0,15.199999999999996,5
2023-06-17,水生根茎类,22.625999999999998,312.82320000000004,4.4110000000000005,13.825828692654472,5
2023-06-17,茄类,46.62800000000001,334.53240000000017,0.0,7.174496010980529,5
2023-06-17,辣椒类,169.193,882.9503999999995,9.0,5.218598878204178,5
2023-06-17,食用菌,93.35,530.1999999999999,6.0,5.679700053561864,5
2023-06-18,花叶类,253.44699999999978,1301.475999999999,11.530999999999999,5.135101224319089,6
2023-06-18,花菜类,23.097999999999995,348.2312,0.0,15.076249025889691,6
2023-06-18,水生根茎类,23.373000000000005,358.4730999999998,1.7999999999999998,15.337059855388686,6
2023-06-18,茄类,54.55300000000001,376.1139999999999,0.0,6.894469598372222,6
2023-06-18,辣椒类,149.87700000000007,785.4831999999996,9.425,5.240852165442324,6
2023-06-18,食用菌,72.039,456.23600000000005,5.0,6.333180638265384,6
2023-06-19,花叶类,128.70100000000002,630.4718000000004,11.952,4.898732721579477,0
2023-06-19,花菜类,12.362999999999998,187.91760000000002,0.0,15.200000000000005,0
2023-06-19,水生根茎类,11.51,199.95919999999998,3.3140000000000005,17.37264986967854,0
2023-06-19,茄类,21.207,162.26000000000005,0.0,7.6512472296883125,0
2023-06-19,辣椒类,77.049,416.45580000000007,6.33,5.40507728847876,0
2023-06-19,食用菌,43.293000000000006,257.032,10.0,5.937033700598247,0
2023-06-20,花叶类,126.22800000000002,620.0676000000008,25.762,4.912282536362778,1
2023-06-20,花菜类,13.919,209.51799999999997,0.0,15.05266182915439,1
2023-06-20,水生根茎类,11.657,221.86959999999993,0.0,19.03316462211546,1
2023-06-20,茄类,21.592000000000002,153.98399999999995,0.0,7.131530196369023,1
2023-06-20,辣椒类,66.66599999999998,393.05720000000025,6.5920000000000005,5.895916959169597,1
2023-06-20,食用菌,39.22299999999999,205.352,13.0,5.235499579328456,1
2023-06-21,花叶类,126.263,566.1020000000001,20.126000000000005,4.483514568796877,2
2023-06-21,花菜类,16.697000000000003,220.4004,0.0,13.199999999999998,2
2023-06-21,水生根茎类,27.178,456.21639999999974,7.892,16.78623886967399,2
2023-06-21,茄类,24.122999999999998,175.45300000000003,0.0,7.273266177506946,2
2023-06-21,辣椒类,91.365,436.4906000000002,8.0,4.777437749685331,2
2023-06-21,食用菌,63.364000000000004,282.2360000000001,17.0,4.4542011236664365,2
2023-06-22,花叶类,171.91900000000004,859.3320000000001,8.0,4.998470209808107,3
2023-06-22,花菜类,17.912,250.76800000000003,0.0,14.000000000000002,3
2023-06-22,水生根茎类,38.76999999999999,640.2369999999996,9.762999999999998,16.513721949961305,3
2023-06-22,茄类,33.86599999999999,269.683,0.0,7.963237465304437,3
2023-06-22,辣椒类,114.28799999999998,623.7628000000003,7.364,5.45781534369313,3
2023-06-22,食用菌,77.47600000000001,491.1240000000001,13.0,6.339046930662398,3
2023-06-23,花叶类,178.71799999999996,855.5916000000001,30.721,4.787383475643193,4
2023-06-23,花菜类,9.279000000000002,129.90599999999998,0.0,13.999999999999995,4
2023-06-23,水生根茎类,18.677,294.73580000000004,6.449999999999999,15.780682122396533,4
2023-06-23,茄类,25.397999999999993,187.924,0.0,7.3991652886054045,4
2023-06-23,辣椒类,88.34899999999996,467.087,5.0,5.286839692582827,4
2023-06-23,食用菌,55.416999999999994,292.508,17.0,5.278308100402404,4
2023-06-24,花叶类,161.49500000000003,810.902,14.839,5.021220471222018,5
2023-06-24,花菜类,11.548000000000002,161.67200000000003,0.0,14.0,5
2023-06-24,水生根茎类,16.054,258.3204,3.364,16.090718823969105,5
2023-06-24,茄类,28.36899999999999,212.93400000000003,0.0,7.505869082449156,5
2023-06-24,辣椒类,94.18699999999997,544.6812000000001,5.247000000000001,5.782976419251067,5
2023-06-24,食用菌,54.17999999999999,295.62000000000006,15.0,5.456256921373202,5
2023-06-25,花叶类,108.89500000000002,522.7804000000001,21.0,4.800775058542633,6
2023-06-25,花菜类,10.681,149.53399999999996,0.0,13.999999999999998,6
2023-06-25,水生根茎类,16.499999999999996,256.75239999999997,6.630000000000001,15.560751515151516,6
2023-06-25,茄类,23.315,156.07999999999996,0.0,6.694402745013937,6
2023-06-25,辣椒类,69.65799999999999,385.5700000000001,3.505,5.535186195411872,6
2023-06-25,食用菌,35.271,199.20400000000004,7.0,5.64781265061949,6
2023-06-26,花叶类,80.52400000000003,430.56419999999997,15.927000000000001,5.347029457056279,0
2023-06-26,花菜类,8.082999999999998,113.162,0.0,14.000000000000004,0
2023-06-26,水生根茎类,10.383999999999997,186.54240000000001,0.991,17.964406779661022,0
2023-06-26,茄类,21.223999999999997,134.96999999999997,0.0,6.359310214851112,0
2023-06-26,辣椒类,72.18499999999999,425.5650000000003,6.385,5.895476899632893,0
2023-06-26,食用菌,39.581999999999994,216.668,12.0,5.473902278813603,0
2023-06-27,花叶类,127.27800000000006,642.0895999999999,19.215,5.044780716227467,1
2023-06-27,花菜类,14.272000000000002,171.26400000000004,0.0,12.000000000000002,1
2023-06-27,水生根茎类,16.454,263.04359999999997,7.733,15.986605080831406,1
2023-06-27,茄类,8.415,67.124,0.0,7.9767082590612,1
2023-06-27,辣椒类,67.11999999999998,422.83670000000006,3.2919999999999994,6.299712455303936,1
2023-06-27,食用菌,38.708,193.892,13.0,5.009093727394854,1
2023-06-28,花叶类,130.18200000000002,630.4388000000002,22.557,4.842749381634943,2
2023-06-28,花菜类,16.069000000000003,198.16400000000002,0.0,12.332067956935713,2
2023-06-28,水生根茎类,14.946000000000003,209.43140000000002,8.960000000000003,14.012538471831927,2
2023-06-28,茄类,15.651,121.64080000000003,0.0,7.772078461440166,2
2023-06-28,辣椒类,68.534,415.4488,8.420000000000002,6.061937140689293,2
2023-06-28,食用菌,53.742,247.90800000000002,2.0,4.612928435860222,2
2023-06-29,花叶类,135.09,646.1398000000007,19.0,4.783032052705609,3
2023-06-29,花菜类,24.367000000000004,292.50199999999995,1.095,12.00402183280666,3
2023-06-29,水生根茎类,22.945,391.5526,4.387,17.064833297014598,3
2023-06-29,茄类,11.511,86.3524,0.0,7.501728781165842,3
2023-06-29,辣椒类,89.113,556.428,3.21,6.244072133134335,3
2023-06-29,食用菌,48.31400000000001,225.93599999999998,5.0,4.676408494432255,3
2023-06-30,花叶类,130.464,667.7684,10.36,5.118411209222468,4
2023-06-30,花菜类,28.086999999999993,323.3425,4.007,11.51217645173924,4
2023-06-30,水生根茎类,19.419,280.9765999999999,9.078999999999999,14.46915907101292,4
2023-06-30,茄类,24.529999999999998,198.8132,0.0,8.104900122299226,4
2023-06-30,辣椒类,82.28599999999999,501.61920000000026,3.26,6.096045499842019,4
2023-06-30,食用菌,39.572,258.8280000000001,9.0,6.540685333063784,4
