销售日期,品类,qty,星期
2020-07-01,水生根茎类,4.85,2
2020-07-02,水生根茎类,4.6,3
2020-07-03,水生根茎类,9.572000000000001,4
2020-07-04,水生根茎类,5.439,5
2020-07-05,水生根茎类,4.019,6
2020-07-06,水生根茎类,3.089,0
2020-07-07,水生根茎类,3.117,1
2020-07-08,水生根茎类,10.605,2
2020-07-09,水生根茎类,2.106,3
2020-07-10,水生根茎类,9.025,4
2020-07-11,水生根茎类,8.928,5
2020-07-12,水生根茎类,13.994,6
2020-07-13,水生根茎类,11.605,0
2020-07-14,水生根茎类,9.007,1
2020-07-15,水生根茎类,10.238,2
2020-07-16,水生根茎类,11.354,3
2020-07-17,水生根茎类,10.727,4
2020-07-18,水生根茎类,10.418,5
2020-07-19,水生根茎类,11.124,6
2020-07-20,水生根茎类,9.548,0
2020-07-21,水生根茎类,12.744,1
2020-07-22,水生根茎类,10.85,2
2020-07-23,水生根茎类,30.417,3
2020-07-24,水生根茎类,11.74,4
2020-07-25,水生根茎类,10.424,5
2020-07-26,水生根茎类,12.988,6
2020-07-27,水生根茎类,17.265,0
2020-07-28,水生根茎类,13.959,1
2020-07-29,水生根茎类,18.597,2
2020-07-30,水生根茎类,10.645,3
2020-07-31,水生根茎类,19.062,4
2020-08-01,水生根茎类,21.432,5
2020-08-02,水生根茎类,56.154,6
2020-08-03,水生根茎类,15.555,0
2020-08-04,水生根茎类,26.208,1
2020-08-05,水生根茎类,21.451999999999998,2
2020-08-06,水生根茎类,19.115000000000002,3
2020-08-07,水生根茎类,25.415,4
2020-08-08,水生根茎类,27.461,5
2020-08-09,水生根茎类,25.9,6
2020-08-10,水生根茎类,30.683,0
2020-08-11,水生根茎类,20.458,1
2020-08-12,水生根茎类,27.355,2
2020-08-13,水生根茎类,19.324,3
2020-08-14,水生根茎类,29.991,4
2020-08-15,水生根茎类,25.642,5
2020-08-16,水生根茎类,24.454,6
2020-08-17,水生根茎类,15.916,0
2020-08-18,水生根茎类,21.753,1
2020-08-19,水生根茎类,17.95,2
2020-08-20,水生根茎类,22.966,3
2020-08-21,水生根茎类,34.598,4
2020-08-22,水生根茎类,42.772,5
2020-08-23,水生根茎类,46.057,6
2020-08-24,水生根茎类,20.305,0
2020-08-25,水生根茎类,20.062,1
2020-08-26,水生根茎类,18.95,2
2020-08-27,水生根茎类,19.487000000000002,3
2020-08-28,水生根茎类,20.997,4
2020-08-29,水生根茎类,65.814,5
2020-08-30,水生根茎类,30.005,6
2020-08-31,水生根茎类,52.949,0
2020-09-01,水生根茎类,47.658,1
2020-09-02,水生根茎类,17.941,2
2020-09-03,水生根茎类,15.996,3
2020-09-04,水生根茎类,16.635,4
2020-09-05,水生根茎类,42.554,5
2020-09-06,水生根茎类,46.963,6
2020-09-07,水生根茎类,38.926,0
2020-09-08,水生根茎类,19.127,1
2020-09-09,水生根茎类,12.161,2
2020-09-10,水生根茎类,14.492,3
2020-09-11,水生根茎类,13.364,4
2020-09-12,水生根茎类,16.957,5
2020-09-13,水生根茎类,18.739,6
2020-09-14,水生根茎类,17.361,0
2020-09-15,水生根茎类,19.219,1
2020-09-16,水生根茎类,18.818,2
2020-09-17,水生根茎类,17.437,3
2020-09-18,水生根茎类,11.389,4
2020-09-19,水生根茎类,39.431,5
2020-09-20,水生根茎类,39.551,6
2020-09-21,水生根茎类,16.289,0
2020-09-22,水生根茎类,37.808,1
2020-09-23,水生根茎类,18.629,2
2020-09-24,水生根茎类,51.886,3
2020-09-25,水生根茎类,22.732,4
2020-09-26,水生根茎类,65.744,5
2020-09-27,水生根茎类,28.289,6
2020-09-28,水生根茎类,11.860999999999999,0
2020-09-29,水生根茎类,24.135,1
2020-09-30,水生根茎类,36.839,2
2020-10-01,水生根茎类,55.356,3
2020-10-02,水生根茎类,21.931,4
2020-10-03,水生根茎类,18.497,5
2020-10-04,水生根茎类,19.253999999999998,6
2020-10-05,水生根茎类,79.752,0
2020-10-06,水生根茎类,25.784,1
2020-10-07,水生根茎类,52.907,2
2020-10-08,水生根茎类,31.952,3
2020-10-09,水生根茎类,51.476,4
2020-10-10,水生根茎类,22.07,5
2020-10-11,水生根茎类,57.223,6
2020-10-12,水生根茎类,38.333,0
2020-10-13,水生根茎类,50.519,1
2020-10-14,水生根茎类,46.207,2
2020-10-15,水生根茎类,42.162,3
2020-10-16,水生根茎类,58.973,4
2020-10-17,水生根茎类,87.12,5
2020-10-18,水生根茎类,79.338,6
2020-10-19,水生根茎类,40.6,0
2020-10-20,水生根茎类,49.434,1
2020-10-21,水生根茎类,21.201,2
2020-10-22,水生根茎类,35.917,3
2020-10-23,水生根茎类,30.801,4
2020-10-24,水生根茎类,67.932,5
2020-10-25,水生根茎类,71.16,6
2020-10-26,水生根茎类,20.666,0
2020-10-27,水生根茎类,21.273,1
2020-10-28,水生根茎类,32.418,2
2020-10-29,水生根茎类,15.828,3
2020-10-30,水生根茎类,18.769000000000002,4
2020-10-31,水生根茎类,79.265,5
2020-11-01,水生根茎类,71.332,6
2020-11-02,水生根茎类,15.053,0
2020-11-03,水生根茎类,15.727,1
2020-11-04,水生根茎类,18.183,2
2020-11-05,水生根茎类,8.347,3
2020-11-06,水生根茎类,13.443,4
2020-11-07,水生根茎类,71.413,5
2020-11-08,水生根茎类,58.207,6
2020-11-09,水生根茎类,14.579,0
2020-11-10,水生根茎类,12.103,1
2020-11-11,水生根茎类,17.155,2
2020-11-12,水生根茎类,15.237,3
2020-11-13,水生根茎类,13.766,4
2020-11-14,水生根茎类,58.127,5
2020-11-15,水生根茎类,45.353,6
2020-11-16,水生根茎类,14.450000000000001,0
2020-11-17,水生根茎类,24.762,1
2020-11-18,水生根茎类,19.171,2
2020-11-19,水生根茎类,22.977,3
2020-11-20,水生根茎类,22.48,4
2020-11-21,水生根茎类,95.375,5
2020-11-22,水生根茎类,67.538,6
2020-11-23,水生根茎类,34.987,0
2020-11-24,水生根茎类,44.692,1
2020-11-25,水生根茎类,38.697,2
2020-11-26,水生根茎类,24.099,3
2020-11-27,水生根茎类,23.178,4
2020-11-28,水生根茎类,30.289,5
2020-11-29,水生根茎类,31.494,6
2020-11-30,水生根茎类,18.480999999999998,0
2020-12-01,水生根茎类,25.029,1
2020-12-02,水生根茎类,22.979,2
2020-12-03,水生根茎类,35.348,3
2020-12-04,水生根茎类,87.25,4
2020-12-05,水生根茎类,43.518,5
2020-12-06,水生根茎类,93.761,6
2020-12-07,水生根茎类,60.127,0
2020-12-08,水生根茎类,78.345,1
2020-12-09,水生根茎类,39.897,2
2020-12-10,水生根茎类,48.448,3
2020-12-11,水生根茎类,55.358,4
2020-12-12,水生根茎类,71.47,5
2020-12-13,水生根茎类,73.578,6
2020-12-14,水生根茎类,65.517,0
2020-12-15,水生根茎类,51.18,1
2020-12-16,水生根茎类,47.282,2
2020-12-17,水生根茎类,47.929,3
2020-12-18,水生根茎类,63.362,4
2020-12-19,水生根茎类,85.825,5
2020-12-20,水生根茎类,77.313,6
2020-12-21,水生根茎类,48.468,0
2020-12-22,水生根茎类,38.698,1
2020-12-23,水生根茎类,43.83,2
2020-12-24,水生根茎类,61.288,3
2020-12-25,水生根茎类,65.984,4
2020-12-26,水生根茎类,103.905,5
2020-12-27,水生根茎类,93.232,6
2020-12-28,水生根茎类,63.262,0
2020-12-29,水生根茎类,54.924,1
2020-12-30,水生根茎类,75.742,2
2020-12-31,水生根茎类,73.305,3
2021-01-01,水生根茎类,91.569,4
2021-01-02,水生根茎类,102.214,5
2021-01-03,水生根茎类,76.505,6
2021-01-04,水生根茎类,68.248,0
2021-01-05,水生根茎类,89.144,1
2021-01-06,水生根茎类,49.852,2
2021-01-07,水生根茎类,54.723,3
2021-01-08,水生根茎类,53.903999999999996,4
2021-01-09,水生根茎类,90.49,5
2021-01-10,水生根茎类,79.563,6
2021-01-11,水生根茎类,47.911,0
2021-01-12,水生根茎类,55.595,1
2021-01-13,水生根茎类,40.616,2
2021-01-14,水生根茎类,43.51,3
2021-01-15,水生根茎类,51.428,4
2021-01-16,水生根茎类,82.624,5
2021-01-17,水生根茎类,67.482,6
2021-01-18,水生根茎类,48.095,0
2021-01-19,水生根茎类,42.265,1
2021-01-20,水生根茎类,44.546,2
2021-01-21,水生根茎类,48.089,3
2021-01-22,水生根茎类,48.728,4
2021-01-23,水生根茎类,66.893,5
2021-01-24,水生根茎类,88.664,6
2021-01-25,水生根茎类,86.892,0
2021-01-26,水生根茎类,59.222,1
2021-01-27,水生根茎类,50.075,2
2021-01-28,水生根茎类,58.18,3
2021-01-29,水生根茎类,48.372,4
2021-01-30,水生根茎类,39.938,5
2021-01-31,水生根茎类,47.573,6
2021-02-01,水生根茎类,50.34,0
2021-02-02,水生根茎类,47.323,1
2021-02-03,水生根茎类,36.091,2
2021-02-04,水生根茎类,61.4,3
2021-02-05,水生根茎类,56.39,4
2021-02-06,水生根茎类,55.472,5
2021-02-07,水生根茎类,101.527,6
2021-02-08,水生根茎类,124.55,0
2021-02-09,水生根茎类,211.431,1
2021-02-10,水生根茎类,296.79200000000003,2
2021-02-13,水生根茎类,50.0,5
2021-02-14,水生根茎类,65.073,6
2021-02-15,水生根茎类,68.394,0
2021-02-16,水生根茎类,67.819,1
2021-02-17,水生根茎类,53.632,2
2021-02-18,水生根茎类,62.327,3
2021-02-19,水生根茎类,73.044,4
2021-02-20,水生根茎类,60.612,5
2021-02-21,水生根茎类,38.554,6
2021-02-22,水生根茎类,40.444,0
2021-02-23,水生根茎类,44.084,1
2021-02-24,水生根茎类,54.382,2
2021-02-25,水生根茎类,74.027,3
2021-02-26,水生根茎类,72.508,4
2021-02-27,水生根茎类,45.651,5
2021-02-28,水生根茎类,49.705,6
2021-03-01,水生根茎类,29.048,0
2021-03-02,水生根茎类,46.406,1
2021-03-03,水生根茎类,20.757,2
2021-03-04,水生根茎类,28.177,3
2021-03-05,水生根茎类,35.138,4
2021-03-06,水生根茎类,61.735,5
2021-03-07,水生根茎类,36.889,6
2021-03-08,水生根茎类,26.921,0
2021-03-09,水生根茎类,42.608,1
2021-03-10,水生根茎类,24.891000000000002,2
2021-03-11,水生根茎类,31.801,3
2021-03-12,水生根茎类,21.764,4
2021-03-13,水生根茎类,47.086,5
2021-03-14,水生根茎类,30.295,6
2021-03-15,水生根茎类,22.597,0
2021-03-16,水生根茎类,19.772,1
2021-03-17,水生根茎类,19.493,2
2021-03-18,水生根茎类,20.852,3
2021-03-19,水生根茎类,39.292,4
2021-03-20,水生根茎类,39.984,5
2021-03-21,水生根茎类,41.705,6
2021-03-22,水生根茎类,10.113,0
2021-03-23,水生根茎类,13.349,1
2021-03-24,水生根茎类,14.013,2
2021-03-25,水生根茎类,15.827,3
2021-03-26,水生根茎类,40.178,4
2021-03-27,水生根茎类,43.191,5
2021-03-28,水生根茎类,30.71,6
2021-03-29,水生根茎类,15.5,0
2021-03-30,水生根茎类,14.905,1
2021-03-31,水生根茎类,19.503,2
2021-04-01,水生根茎类,20.743,3
2021-04-02,水生根茎类,37.764,4
2021-04-03,水生根茎类,38.786,5
2021-04-04,水生根茎类,33.95,6
2021-04-05,水生根茎类,24.241,0
2021-04-06,水生根茎类,3.622,1
2021-04-07,水生根茎类,17.735,2
2021-04-08,水生根茎类,9.582,3
2021-04-09,水生根茎类,29.704,4
2021-04-10,水生根茎类,22.753,5
2021-04-11,水生根茎类,22.196,6
2021-04-12,水生根茎类,4.178,0
2021-04-13,水生根茎类,5.553,1
2021-04-14,水生根茎类,19.197,2
2021-04-15,水生根茎类,17.098,3
2021-04-16,水生根茎类,19.018,4
2021-04-17,水生根茎类,35.302,5
2021-04-18,水生根茎类,22.237,6
2021-04-19,水生根茎类,12.658,0
2021-04-20,水生根茎类,12.167,1
2021-04-21,水生根茎类,13.078,2
2021-04-22,水生根茎类,11.64,3
2021-04-23,水生根茎类,10.413,4
2021-04-24,水生根茎类,17.178,5
2021-04-25,水生根茎类,11.454,6
2021-04-26,水生根茎类,11.871,0
2021-04-27,水生根茎类,9.127,1
2021-04-28,水生根茎类,7.359,2
2021-04-29,水生根茎类,8.818,3
2021-04-30,水生根茎类,14.856,4
2021-05-01,水生根茎类,18.075,5
2021-05-02,水生根茎类,17.439,6
2021-05-03,水生根茎类,18.743000000000002,0
2021-05-04,水生根茎类,8.799,1
2021-05-05,水生根茎类,15.352,2
2021-05-06,水生根茎类,5.992,3
2021-05-07,水生根茎类,6.436,4
2021-05-08,水生根茎类,11.457,5
2021-05-09,水生根茎类,21.145,6
2021-05-10,水生根茎类,8.06,0
2021-05-11,水生根茎类,8.963000000000001,1
2021-05-12,水生根茎类,6.081,2
2021-05-13,水生根茎类,14.949,3
2021-05-14,水生根茎类,11.411999999999999,4
2021-05-15,水生根茎类,12.399000000000001,5
2021-05-16,水生根茎类,6.386,6
2021-05-17,水生根茎类,5.011,0
2021-05-18,水生根茎类,12.309000000000001,1
2021-05-19,水生根茎类,12.199,2
2021-05-20,水生根茎类,8.975,3
2021-05-21,水生根茎类,4.178,4
2021-05-22,水生根茎类,9.18,5
2021-05-23,水生根茎类,17.229,6
2021-05-24,水生根茎类,4.28,0
2021-05-25,水生根茎类,5.412,1
2021-05-26,水生根茎类,4.008,2
2021-05-27,水生根茎类,8.319,3
2021-05-28,水生根茎类,6.205,4
2021-05-29,水生根茎类,9.57,5
2021-05-30,水生根茎类,4.719,6
2021-05-31,水生根茎类,5.404,0
2021-06-01,水生根茎类,7.217,1
2021-06-02,水生根茎类,8.681,2
2021-06-03,水生根茎类,11.019,3
2021-06-04,水生根茎类,13.461,4
2021-06-05,水生根茎类,19.495,5
2021-06-06,水生根茎类,7.182,6
2021-06-07,水生根茎类,8.757,0
2021-06-08,水生根茎类,7.394,1
2021-06-09,水生根茎类,7.943,2
2021-06-10,水生根茎类,10.34,3
2021-06-11,水生根茎类,6.744,4
2021-06-12,水生根茎类,22.347,5
2021-06-13,水生根茎类,11.431000000000001,6
2021-06-14,水生根茎类,14.049,0
2021-06-15,水生根茎类,9.998,1
2021-06-16,水生根茎类,5.187,2
2021-06-17,水生根茎类,9.409,3
2021-06-18,水生根茎类,7.902,4
2021-06-19,水生根茎类,10.313,5
2021-06-20,水生根茎类,10.001,6
2021-06-21,水生根茎类,9.9,0
2021-06-22,水生根茎类,13.91,1
2021-06-23,水生根茎类,10.931000000000001,2
2021-06-24,水生根茎类,6.119,3
2021-06-25,水生根茎类,10.916,4
2021-06-26,水生根茎类,20.953,5
2021-06-27,水生根茎类,19.982,6
2021-06-28,水生根茎类,9.933,0
2021-06-29,水生根茎类,9.52,1
2021-06-30,水生根茎类,7.464,2
2021-07-01,水生根茎类,8.512,3
2021-07-02,水生根茎类,10.79,4
2021-07-03,水生根茎类,29.657,5
2021-07-04,水生根茎类,24.214,6
2021-07-05,水生根茎类,14.947,0
2021-07-06,水生根茎类,7.861,1
2021-07-07,水生根茎类,8.404,2
2021-07-08,水生根茎类,12.209,3
2021-07-09,水生根茎类,4.507,4
2021-07-10,水生根茎类,14.838,5
2021-07-11,水生根茎类,14.099,6
2021-07-12,水生根茎类,7.559,0
2021-07-13,水生根茎类,7.123,1
2021-07-14,水生根茎类,14.182,2
2021-07-15,水生根茎类,5.78,3
2021-07-16,水生根茎类,23.636,4
2021-07-17,水生根茎类,27.115,5
2021-07-18,水生根茎类,30.137999999999998,6
2021-07-19,水生根茎类,15.754,0
2021-07-20,水生根茎类,12.512,1
2021-07-21,水生根茎类,18.057,2
2021-07-22,水生根茎类,17.843,3
2021-07-23,水生根茎类,13.844,4
2021-07-24,水生根茎类,32.222,5
2021-07-25,水生根茎类,24.134,6
2021-07-26,水生根茎类,16.444,0
2021-07-27,水生根茎类,33.891,1
2021-07-28,水生根茎类,32.418,2
2021-07-29,水生根茎类,17.107,3
2021-07-30,水生根茎类,20.72,4
2021-07-31,水生根茎类,23.282,5
2021-08-01,水生根茎类,36.228,6
2021-08-02,水生根茎类,22.943,0
2021-08-03,水生根茎类,27.549,1
2021-08-04,水生根茎类,22.617,2
2021-08-05,水生根茎类,14.856,3
2021-08-06,水生根茎类,22.376,4
2021-08-07,水生根茎类,28.627,5
2021-08-08,水生根茎类,24.273,6
2021-08-09,水生根茎类,19.711000000000002,0
2021-08-10,水生根茎类,24.532,1
2021-08-11,水生根茎类,20.738,2
2021-08-12,水生根茎类,28.536,3
2021-08-13,水生根茎类,37.722,4
2021-08-14,水生根茎类,27.112000000000002,5
2021-08-15,水生根茎类,49.471000000000004,6
2021-08-16,水生根茎类,50.533,0
2021-08-17,水生根茎类,56.145,1
2021-08-18,水生根茎类,54.55,2
2021-08-19,水生根茎类,28.569,3
2021-08-20,水生根茎类,27.29,4
2021-08-21,水生根茎类,37.692,5
2021-08-22,水生根茎类,51.313,6
2021-08-23,水生根茎类,38.788000000000004,0
2021-08-24,水生根茎类,31.616,1
2021-08-25,水生根茎类,35.363,2
2021-08-26,水生根茎类,63.126,3
2021-08-27,水生根茎类,56.396,4
2021-08-28,水生根茎类,49.574,5
2021-08-29,水生根茎类,55.375,6
2021-08-30,水生根茎类,40.953,0
2021-08-31,水生根茎类,31.335,1
2021-09-01,水生根茎类,47.449,2
2021-09-02,水生根茎类,45.638,3
2021-09-03,水生根茎类,54.834,4
2021-09-04,水生根茎类,66.409,5
2021-09-05,水生根茎类,58.946,6
2021-09-06,水生根茎类,33.471,0
2021-09-07,水生根茎类,34.142,1
2021-09-08,水生根茎类,38.571,2
2021-09-09,水生根茎类,39.028,3
2021-09-10,水生根茎类,43.851,4
2021-09-11,水生根茎类,67.532,5
2021-09-12,水生根茎类,57.208,6
2021-09-13,水生根茎类,29.937,0
2021-09-14,水生根茎类,41.431,1
2021-09-15,水生根茎类,32.841,2
2021-09-16,水生根茎类,35.964999999999996,3
2021-09-17,水生根茎类,31.276,4
2021-09-18,水生根茎类,34.827,5
2021-09-19,水生根茎类,93.77,6
2021-09-20,水生根茎类,94.882,0
2021-09-21,水生根茎类,93.256,1
2021-09-22,水生根茎类,29.818,2
2021-09-23,水生根茎类,19.216,3
2021-09-24,水生根茎类,32.314,4
2021-09-25,水生根茎类,43.444,5
2021-09-26,水生根茎类,48.23,6
2021-09-27,水生根茎类,42.395,0
2021-09-28,水生根茎类,33.697,1
2021-09-29,水生根茎类,39.563,2
2021-09-30,水生根茎类,38.451,3
2021-10-01,水生根茎类,69.809,4
2021-10-02,水生根茎类,61.246,5
2021-10-03,水生根茎类,51.096,6
2021-10-04,水生根茎类,39.501,0
2021-10-05,水生根茎类,53.813,1
2021-10-06,水生根茎类,50.349000000000004,2
2021-10-07,水生根茎类,51.57,3
2021-10-08,水生根茎类,49.695,4
2021-10-09,水生根茎类,41.198,5
2021-10-10,水生根茎类,58.704,6
2021-10-11,水生根茎类,45.351,0
2021-10-12,水生根茎类,29.953,1
2021-10-13,水生根茎类,36.526,2
2021-10-14,水生根茎类,38.264,3
2021-10-15,水生根茎类,65.659,4
2021-10-16,水生根茎类,54.821,5
2021-10-17,水生根茎类,56.02,6
2021-10-18,水生根茎类,44.513,0
2021-10-19,水生根茎类,42.738,1
2021-10-20,水生根茎类,41.248,2
2021-10-21,水生根茎类,46.91,3
2021-10-22,水生根茎类,45.315,4
2021-10-23,水生根茎类,61.274,5
2021-10-24,水生根茎类,47.917,6
2021-10-25,水生根茎类,33.696,0
2021-10-26,水生根茎类,37.216,1
2021-10-27,水生根茎类,36.161,2
2021-10-28,水生根茎类,37.949,3
2021-10-29,水生根茎类,40.045,4
2021-10-30,水生根茎类,59.756,5
2021-10-31,水生根茎类,55.961,6
2021-11-01,水生根茎类,44.316,0
2021-11-02,水生根茎类,39.893,1
2021-11-03,水生根茎类,39.941,2
2021-11-04,水生根茎类,42.366,3
2021-11-05,水生根茎类,58.696,4
2021-11-06,水生根茎类,63.927,5
2021-11-07,水生根茎类,64.622,6
2021-11-08,水生根茎类,58.811,0
2021-11-09,水生根茎类,43.617000000000004,1
2021-11-10,水生根茎类,49.851,2
2021-11-11,水生根茎类,35.903,3
2021-11-12,水生根茎类,50.696,4
2021-11-13,水生根茎类,55.708,5
2021-11-14,水生根茎类,53.001,6
2021-11-15,水生根茎类,28.879,0
2021-11-16,水生根茎类,19.63,1
2021-11-17,水生根茎类,34.26,2
2021-11-18,水生根茎类,21.426,3
2021-11-19,水生根茎类,28.706,4
2021-11-20,水生根茎类,54.147,5
2021-11-21,水生根茎类,47.591,6
2021-11-22,水生根茎类,32.75,0
2021-11-23,水生根茎类,31.403,1
2021-11-24,水生根茎类,33.315,2
2021-11-25,水生根茎类,30.299,3
2021-11-26,水生根茎类,41.234,4
2021-11-27,水生根茎类,58.68,5
2021-11-28,水生根茎类,49.546,6
2021-11-29,水生根茎类,29.92,0
2021-11-30,水生根茎类,30.369,1
2021-12-01,水生根茎类,30.015,2
2021-12-02,水生根茎类,25.404,3
2021-12-03,水生根茎类,18.925,4
2021-12-04,水生根茎类,62.259,5
2021-12-05,水生根茎类,50.994,6
2021-12-06,水生根茎类,12.844,0
2021-12-07,水生根茎类,31.831,1
2021-12-08,水生根茎类,25.319,2
2021-12-09,水生根茎类,25.262,3
2021-12-10,水生根茎类,32.792,4
2021-12-11,水生根茎类,124.24,5
2021-12-12,水生根茎类,61.198,6
2021-12-13,水生根茎类,21.832,0
2021-12-14,水生根茎类,33.175,1
2021-12-15,水生根茎类,2.6020000000000003,2
2021-12-16,水生根茎类,39.569,3
2021-12-17,水生根茎类,40.153999999999996,4
2021-12-18,水生根茎类,70.551,5
2021-12-19,水生根茎类,67.19,6
2021-12-20,水生根茎类,38.283,0
2021-12-21,水生根茎类,48.369,1
2021-12-22,水生根茎类,31.469,2
2021-12-23,水生根茎类,30.021,3
2021-12-24,水生根茎类,35.441,4
2021-12-25,水生根茎类,66.839,5
2021-12-26,水生根茎类,95.584,6
2021-12-27,水生根茎类,42.155,0
2021-12-28,水生根茎类,35.054,1
2021-12-29,水生根茎类,34.882,2
2021-12-30,水生根茎类,37.37,3
2021-12-31,水生根茎类,60.713,4
2022-01-01,水生根茎类,82.658,5
2022-01-02,水生根茎类,27.438,6
2022-01-03,水生根茎类,59.009,0
2022-01-04,水生根茎类,46.598,1
2022-01-05,水生根茎类,34.15,2
2022-01-06,水生根茎类,34.198,3
2022-01-07,水生根茎类,46.045,4
2022-01-08,水生根茎类,60.006,5
2022-01-09,水生根茎类,59.741,6
2022-01-10,水生根茎类,56.153,0
2022-01-11,水生根茎类,29.824,1
2022-01-12,水生根茎类,41.626,2
2022-01-13,水生根茎类,22.185,3
2022-01-14,水生根茎类,48.285,4
2022-01-15,水生根茎类,56.825,5
2022-01-16,水生根茎类,52.794,6
2022-01-17,水生根茎类,42.312,0
2022-01-18,水生根茎类,32.418,1
2022-01-19,水生根茎类,50.389,2
2022-01-20,水生根茎类,55.56,3
2022-01-21,水生根茎类,58.294,4
2022-01-22,水生根茎类,64.682,5
2022-01-23,水生根茎类,68.285,6
2022-01-24,水生根茎类,38.076,0
2022-01-25,水生根茎类,70.849,1
2022-01-26,水生根茎类,64.858,2
2022-01-27,水生根茎类,95.025,3
2022-01-28,水生根茎类,197.934,4
2022-01-29,水生根茎类,200.905,5
2022-01-30,水生根茎类,234.678,6
2022-02-01,水生根茎类,38.25,1
2022-02-02,水生根茎类,37.868,2
2022-02-03,水生根茎类,7.01,3
2022-02-04,水生根茎类,55.923,4
2022-02-05,水生根茎类,2.2030000000000003,5
2022-02-06,水生根茎类,66.88,6
2022-02-07,水生根茎类,41.735,0
2022-02-08,水生根茎类,29.778,1
2022-02-09,水生根茎类,30.194,2
2022-02-10,水生根茎类,29.54,3
2022-02-11,水生根茎类,38.286,4
2022-02-12,水生根茎类,58.417,5
2022-02-13,水生根茎类,38.757,6
2022-02-14,水生根茎类,24.829,0
2022-02-15,水生根茎类,50.087,1
2022-02-16,水生根茎类,25.240000000000002,2
2022-02-17,水生根茎类,38.54,3
2022-02-18,水生根茎类,34.695,4
2022-02-19,水生根茎类,38.763,5
2022-02-20,水生根茎类,35.58,6
2022-02-21,水生根茎类,26.034,0
2022-02-22,水生根茎类,25.201,1
2022-02-23,水生根茎类,17.076,2
2022-02-24,水生根茎类,19.778,3
2022-02-25,水生根茎类,43.644,4
2022-02-26,水生根茎类,40.831,5
2022-02-27,水生根茎类,33.006,6
2022-02-28,水生根茎类,27.838,0
2022-03-01,水生根茎类,5.051,1
2022-03-02,水生根茎类,23.171,2
2022-03-03,水生根茎类,27.705000000000002,3
2022-03-04,水生根茎类,21.276,4
2022-03-05,水生根茎类,44.23,5
2022-03-06,水生根茎类,47.119,6
2022-03-07,水生根茎类,24.482,0
2022-03-08,水生根茎类,6.754,1
2022-03-09,水生根茎类,17.2,2
2022-03-10,水生根茎类,16.626,3
2022-03-11,水生根茎类,29.63,4
2022-03-12,水生根茎类,37.329,5
2022-03-13,水生根茎类,28.204,6
2022-03-14,水生根茎类,15.345,0
2022-03-15,水生根茎类,15.026,1
2022-03-16,水生根茎类,16.886,2
2022-03-17,水生根茎类,30.851,3
2022-03-18,水生根茎类,28.674,4
2022-03-19,水生根茎类,45.815,5
2022-03-20,水生根茎类,43.592,6
2022-03-21,水生根茎类,25.391,0
2022-03-22,水生根茎类,27.306,1
2022-03-23,水生根茎类,15.254999999999999,2
2022-03-24,水生根茎类,16.899,3
2022-03-25,水生根茎类,43.221000000000004,4
2022-03-26,水生根茎类,43.227,5
2022-03-27,水生根茎类,41.214,6
2022-03-28,水生根茎类,19.777,0
2022-03-29,水生根茎类,18.541,1
2022-03-30,水生根茎类,27.389,2
2022-03-31,水生根茎类,30.993,3
2022-04-01,水生根茎类,25.437,4
2022-04-02,水生根茎类,34.452,5
2022-04-03,水生根茎类,42.998,6
2022-04-04,水生根茎类,31.759,0
2022-04-05,水生根茎类,21.71,1
2022-04-06,水生根茎类,5.855,2
2022-04-07,水生根茎类,6.533,3
2022-04-08,水生根茎类,6.366,4
2022-04-09,水生根茎类,11.218,5
2022-04-10,水生根茎类,18.379,6
2022-04-11,水生根茎类,1.03,0
2022-04-12,水生根茎类,7.538,1
2022-04-13,水生根茎类,4.61,2
2022-04-14,水生根茎类,6.495,3
2022-04-15,水生根茎类,14.18,4
2022-04-16,水生根茎类,15.042,5
2022-04-17,水生根茎类,9.701,6
2022-04-18,水生根茎类,3.024,0
2022-04-19,水生根茎类,5.106,1
2022-04-20,水生根茎类,2.772,2
2022-04-21,水生根茎类,3.552,3
2022-04-22,水生根茎类,7.417,4
2022-04-23,水生根茎类,9.767,5
2022-04-24,水生根茎类,4.52,6
2022-04-25,水生根茎类,4.202,0
2022-04-26,水生根茎类,4.905,1
2022-04-27,水生根茎类,2.398,2
2022-04-28,水生根茎类,2.1390000000000002,3
2022-04-29,水生根茎类,7.1499999999999995,4
2022-04-30,水生根茎类,9.22,5
2022-05-01,水生根茎类,10.863,6
2022-05-02,水生根茎类,8.503,0
2022-05-03,水生根茎类,2.8680000000000003,1
2022-05-04,水生根茎类,6.398,2
2022-05-05,水生根茎类,1.193,3
2022-05-06,水生根茎类,3.42,4
2022-05-07,水生根茎类,4.66,5
2022-05-08,水生根茎类,4.476,6
2022-05-09,水生根茎类,3.5380000000000003,0
2022-05-10,水生根茎类,5.181,1
2022-05-11,水生根茎类,2.043,2
2022-05-12,水生根茎类,5.134,3
2022-05-13,水生根茎类,2.7920000000000003,4
2022-05-14,水生根茎类,11.341,5
2022-05-15,水生根茎类,6.072,6
2022-05-16,水生根茎类,4.6370000000000005,0
2022-05-17,水生根茎类,1.853,1
2022-05-18,水生根茎类,0.9259999999999999,2
2022-05-19,水生根茎类,3.425,3
2022-05-20,水生根茎类,3.575,4
2022-05-21,水生根茎类,4.691,5
2022-05-22,水生根茎类,4.885,6
2022-05-23,水生根茎类,4.437,0
2022-05-24,水生根茎类,3.3609999999999998,1
2022-05-25,水生根茎类,4.619,2
2022-05-26,水生根茎类,4.438,3
2022-05-27,水生根茎类,8.858,4
2022-05-28,水生根茎类,8.906,5
2022-05-29,水生根茎类,7.4399999999999995,6
2022-05-30,水生根茎类,6.684,0
2022-05-31,水生根茎类,6.611,1
2022-06-01,水生根茎类,5.084,2
2022-06-02,水生根茎类,11.33,3
2022-06-03,水生根茎类,14.235,4
2022-06-04,水生根茎类,5.135,5
2022-06-05,水生根茎类,10.109,6
2022-06-06,水生根茎类,5.253,0
2022-06-07,水生根茎类,6.311999999999999,1
2022-06-08,水生根茎类,6.7250000000000005,2
2022-06-09,水生根茎类,5.2410000000000005,3
2022-06-10,水生根茎类,9.447000000000001,4
2022-06-11,水生根茎类,9.209,5
2022-06-12,水生根茎类,10.588000000000001,6
2022-06-13,水生根茎类,3.944,0
2022-06-14,水生根茎类,14.604000000000001,1
2022-06-15,水生根茎类,5.184,2
2022-06-16,水生根茎类,5.3469999999999995,3
2022-06-17,水生根茎类,6.5489999999999995,4
2022-06-18,水生根茎类,18.483999999999998,5
2022-06-19,水生根茎类,15.541,6
2022-06-20,水生根茎类,8.896,0
2022-06-21,水生根茎类,6.063,1
2022-06-22,水生根茎类,13.806000000000001,2
2022-06-23,水生根茎类,5.402,3
2022-06-24,水生根茎类,25.878,4
2022-06-25,水生根茎类,40.332,5
2022-06-26,水生根茎类,31.364,6
2022-06-27,水生根茎类,12.659,0
2022-06-28,水生根茎类,19.501,1
2022-06-29,水生根茎类,16.118,2
2022-06-30,水生根茎类,10.625,3
2022-07-01,水生根茎类,15.086,4
2022-07-02,水生根茎类,28.667,5
2022-07-03,水生根茎类,63.873000000000005,6
2022-07-04,水生根茎类,20.219,0
2022-07-05,水生根茎类,34.508,1
2022-07-06,水生根茎类,39.018,2
2022-07-07,水生根茎类,43.066,3
2022-07-08,水生根茎类,32.713,4
2022-07-09,水生根茎类,44.591,5
2022-07-10,水生根茎类,35.703,6
2022-07-11,水生根茎类,43.103,0
2022-07-12,水生根茎类,29.78,1
2022-07-13,水生根茎类,31.995,2
2022-07-14,水生根茎类,12.376,3
2022-07-15,水生根茎类,43.241,4
2022-07-16,水生根茎类,107.272,5
2022-07-17,水生根茎类,131.3,6
2022-07-18,水生根茎类,57.442,0
2022-07-19,水生根茎类,90.19,1
2022-07-20,水生根茎类,89.355,2
2022-07-21,水生根茎类,75.92,3
2022-07-22,水生根茎类,44.43,4
2022-07-23,水生根茎类,67.395,5
2022-07-24,水生根茎类,112.091,6
2022-07-25,水生根茎类,90.633,0
2022-07-26,水生根茎类,68.863,1
2022-07-27,水生根茎类,71.087,2
2022-07-28,水生根茎类,70.756,3
2022-07-29,水生根茎类,66.925,4
2022-07-30,水生根茎类,71.293,5
2022-07-31,水生根茎类,131.591,6
2022-08-01,水生根茎类,91.813,0
2022-08-02,水生根茎类,28.385,1
2022-08-03,水生根茎类,95.589,2
2022-08-04,水生根茎类,64.171,3
2022-08-05,水生根茎类,43.931,4
2022-08-06,水生根茎类,106.723,5
2022-08-07,水生根茎类,89.746,6
2022-08-08,水生根茎类,86.531,0
2022-08-09,水生根茎类,54.281,1
2022-08-10,水生根茎类,89.973,2
2022-08-11,水生根茎类,70.377,3
2022-08-12,水生根茎类,79.938,4
2022-08-13,水生根茎类,139.761,5
2022-08-14,水生根茎类,97.044,6
2022-08-15,水生根茎类,102.925,0
2022-08-16,水生根茎类,69.881,1
2022-08-17,水生根茎类,104.095,2
2022-08-18,水生根茎类,81.503,3
2022-08-19,水生根茎类,144.451,4
2022-08-20,水生根茎类,95.698,5
2022-08-21,水生根茎类,87.971,6
2022-08-22,水生根茎类,66.488,0
2022-08-23,水生根茎类,86.205,1
2022-08-24,水生根茎类,57.232,2
2022-08-25,水生根茎类,51.219,3
2022-08-26,水生根茎类,48.72,4
2022-08-27,水生根茎类,104.458,5
2022-08-28,水生根茎类,102.839,6
2022-08-29,水生根茎类,59.775,0
2022-08-30,水生根茎类,93.293,1
2022-08-31,水生根茎类,28.994,2
2022-09-01,水生根茎类,56.77,3
2022-09-02,水生根茎类,53.186,4
2022-09-03,水生根茎类,88.589,5
2022-09-04,水生根茎类,124.55,6
2022-09-05,水生根茎类,60.192,0
2022-09-06,水生根茎类,54.584,1
2022-09-07,水生根茎类,58.284,2
2022-09-08,水生根茎类,46.658,3
2022-09-09,水生根茎类,111.676,4
2022-09-10,水生根茎类,155.467,5
2022-09-11,水生根茎类,97.363,6
2022-09-12,水生根茎类,38.383,0
2022-09-13,水生根茎类,25.627,1
2022-09-14,水生根茎类,27.935,2
2022-09-15,水生根茎类,29.546,3
2022-09-16,水生根茎类,26.977,4
2022-09-17,水生根茎类,50.024,5
2022-09-18,水生根茎类,58.668,6
2022-09-19,水生根茎类,9.274000000000001,0
2022-09-20,水生根茎类,14.946,1
2022-09-21,水生根茎类,18.429,2
2022-09-22,水生根茎类,20.182,3
2022-09-23,水生根茎类,30.662,4
2022-09-24,水生根茎类,49.291,5
2022-09-25,水生根茎类,14.038,6
2022-09-26,水生根茎类,34.863,0
2022-09-27,水生根茎类,35.665,1
2022-09-28,水生根茎类,62.641,2
2022-09-29,水生根茎类,43.663000000000004,3
2022-09-30,水生根茎类,70.235,4
2022-10-01,水生根茎类,102.731,5
2022-10-02,水生根茎类,81.611,6
2022-10-03,水生根茎类,93.09,0
2022-10-04,水生根茎类,104.984,1
2022-10-05,水生根茎类,118.421,2
2022-10-06,水生根茎类,132.357,3
2022-10-07,水生根茎类,110.302,4
2022-10-08,水生根茎类,81.908,5
2022-10-09,水生根茎类,66.479,6
2022-10-10,水生根茎类,46.834,0
2022-10-11,水生根茎类,51.596000000000004,1
2022-10-12,水生根茎类,39.206,2
2022-10-13,水生根茎类,61.838,3
2022-10-14,水生根茎类,13.046,4
2022-10-15,水生根茎类,101.798,5
2022-10-16,水生根茎类,86.333,6
2022-10-17,水生根茎类,38.615,0
2022-10-18,水生根茎类,41.022,1
2022-10-19,水生根茎类,38.515,2
2022-10-20,水生根茎类,52.368,3
2022-10-21,水生根茎类,97.068,4
2022-10-22,水生根茎类,77.747,5
2022-10-23,水生根茎类,61.265,6
2022-10-24,水生根茎类,37.236,0
2022-10-25,水生根茎类,36.981,1
2022-10-26,水生根茎类,35.475,2
2022-10-27,水生根茎类,35.991,3
2022-10-28,水生根茎类,63.12,4
2022-10-29,水生根茎类,98.462,5
2022-10-30,水生根茎类,67.588,6
2022-10-31,水生根茎类,32.213,0
2022-11-01,水生根茎类,29.485,1
2022-11-03,水生根茎类,13.926,3
2022-11-05,水生根茎类,74.216,5
2022-11-06,水生根茎类,60.306,6
2022-11-07,水生根茎类,22.799,0
2022-11-08,水生根茎类,31.054,1
2022-11-09,水生根茎类,21.313,2
2022-11-10,水生根茎类,17.046,3
2022-11-11,水生根茎类,40.363,4
2022-11-12,水生根茎类,73.358,5
2022-11-13,水生根茎类,54.616,6
2022-11-14,水生根茎类,27.893,0
2022-11-15,水生根茎类,31.82,1
2022-11-16,水生根茎类,17.224,2
2022-11-17,水生根茎类,40.679,3
2022-11-18,水生根茎类,59.900999999999996,4
2022-11-19,水生根茎类,183.307,5
2022-11-20,水生根茎类,65.057,6
2022-11-21,水生根茎类,264.657,0
2022-11-22,水生根茎类,30.541,1
2022-11-23,水生根茎类,50.24,2
2022-11-24,水生根茎类,29.738,3
2022-11-25,水生根茎类,62.003,4
2022-11-26,水生根茎类,37.043,5
2022-11-27,水生根茎类,3.165,6
2022-11-28,水生根茎类,1.8090000000000002,0
2022-11-29,水生根茎类,9.193999999999999,1
2022-12-04,水生根茎类,18.158,6
2022-12-05,水生根茎类,41.811,0
2022-12-06,水生根茎类,67.863,1
2022-12-07,水生根茎类,64.331,2
2022-12-08,水生根茎类,47.48,3
2022-12-09,水生根茎类,30.039,4
2022-12-10,水生根茎类,73.28,5
2022-12-11,水生根茎类,63.385,6
2022-12-12,水生根茎类,30.168,0
2022-12-13,水生根茎类,50.434,1
2022-12-14,水生根茎类,29.923,2
2022-12-15,水生根茎类,60.996,3
2022-12-16,水生根茎类,59.198,4
2022-12-17,水生根茎类,97.791,5
2022-12-18,水生根茎类,65.117,6
2022-12-19,水生根茎类,67.122,0
2022-12-20,水生根茎类,53.792,1
2022-12-21,水生根茎类,61.727000000000004,2
2022-12-22,水生根茎类,45.018,3
2022-12-23,水生根茎类,54.487,4
2022-12-24,水生根茎类,61.874,5
2022-12-25,水生根茎类,105.129,6
2022-12-26,水生根茎类,56.004,0
2022-12-27,水生根茎类,72.514,1
2022-12-28,水生根茎类,60.286,2
2022-12-29,水生根茎类,66.287,3
2022-12-30,水生根茎类,62.525,4
2022-12-31,水生根茎类,103.271,5
2023-01-01,水生根茎类,92.503,6
2023-01-02,水生根茎类,54.334,0
2023-01-03,水生根茎类,50.818,1
2023-01-04,水生根茎类,48.908,2
2023-01-05,水生根茎类,32.701,3
2023-01-06,水生根茎类,59.67,4
2023-01-07,水生根茎类,53.524,5
2023-01-08,水生根茎类,56.788,6
2023-01-09,水生根茎类,39.959,0
2023-01-10,水生根茎类,45.848,1
2023-01-11,水生根茎类,44.885,2
2023-01-12,水生根茎类,43.65,3
2023-01-13,水生根茎类,31.759,4
2023-01-14,水生根茎类,112.724,5
2023-01-15,水生根茎类,92.61,6
2023-01-16,水生根茎类,61.379,0
2023-01-17,水生根茎类,86.319,1
2023-01-18,水生根茎类,84.28,2
2023-01-19,水生根茎类,157.124,3
2023-01-20,水生根茎类,252.074,4
2023-01-22,水生根茎类,39.08,6
2023-01-23,水生根茎类,46.756,0
2023-01-24,水生根茎类,84.834,1
2023-01-25,水生根茎类,97.229,2
2023-01-26,水生根茎类,72.927,3
2023-01-27,水生根茎类,87.434,4
2023-01-28,水生根茎类,63.873,5
2023-01-29,水生根茎类,48.473,6
2023-01-30,水生根茎类,52.383,0
2023-01-31,水生根茎类,40.683,1
2023-02-01,水生根茎类,32.281,2
2023-02-02,水生根茎类,32.252,3
2023-02-03,水生根茎类,54.97,4
2023-02-04,水生根茎类,85.605,5
2023-02-05,水生根茎类,83.513,6
2023-02-06,水生根茎类,11.684,0
2023-02-07,水生根茎类,25.653,1
2023-02-08,水生根茎类,39.347,2
2023-02-09,水生根茎类,42.757,3
2023-02-10,水生根茎类,49.257,4
2023-02-11,水生根茎类,77.149,5
2023-02-12,水生根茎类,74.087,6
2023-02-13,水生根茎类,30.456,0
2023-02-14,水生根茎类,39.561,1
2023-02-15,水生根茎类,41.209,2
2023-02-16,水生根茎类,32.783,3
2023-02-17,水生根茎类,28.471,4
2023-02-18,水生根茎类,65.745,5
2023-02-19,水生根茎类,48.268,6
2023-02-20,水生根茎类,24.15,0
2023-02-21,水生根茎类,24.144,1
2023-02-22,水生根茎类,31.124,2
2023-02-23,水生根茎类,22.517,3
2023-02-24,水生根茎类,35.391,4
2023-02-25,水生根茎类,41.824,5
2023-02-26,水生根茎类,34.64,6
2023-02-27,水生根茎类,13.331,0
2023-02-28,水生根茎类,21.011,1
2023-03-01,水生根茎类,15.748,2
2023-03-02,水生根茎类,21.735,3
2023-03-03,水生根茎类,29.054,4
2023-03-04,水生根茎类,34.038,5
2023-03-05,水生根茎类,31.386,6
2023-03-06,水生根茎类,18.411,0
2023-03-07,水生根茎类,19.542,1
2023-03-08,水生根茎类,17.906,2
2023-03-09,水生根茎类,22.284,3
2023-03-10,水生根茎类,21.612,4
2023-03-11,水生根茎类,38.49,5
2023-03-12,水生根茎类,33.314,6
2023-03-13,水生根茎类,18.418,0
2023-03-14,水生根茎类,9.612,1
2023-03-15,水生根茎类,17.683,2
2023-03-16,水生根茎类,25.921,3
2023-03-17,水生根茎类,46.065,4
2023-03-18,水生根茎类,52.936,5
2023-03-19,水生根茎类,41.768,6
2023-03-20,水生根茎类,22.99,0
2023-03-21,水生根茎类,12.098,1
2023-03-22,水生根茎类,17.709,2
2023-03-23,水生根茎类,25.455,3
2023-03-24,水生根茎类,22.479,4
2023-03-25,水生根茎类,40.776,5
2023-03-26,水生根茎类,30.047,6
2023-03-27,水生根茎类,15.436,0
2023-03-28,水生根茎类,14.815999999999999,1
2023-03-29,水生根茎类,23.049,2
2023-03-30,水生根茎类,13.154,3
2023-03-31,水生根茎类,22.161,4
2023-04-01,水生根茎类,26.836,5
2023-04-02,水生根茎类,27.876,6
2023-04-03,水生根茎类,29.721,0
2023-04-04,水生根茎类,14.977,1
2023-04-05,水生根茎类,24.199,2
2023-04-06,水生根茎类,9.889,3
2023-04-07,水生根茎类,16.629,4
2023-04-08,水生根茎类,20.73,5
2023-04-09,水生根茎类,30.084,6
2023-04-10,水生根茎类,17.868,0
2023-04-11,水生根茎类,7.577,1
2023-04-12,水生根茎类,19.088,2
2023-04-13,水生根茎类,15.052000000000001,3
2023-04-14,水生根茎类,26.338,4
2023-04-15,水生根茎类,28.049,5
2023-04-16,水生根茎类,16.458,6
2023-04-17,水生根茎类,7.066,0
2023-04-18,水生根茎类,15.097,1
2023-04-19,水生根茎类,12.216,2
2023-04-20,水生根茎类,12.171,3
2023-04-21,水生根茎类,28.934,4
2023-04-22,水生根茎类,27.103,5
2023-04-23,水生根茎类,10.291,6
2023-04-24,水生根茎类,13.28,0
2023-04-25,水生根茎类,9.993,1
2023-04-26,水生根茎类,4.702,2
2023-04-27,水生根茎类,11.675,3
2023-04-28,水生根茎类,14.078,4
2023-04-29,水生根茎类,24.692999999999998,5
2023-04-30,水生根茎类,16.983,6
2023-05-01,水生根茎类,22.754,0
2023-05-02,水生根茎类,20.191,1
2023-05-03,水生根茎类,11.586,2
2023-05-04,水生根茎类,9.037,3
2023-05-05,水生根茎类,13.454,4
2023-05-06,水生根茎类,17.781,5
2023-05-07,水生根茎类,18.818,6
2023-05-08,水生根茎类,9.628,0
2023-05-09,水生根茎类,7.406,1
2023-05-10,水生根茎类,10.336,2
2023-05-11,水生根茎类,9.518,3
2023-05-12,水生根茎类,16.347,4
2023-05-13,水生根茎类,20.655,5
2023-05-14,水生根茎类,15.86,6
2023-05-15,水生根茎类,7.475,0
2023-05-16,水生根茎类,9.603,1
2023-05-17,水生根茎类,12.893,2
2023-05-18,水生根茎类,8.812,3
2023-05-19,水生根茎类,9.66,4
2023-05-20,水生根茎类,11.094,5
2023-05-21,水生根茎类,13.615,6
2023-05-22,水生根茎类,8.411,0
2023-05-23,水生根茎类,14.637,1
2023-05-24,水生根茎类,9.414,2
2023-05-25,水生根茎类,13.962,3
2023-05-26,水生根茎类,20.081,4
2023-05-27,水生根茎类,24.97,5
2023-05-28,水生根茎类,22.807,6
2023-05-29,水生根茎类,12.75,0
2023-05-30,水生根茎类,8.852,1
2023-05-31,水生根茎类,7.86,2
2023-06-01,水生根茎类,9.741,3
2023-06-02,水生根茎类,11.988,4
2023-06-03,水生根茎类,29.041,5
2023-06-04,水生根茎类,21.047,6
2023-06-05,水生根茎类,12.58,0
2023-06-06,水生根茎类,14.408,1
2023-06-07,水生根茎类,14.142,2
2023-06-08,水生根茎类,9.254,3
2023-06-09,水生根茎类,15.815999999999999,4
2023-06-10,水生根茎类,19.118,5
2023-06-11,水生根茎类,21.247,6
2023-06-12,水生根茎类,10.351,0
2023-06-13,水生根茎类,12.054,1
2023-06-14,水生根茎类,7.284,2
2023-06-15,水生根茎类,16.733,3
2023-06-16,水生根茎类,15.49,4
2023-06-17,水生根茎类,22.626,5
2023-06-18,水生根茎类,23.373,6
2023-06-19,水生根茎类,11.51,0
2023-06-20,水生根茎类,11.657,1
2023-06-21,水生根茎类,27.178,2
2023-06-22,水生根茎类,38.77,3
2023-06-23,水生根茎类,18.677,4
2023-06-24,水生根茎类,16.054,5
2023-06-25,水生根茎类,16.5,6
2023-06-26,水生根茎类,10.384,0
2023-06-27,水生根茎类,16.454,1
2023-06-28,水生根茎类,14.946,2
2023-06-29,水生根茎类,22.945,3
2023-06-30,水生根茎类,19.419,4
2020-07-01,花叶类,205.402,2
2020-07-02,花叶类,198.362,3
2020-07-03,花叶类,190.779,4
2020-07-04,花叶类,236.587,5
2020-07-05,花叶类,223.899,6
2020-07-06,花叶类,195.74,0
2020-07-07,花叶类,172.052,1
2020-07-08,花叶类,152.57,2
2020-07-09,花叶类,187.439,3
2020-07-10,花叶类,179.833,4
2020-07-11,花叶类,270.343,5
2020-07-12,花叶类,300.189,6
2020-07-13,花叶类,190.832,0
2020-07-14,花叶类,190.599,1
2020-07-15,花叶类,217.442,2
2020-07-16,花叶类,212.526,3
2020-07-17,花叶类,195.67,4
2020-07-18,花叶类,274.265,5
2020-07-19,花叶类,319.791,6
2020-07-20,花叶类,204.997,0
2020-07-21,花叶类,214.99,1
2020-07-22,花叶类,232.41,2
2020-07-23,花叶类,199.984,3
2020-07-24,花叶类,176.325,4
2020-07-25,花叶类,227.137,5
2020-07-26,花叶类,250.825,6
2020-07-27,花叶类,198.00900000000001,0
2020-07-28,花叶类,165.443,1
2020-07-29,花叶类,193.729,2
2020-07-30,花叶类,201.743,3
2020-07-31,花叶类,197.166,4
2020-08-01,花叶类,229.89000000000001,5
2020-08-02,花叶类,243.138,6
2020-08-03,花叶类,207.843,0
2020-08-04,花叶类,180.012,1
2020-08-05,花叶类,244.395,2
2020-08-06,花叶类,234.777,3
2020-08-07,花叶类,204.941,4
2020-08-08,花叶类,311.161,5
2020-08-09,花叶类,250.59,6
2020-08-10,花叶类,210.292,0
2020-08-11,花叶类,216.713,1
2020-08-12,花叶类,206.877,2
2020-08-13,花叶类,188.208,3
2020-08-14,花叶类,217.758,4
2020-08-15,花叶类,245.136,5
2020-08-16,花叶类,241.48,6
2020-08-17,花叶类,215.633,0
2020-08-18,花叶类,225.113,1
2020-08-19,花叶类,214.173,2
2020-08-20,花叶类,233.532,3
2020-08-21,花叶类,207.076,4
2020-08-22,花叶类,273.081,5
2020-08-23,花叶类,261.552,6
2020-08-24,花叶类,260.694,0
2020-08-25,花叶类,343.427,1
2020-08-26,花叶类,241.686,2
2020-08-27,花叶类,199.007,3
2020-08-28,花叶类,195.032,4
2020-08-29,花叶类,267.031,5
2020-08-30,花叶类,266.387,6
2020-08-31,花叶类,224.882,0
2020-09-01,花叶类,190.627,1
2020-09-02,花叶类,179.819,2
2020-09-03,花叶类,193.463,3
2020-09-04,花叶类,176.316,4
2020-09-05,花叶类,249.559,5
2020-09-06,花叶类,275.793,6
2020-09-07,花叶类,148.221,0
2020-09-08,花叶类,158.329,1
2020-09-09,花叶类,131.492,2
2020-09-10,花叶类,119.919,3
2020-09-11,花叶类,151.957,4
2020-09-12,花叶类,231.525,5
2020-09-13,花叶类,263.345,6
2020-09-14,花叶类,175.844,0
2020-09-15,花叶类,156.048,1
2020-09-16,花叶类,176.949,2
2020-09-17,花叶类,143.534,3
2020-09-18,花叶类,154.388,4
2020-09-19,花叶类,235.874,5
2020-09-20,花叶类,317.998,6
2020-09-21,花叶类,212.997,0
2020-09-22,花叶类,232.243,1
2020-09-23,花叶类,179.262,2
2020-09-24,花叶类,162.861,3
2020-09-25,花叶类,173.781,4
2020-09-26,花叶类,226.926,5
2020-09-27,花叶类,199.813,6
2020-09-28,花叶类,114.933,0
2020-09-29,花叶类,157.957,1
2020-09-30,花叶类,177.129,2
2020-10-01,花叶类,248.415,3
2020-10-02,花叶类,244.124,4
2020-10-03,花叶类,298.341,5
2020-10-04,花叶类,232.776,6
2020-10-05,花叶类,294.623,0
2020-10-06,花叶类,286.959,1
2020-10-07,花叶类,255.378,2
2020-10-08,花叶类,252.73,3
2020-10-09,花叶类,162.518,4
2020-10-10,花叶类,175.163,5
2020-10-11,花叶类,238.081,6
2020-10-12,花叶类,170.212,0
2020-10-13,花叶类,177.945,1
2020-10-14,花叶类,182.96,2
2020-10-15,花叶类,190.238,3
2020-10-16,花叶类,170.77,4
2020-10-17,花叶类,248.762,5
2020-10-18,花叶类,226.735,6
2020-10-19,花叶类,152.709,0
2020-10-20,花叶类,186.078,1
2020-10-21,花叶类,168.765,2
2020-10-22,花叶类,117.235,3
2020-10-23,花叶类,211.914,4
2020-10-24,花叶类,282.107,5
2020-10-25,花叶类,223.397,6
2020-10-26,花叶类,157.373,0
2020-10-27,花叶类,154.566,1
2020-10-28,花叶类,167.542,2
2020-10-29,花叶类,120.551,3
2020-10-30,花叶类,148.243,4
2020-10-31,花叶类,248.102,5
2020-11-01,花叶类,206.956,6
2020-11-02,花叶类,144.442,0
2020-11-03,花叶类,135.067,1
2020-11-04,花叶类,122.114,2
2020-11-05,花叶类,146.327,3
2020-11-06,花叶类,142.586,4
2020-11-07,花叶类,223.593,5
2020-11-08,花叶类,209.808,6
2020-11-09,花叶类,144.911,0
2020-11-10,花叶类,157.962,1
2020-11-11,花叶类,150.867,2
2020-11-12,花叶类,151.144,3
2020-11-13,花叶类,141.977,4
2020-11-14,花叶类,207.145,5
2020-11-15,花叶类,227.231,6
2020-11-16,花叶类,140.087,0
2020-11-17,花叶类,222.517,1
2020-11-18,花叶类,203.322,2
2020-11-19,花叶类,207.8,3
2020-11-20,花叶类,244.555,4
2020-11-21,花叶类,460.103,5
2020-11-22,花叶类,371.968,6
2020-11-23,花叶类,294.311,0
2020-11-24,花叶类,220.189,1
2020-11-25,花叶类,237.713,2
2020-11-26,花叶类,282.923,3
2020-11-27,花叶类,225.596,4
2020-11-28,花叶类,400.295,5
2020-11-29,花叶类,287.707,6
2020-11-30,花叶类,207.353,0
2020-12-01,花叶类,287.797,1
2020-12-02,花叶类,213.665,2
2020-12-03,花叶类,274.097,3
2020-12-04,花叶类,242.529,4
2020-12-05,花叶类,306.959,5
2020-12-06,花叶类,367.129,6
2020-12-07,花叶类,197.718,0
2020-12-08,花叶类,183.98,1
2020-12-09,花叶类,180.673,2
2020-12-10,花叶类,188.539,3
2020-12-11,花叶类,212.51,4
2020-12-12,花叶类,269.619,5
2020-12-13,花叶类,375.781,6
2020-12-14,花叶类,197.654,0
2020-12-15,花叶类,203.808,1
2020-12-16,花叶类,152.029,2
2020-12-17,花叶类,167.799,3
2020-12-18,花叶类,150.625,4
2020-12-19,花叶类,266.55,5
2020-12-20,花叶类,276.911,6
2020-12-21,花叶类,136.041,0
2020-12-22,花叶类,152.185,1
2020-12-23,花叶类,143.732,2
2020-12-24,花叶类,218.53300000000002,3
2020-12-25,花叶类,159.654,4
2020-12-26,花叶类,285.224,5
2020-12-27,花叶类,288.755,6
2020-12-28,花叶类,251.455,0
2020-12-29,花叶类,223.512,1
2020-12-30,花叶类,146.39000000000001,2
2020-12-31,花叶类,179.177,3
2021-01-01,花叶类,224.797,4
2021-01-02,花叶类,212.911,5
2021-01-03,花叶类,224.88,6
2021-01-04,花叶类,177.80100000000002,0
2021-01-05,花叶类,154.654,1
2021-01-06,花叶类,176.824,2
2021-01-07,花叶类,161.62800000000001,3
2021-01-08,花叶类,234.462,4
2021-01-09,花叶类,233.427,5
2021-01-10,花叶类,250.645,6
2021-01-11,花叶类,182.204,0
2021-01-12,花叶类,173.449,1
2021-01-13,花叶类,172.101,2
2021-01-14,花叶类,148.947,3
2021-01-15,花叶类,171.213,4
2021-01-16,花叶类,252.825,5
2021-01-17,花叶类,228.99099999999999,6
2021-01-18,花叶类,167.119,0
2021-01-19,花叶类,216.055,1
2021-01-20,花叶类,197.824,2
2021-01-21,花叶类,219.93,3
2021-01-22,花叶类,218.136,4
2021-01-23,花叶类,214.815,5
2021-01-24,花叶类,350.342,6
2021-01-25,花叶类,224.149,0
2021-01-26,花叶类,215.643,1
2021-01-27,花叶类,208.029,2
2021-01-28,花叶类,160.38400000000001,3
2021-01-29,花叶类,151.962,4
2021-01-30,花叶类,236.77700000000002,5
2021-01-31,花叶类,249.269,6
2021-02-01,花叶类,181.621,0
2021-02-02,花叶类,193.791,1
2021-02-03,花叶类,223.102,2
2021-02-04,花叶类,197.832,3
2021-02-05,花叶类,194.292,4
2021-02-06,花叶类,212.817,5
2021-02-07,花叶类,193.778,6
2021-02-08,花叶类,234.405,0
2021-02-09,花叶类,282.558,1
2021-02-10,花叶类,499.848,2
2021-02-13,花叶类,243.485,5
2021-02-14,花叶类,195.74,6
2021-02-15,花叶类,300.13,0
2021-02-16,花叶类,253.696,1
2021-02-17,花叶类,180.052,2
2021-02-18,花叶类,227.336,3
2021-02-19,花叶类,184.169,4
2021-02-20,花叶类,175.262,5
2021-02-21,花叶类,144.855,6
2021-02-22,花叶类,139.491,0
2021-02-23,花叶类,136.05,1
2021-02-24,花叶类,190.158,2
2021-02-25,花叶类,156.613,3
2021-02-26,花叶类,276.322,4
2021-02-27,花叶类,218.04,5
2021-02-28,花叶类,305.647,6
2021-03-01,花叶类,241.709,0
2021-03-02,花叶类,182.984,1
2021-03-03,花叶类,186.008,2
2021-03-04,花叶类,145.281,3
2021-03-05,花叶类,211.185,4
2021-03-06,花叶类,288.817,5
2021-03-07,花叶类,257.809,6
2021-03-08,花叶类,211.746,0
2021-03-09,花叶类,170.907,1
2021-03-10,花叶类,119.599,2
2021-03-11,花叶类,158.357,3
2021-03-12,花叶类,152.44,4
2021-03-13,花叶类,169.055,5
2021-03-14,花叶类,176.032,6
2021-03-15,花叶类,90.812,0
2021-03-16,花叶类,100.121,1
2021-03-17,花叶类,107.653,2
2021-03-18,花叶类,128.058,3
2021-03-19,花叶类,140.893,4
2021-03-20,花叶类,267.979,5
2021-03-21,花叶类,199.712,6
2021-03-22,花叶类,115.022,0
2021-03-23,花叶类,134.706,1
2021-03-24,花叶类,103.505,2
2021-03-25,花叶类,86.632,3
2021-03-26,花叶类,167.327,4
2021-03-27,花叶类,199.727,5
2021-03-28,花叶类,161.164,6
2021-03-29,花叶类,111.308,0
2021-03-30,花叶类,130.803,1
2021-03-31,花叶类,143.294,2
2021-04-01,花叶类,162.291,3
2021-04-02,花叶类,178.71,4
2021-04-03,花叶类,212.267,5
2021-04-04,花叶类,192.021,6
2021-04-05,花叶类,178.469,0
2021-04-06,花叶类,55.611,1
2021-04-07,花叶类,198.107,2
2021-04-08,花叶类,136.899,3
2021-04-09,花叶类,145.026,4
2021-04-10,花叶类,203.93,5
2021-04-11,花叶类,211.619,6
2021-04-12,花叶类,148.371,0
2021-04-13,花叶类,127.207,1
2021-04-14,花叶类,151.83,2
2021-04-15,花叶类,130.081,3
2021-04-16,花叶类,130.808,4
2021-04-17,花叶类,194.951,5
2021-04-18,花叶类,194.451,6
2021-04-19,花叶类,134.781,0
2021-04-20,花叶类,150.715,1
2021-04-21,花叶类,182.939,2
2021-04-22,花叶类,150.806,3
2021-04-23,花叶类,171.226,4
2021-04-24,花叶类,264.803,5
2021-04-25,花叶类,221.785,6
2021-04-26,花叶类,151.258,0
2021-04-27,花叶类,135.216,1
2021-04-28,花叶类,125.4,2
2021-04-29,花叶类,134.898,3
2021-04-30,花叶类,138.585,4
2021-05-01,花叶类,171.826,5
2021-05-02,花叶类,198.544,6
2021-05-03,花叶类,226.265,0
2021-05-04,花叶类,200.985,1
2021-05-05,花叶类,203.532,2
2021-05-06,花叶类,151.84,3
2021-05-07,花叶类,147.508,4
2021-05-08,花叶类,160.786,5
2021-05-09,花叶类,216.668,6
2021-05-10,花叶类,157.721,0
2021-05-11,花叶类,190.06,1
2021-05-12,花叶类,182.519,2
2021-05-13,花叶类,157.293,3
2021-05-14,花叶类,191.116,4
2021-05-15,花叶类,258.278,5
2021-05-16,花叶类,212.588,6
2021-05-17,花叶类,176.658,0
2021-05-18,花叶类,173.271,1
2021-05-19,花叶类,140.823,2
2021-05-20,花叶类,148.851,3
2021-05-21,花叶类,106.472,4
2021-05-22,花叶类,190.363,5
2021-05-23,花叶类,217.25900000000001,6
2021-05-24,花叶类,148.831,0
2021-05-25,花叶类,130.325,1
2021-05-26,花叶类,166.467,2
2021-05-27,花叶类,145.237,3
2021-05-28,花叶类,123.824,4
2021-05-29,花叶类,180.875,5
2021-05-30,花叶类,196.236,6
2021-05-31,花叶类,191.98,0
2021-06-01,花叶类,151.091,1
2021-06-02,花叶类,178.517,2
2021-06-03,花叶类,142.37199999999999,3
2021-06-04,花叶类,121.093,4
2021-06-05,花叶类,204.287,5
2021-06-06,花叶类,222.817,6
2021-06-07,花叶类,148.539,0
2021-06-08,花叶类,144.482,1
2021-06-09,花叶类,126.359,2
2021-06-10,花叶类,122.004,3
2021-06-11,花叶类,129.982,4
2021-06-12,花叶类,210.267,5
2021-06-13,花叶类,211.28,6
2021-06-14,花叶类,169.858,0
2021-06-15,花叶类,127.719,1
2021-06-16,花叶类,104.991,2
2021-06-17,花叶类,113.507,3
2021-06-18,花叶类,150.875,4
2021-06-19,花叶类,203.369,5
2021-06-20,花叶类,202.307,6
2021-06-21,花叶类,150.07,0
2021-06-22,花叶类,126.151,1
2021-06-23,花叶类,123.214,2
2021-06-24,花叶类,127.946,3
2021-06-25,花叶类,146.582,4
2021-06-26,花叶类,197.69,5
2021-06-27,花叶类,213.547,6
2021-06-28,花叶类,125.782,0
2021-06-29,花叶类,110.196,1
2021-06-30,花叶类,125.415,2
2021-07-01,花叶类,148.597,3
2021-07-02,花叶类,133.586,4
2021-07-03,花叶类,197.925,5
2021-07-04,花叶类,197.322,6
2021-07-05,花叶类,176.276,0
2021-07-06,花叶类,173.864,1
2021-07-07,花叶类,149.514,2
2021-07-08,花叶类,143.491,3
2021-07-09,花叶类,114.966,4
2021-07-10,花叶类,176.065,5
2021-07-11,花叶类,212.957,6
2021-07-12,花叶类,140.305,0
2021-07-13,花叶类,149.772,1
2021-07-14,花叶类,163.863,2
2021-07-15,花叶类,141.75,3
2021-07-16,花叶类,236.055,4
2021-07-17,花叶类,223.655,5
2021-07-18,花叶类,234.028,6
2021-07-19,花叶类,174.827,0
2021-07-20,花叶类,152.362,1
2021-07-21,花叶类,152.653,2
2021-07-22,花叶类,154.625,3
2021-07-23,花叶类,150.636,4
2021-07-24,花叶类,206.923,5
2021-07-25,花叶类,248.502,6
2021-07-26,花叶类,155.365,0
2021-07-27,花叶类,189.082,1
2021-07-28,花叶类,205.803,2
2021-07-29,花叶类,193.613,3
2021-07-30,花叶类,214.155,4
2021-07-31,花叶类,255.972,5
2021-08-01,花叶类,251.271,6
2021-08-02,花叶类,283.115,0
2021-08-03,花叶类,264.825,1
2021-08-04,花叶类,313.269,2
2021-08-05,花叶类,245.944,3
2021-08-06,花叶类,189.756,4
2021-08-07,花叶类,232.089,5
2021-08-08,花叶类,265.775,6
2021-08-09,花叶类,234.344,0
2021-08-10,花叶类,193.189,1
2021-08-11,花叶类,225.45,2
2021-08-12,花叶类,275.876,3
2021-08-13,花叶类,274.08,4
2021-08-14,花叶类,281.13,5
2021-08-15,花叶类,297.499,6
2021-08-16,花叶类,190.573,0
2021-08-17,花叶类,183.216,1
2021-08-18,花叶类,185.59,2
2021-08-19,花叶类,183.245,3
2021-08-20,花叶类,195.116,4
2021-08-21,花叶类,241.956,5
2021-08-22,花叶类,281.156,6
2021-08-23,花叶类,178.374,0
2021-08-24,花叶类,168.012,1
2021-08-25,花叶类,145.216,2
2021-08-26,花叶类,255.505,3
2021-08-27,花叶类,259.053,4
2021-08-28,花叶类,244.915,5
2021-08-29,花叶类,229.082,6
2021-08-30,花叶类,178.587,0
2021-08-31,花叶类,165.821,1
2021-09-01,花叶类,177.642,2
2021-09-02,花叶类,161.364,3
2021-09-03,花叶类,149.219,4
2021-09-04,花叶类,221.353,5
2021-09-05,花叶类,238.552,6
2021-09-06,花叶类,191.936,0
2021-09-07,花叶类,163.316,1
2021-09-08,花叶类,161.268,2
2021-09-09,花叶类,120.989,3
2021-09-10,花叶类,133.882,4
2021-09-11,花叶类,257.43,5
2021-09-12,花叶类,275.532,6
2021-09-13,花叶类,152.695,0
2021-09-14,花叶类,163.291,1
2021-09-15,花叶类,150.327,2
2021-09-16,花叶类,97.458,3
2021-09-17,花叶类,128.348,4
2021-09-18,花叶类,134.22,5
2021-09-19,花叶类,216.23,6
2021-09-20,花叶类,224.186,0
2021-09-21,花叶类,239.505,1
2021-09-22,花叶类,137.039,2
2021-09-23,花叶类,107.29,3
2021-09-24,花叶类,104.375,4
2021-09-25,花叶类,185.574,5
2021-09-26,花叶类,148.806,6
2021-09-27,花叶类,96.875,0
2021-09-28,花叶类,104.01,1
2021-09-29,花叶类,113.135,2
2021-09-30,花叶类,106.123,3
2021-10-01,花叶类,205.461,4
2021-10-02,花叶类,168.625,5
2021-10-03,花叶类,174.094,6
2021-10-04,花叶类,170.882,0
2021-10-05,花叶类,180.889,1
2021-10-06,花叶类,264.068,2
2021-10-07,花叶类,183.467,3
2021-10-08,花叶类,138.096,4
2021-10-09,花叶类,132.744,5
2021-10-10,花叶类,262.562,6
2021-10-11,花叶类,88.447,0
2021-10-12,花叶类,99.674,1
2021-10-13,花叶类,88.237,2
2021-10-14,花叶类,77.809,3
2021-10-15,花叶类,146.297,4
2021-10-16,花叶类,273.582,5
2021-10-17,花叶类,163.589,6
2021-10-18,花叶类,84.784,0
2021-10-19,花叶类,78.684,1
2021-10-20,花叶类,109.339,2
2021-10-21,花叶类,79.858,3
2021-10-22,花叶类,75.936,4
2021-10-23,花叶类,99.498,5
2021-10-24,花叶类,101.014,6
2021-10-25,花叶类,48.556,0
2021-10-26,花叶类,66.948,1
2021-10-27,花叶类,94.727,2
2021-10-28,花叶类,80.941,3
2021-10-29,花叶类,89.73,4
2021-10-30,花叶类,140.981,5
2021-10-31,花叶类,92.342,6
2021-11-01,花叶类,60.969,0
2021-11-02,花叶类,68.055,1
2021-11-03,花叶类,50.572,2
2021-11-04,花叶类,64.051,3
2021-11-05,花叶类,83.345,4
2021-11-06,花叶类,108.548,5
2021-11-07,花叶类,145.887,6
2021-11-08,花叶类,66.376,0
2021-11-09,花叶类,44.431,1
2021-11-10,花叶类,49.063,2
2021-11-11,花叶类,48.787,3
2021-11-12,花叶类,51.422,4
2021-11-13,花叶类,70.452,5
2021-11-14,花叶类,99.456,6
2021-11-15,花叶类,42.62,0
2021-11-16,花叶类,53.515,1
2021-11-17,花叶类,45.689,2
2021-11-18,花叶类,41.864,3
2021-11-19,花叶类,38.008,4
2021-11-20,花叶类,95.311,5
2021-11-21,花叶类,80.775,6
2021-11-22,花叶类,42.247,0
2021-11-23,花叶类,55.622,1
2021-11-24,花叶类,39.991,2
2021-11-25,花叶类,44.906,3
2021-11-26,花叶类,51.836,4
2021-11-27,花叶类,68.057,5
2021-11-28,花叶类,78.347,6
2021-11-29,花叶类,57.865,0
2021-11-30,花叶类,43.009,1
2021-12-01,花叶类,73.794,2
2021-12-02,花叶类,58.359,3
2021-12-03,花叶类,73.847,4
2021-12-04,花叶类,93.905,5
2021-12-05,花叶类,115.184,6
2021-12-06,花叶类,64.231,0
2021-12-07,花叶类,63.263,1
2021-12-08,花叶类,70.377,2
2021-12-09,花叶类,57.675,3
2021-12-10,花叶类,68.296,4
2021-12-11,花叶类,141.287,5
2021-12-12,花叶类,116.349,6
2021-12-13,花叶类,61.915,0
2021-12-14,花叶类,66.116,1
2021-12-15,花叶类,101.666,2
2021-12-16,花叶类,99.125,3
2021-12-17,花叶类,97.582,4
2021-12-18,花叶类,109.389,5
2021-12-19,花叶类,147.891,6
2021-12-20,花叶类,82.83200000000001,0
2021-12-21,花叶类,71.006,1
2021-12-22,花叶类,75.729,2
2021-12-23,花叶类,91.213,3
2021-12-24,花叶类,120.944,4
2021-12-25,花叶类,180.787,5
2021-12-26,花叶类,209.308,6
2021-12-27,花叶类,82.705,0
2021-12-28,花叶类,86.043,1
2021-12-29,花叶类,68.165,2
2021-12-30,花叶类,84.271,3
2021-12-31,花叶类,125.701,4
2022-01-01,花叶类,138.402,5
2022-01-02,花叶类,110.056,6
2022-01-03,花叶类,90.081,0
2022-01-04,花叶类,70.388,1
2022-01-05,花叶类,65.654,2
2022-01-06,花叶类,60.316,3
2022-01-07,花叶类,90.664,4
2022-01-08,花叶类,130.766,5
2022-01-09,花叶类,147.528,6
2022-01-10,花叶类,76.365,0
2022-01-11,花叶类,86.15,1
2022-01-12,花叶类,85.232,2
2022-01-13,花叶类,73.369,3
2022-01-14,花叶类,103.099,4
2022-01-15,花叶类,124.109,5
2022-01-16,花叶类,137.15,6
2022-01-17,花叶类,90.383,0
2022-01-18,花叶类,85.852,1
2022-01-19,花叶类,129.677,2
2022-01-20,花叶类,134.88,3
2022-01-21,花叶类,146.062,4
2022-01-22,花叶类,210.297,5
2022-01-23,花叶类,186.693,6
2022-01-24,花叶类,187.463,0
2022-01-25,花叶类,153.198,1
2022-01-26,花叶类,172.651,2
2022-01-27,花叶类,169.503,3
2022-01-28,花叶类,188.131,4
2022-01-29,花叶类,207.671,5
2022-01-30,花叶类,229.022,6
2022-02-01,花叶类,63.003,1
2022-02-02,花叶类,88.412,2
2022-02-03,花叶类,116.536,3
2022-02-04,花叶类,216.497,4
2022-02-05,花叶类,208.189,5
2022-02-06,花叶类,219.985,6
2022-02-07,花叶类,160.054,0
2022-02-08,花叶类,162.297,1
2022-02-09,花叶类,138.288,2
2022-02-10,花叶类,116.133,3
2022-02-11,花叶类,132.508,4
2022-02-12,花叶类,154.467,5
2022-02-13,花叶类,165.85,6
2022-02-14,花叶类,150.014,0
2022-02-15,花叶类,154.453,1
2022-02-16,花叶类,99.015,2
2022-02-17,花叶类,112.077,3
2022-02-18,花叶类,98.783,4
2022-02-19,花叶类,120.64,5
2022-02-20,花叶类,105.918,6
2022-02-21,花叶类,85.387,0
2022-02-22,花叶类,78.356,1
2022-02-23,花叶类,65.21,2
2022-02-24,花叶类,75.146,3
2022-02-25,花叶类,96.432,4
2022-02-26,花叶类,118.507,5
2022-02-27,花叶类,94.607,6
2022-02-28,花叶类,77.285,0
2022-03-01,花叶类,75.286,1
2022-03-02,花叶类,70.109,2
2022-03-03,花叶类,62.041,3
2022-03-04,花叶类,78.622,4
2022-03-05,花叶类,125.495,5
2022-03-06,花叶类,141.174,6
2022-03-07,花叶类,76.68599999999999,0
2022-03-08,花叶类,82.174,1
2022-03-09,花叶类,66.059,2
2022-03-10,花叶类,73.508,3
2022-03-11,花叶类,88.822,4
2022-03-12,花叶类,129.766,5
2022-03-13,花叶类,101.51,6
2022-03-14,花叶类,98.279,0
2022-03-15,花叶类,102.32900000000001,1
2022-03-16,花叶类,105.619,2
2022-03-17,花叶类,108.394,3
2022-03-18,花叶类,112.098,4
2022-03-19,花叶类,201.276,5
2022-03-20,花叶类,173.788,6
2022-03-21,花叶类,192.734,0
2022-03-22,花叶类,133.244,1
2022-03-23,花叶类,88.81099999999999,2
2022-03-24,花叶类,106.202,3
2022-03-25,花叶类,132.493,4
2022-03-26,花叶类,152.529,5
2022-03-27,花叶类,140.651,6
2022-03-28,花叶类,85.85,0
2022-03-29,花叶类,75.286,1
2022-03-30,花叶类,86.195,2
2022-03-31,花叶类,92.587,3
2022-04-01,花叶类,130.262,4
2022-04-02,花叶类,133.168,5
2022-04-03,花叶类,111.538,6
2022-04-04,花叶类,148.726,0
2022-04-05,花叶类,146.419,1
2022-04-06,花叶类,109.94500000000001,2
2022-04-07,花叶类,85.201,3
2022-04-08,花叶类,87.65,4
2022-04-09,花叶类,141.102,5
2022-04-10,花叶类,184.591,6
2022-04-11,花叶类,93.428,0
2022-04-12,花叶类,106.268,1
2022-04-13,花叶类,100.363,2
2022-04-14,花叶类,128.586,3
2022-04-15,花叶类,131.828,4
2022-04-16,花叶类,124.808,5
2022-04-17,花叶类,107.549,6
2022-04-18,花叶类,112.679,0
2022-04-19,花叶类,101.391,1
2022-04-20,花叶类,105.275,2
2022-04-21,花叶类,112.794,3
2022-04-22,花叶类,114.043,4
2022-04-23,花叶类,118.653,5
2022-04-24,花叶类,99.189,6
2022-04-25,花叶类,116.365,0
2022-04-26,花叶类,91.764,1
2022-04-27,花叶类,88.807,2
2022-04-28,花叶类,111.594,3
2022-04-29,花叶类,106.05199999999999,4
2022-04-30,花叶类,141.039,5
2022-05-01,花叶类,147.275,6
2022-05-02,花叶类,115.468,0
2022-05-03,花叶类,88.193,1
2022-05-04,花叶类,105.769,2
2022-05-05,花叶类,90.652,3
2022-05-06,花叶类,95.683,4
2022-05-07,花叶类,113.896,5
2022-05-08,花叶类,116.519,6
2022-05-09,花叶类,91.68,0
2022-05-10,花叶类,95.42,1
2022-05-11,花叶类,86.213,2
2022-05-12,花叶类,79.619,3
2022-05-13,花叶类,102.98,4
2022-05-14,花叶类,159.404,5
2022-05-15,花叶类,156.705,6
2022-05-16,花叶类,82.78,0
2022-05-17,花叶类,67.12,1
2022-05-18,花叶类,92.724,2
2022-05-19,花叶类,92.356,3
2022-05-20,花叶类,90.647,4
2022-05-21,花叶类,154.655,5
2022-05-22,花叶类,164.269,6
2022-05-23,花叶类,92.654,0
2022-05-24,花叶类,122.403,1
2022-05-25,花叶类,84.787,2
2022-05-26,花叶类,88.361,3
2022-05-27,花叶类,86.554,4
2022-05-28,花叶类,188.829,5
2022-05-29,花叶类,178.516,6
2022-05-30,花叶类,92.512,0
2022-05-31,花叶类,87.827,1
2022-06-01,花叶类,90.488,2
2022-06-02,花叶类,112.624,3
2022-06-03,花叶类,185.595,4
2022-06-04,花叶类,113.331,5
2022-06-05,花叶类,102.505,6
2022-06-06,花叶类,104.547,0
2022-06-07,花叶类,105.767,1
2022-06-08,花叶类,113.862,2
2022-06-09,花叶类,281.247,3
2022-06-10,花叶类,115.093,4
2022-06-11,花叶类,195.647,5
2022-06-12,花叶类,166.51500000000001,6
2022-06-13,花叶类,116.051,0
2022-06-14,花叶类,110.671,1
2022-06-15,花叶类,105.84,2
2022-06-16,花叶类,109.346,3
2022-06-17,花叶类,118.682,4
2022-06-18,花叶类,191.228,5
2022-06-19,花叶类,187.623,6
2022-06-20,花叶类,123.54,0
2022-06-21,花叶类,110.973,1
2022-06-22,花叶类,108.759,2
2022-06-23,花叶类,84.617,3
2022-06-24,花叶类,104.325,4
2022-06-25,花叶类,155.786,5
2022-06-26,花叶类,163.919,6
2022-06-27,花叶类,105.20700000000001,0
2022-06-28,花叶类,133.899,1
2022-06-29,花叶类,156.09,2
2022-06-30,花叶类,127.274,3
2022-07-01,花叶类,149.719,4
2022-07-02,花叶类,195.295,5
2022-07-03,花叶类,188.672,6
2022-07-04,花叶类,116.605,0
2022-07-05,花叶类,133.21,1
2022-07-06,花叶类,164.461,2
2022-07-07,花叶类,134.044,3
2022-07-08,花叶类,129.05,4
2022-07-09,花叶类,173.971,5
2022-07-10,花叶类,186.916,6
2022-07-11,花叶类,133.262,0
2022-07-12,花叶类,129.271,1
2022-07-13,花叶类,150.034,2
2022-07-14,花叶类,131.965,3
2022-07-15,花叶类,118.425,4
2022-07-16,花叶类,175.925,5
2022-07-17,花叶类,190.249,6
2022-07-18,花叶类,132.053,0
2022-07-19,花叶类,134.06,1
2022-07-20,花叶类,160.945,2
2022-07-21,花叶类,140.656,3
2022-07-22,花叶类,119.449,4
2022-07-23,花叶类,163.238,5
2022-07-24,花叶类,187.595,6
2022-07-25,花叶类,128.305,0
2022-07-26,花叶类,161.551,1
2022-07-27,花叶类,131.633,2
2022-07-28,花叶类,170.771,3
2022-07-29,花叶类,331.236,4
2022-07-30,花叶类,343.157,5
2022-07-31,花叶类,320.998,6
2022-08-01,花叶类,304.399,0
2022-08-02,花叶类,270.798,1
2022-08-03,花叶类,337.105,2
2022-08-04,花叶类,354.404,3
2022-08-05,花叶类,329.423,4
2022-08-06,花叶类,355.128,5
2022-08-07,花叶类,316.069,6
2022-08-08,花叶类,302.077,0
2022-08-09,花叶类,322.432,1
2022-08-10,花叶类,288.214,2
2022-08-11,花叶类,313.919,3
2022-08-12,花叶类,326.821,4
2022-08-13,花叶类,478.995,5
2022-08-14,花叶类,394.715,6
2022-08-15,花叶类,347.367,0
2022-08-16,花叶类,368.861,1
2022-08-17,花叶类,358.863,2
2022-08-18,花叶类,424.262,3
2022-08-19,花叶类,399.426,4
2022-08-20,花叶类,429.043,5
2022-08-21,花叶类,432.675,6
2022-08-22,花叶类,303.2,0
2022-08-23,花叶类,258.56,1
2022-08-24,花叶类,233.767,2
2022-08-25,花叶类,243.786,3
2022-08-26,花叶类,250.941,4
2022-08-27,花叶类,357.705,5
2022-08-28,花叶类,252.244,6
2022-08-29,花叶类,297.05,0
2022-08-30,花叶类,236.727,1
2022-08-31,花叶类,242.409,2
2022-09-01,花叶类,311.034,3
2022-09-02,花叶类,328.216,4
2022-09-03,花叶类,419.813,5
2022-09-04,花叶类,491.166,6
2022-09-05,花叶类,285.889,0
2022-09-06,花叶类,250.203,1
2022-09-07,花叶类,260.624,2
2022-09-08,花叶类,222.033,3
2022-09-09,花叶类,311.923,4
2022-09-10,花叶类,418.263,5
2022-09-11,花叶类,349.924,6
2022-09-12,花叶类,315.002,0
2022-09-13,花叶类,216.669,1
2022-09-14,花叶类,185.157,2
2022-09-15,花叶类,201.569,3
2022-09-16,花叶类,193.806,4
2022-09-17,花叶类,358.256,5
2022-09-18,花叶类,376.496,6
2022-09-19,花叶类,212.507,0
2022-09-20,花叶类,262.543,1
2022-09-21,花叶类,213.475,2
2022-09-22,花叶类,226.528,3
2022-09-23,花叶类,243.19,4
2022-09-24,花叶类,345.852,5
2022-09-25,花叶类,320.644,6
2022-09-26,花叶类,196.445,0
2022-09-27,花叶类,158.187,1
2022-09-28,花叶类,142.124,2
2022-09-29,花叶类,175.757,3
2022-09-30,花叶类,200.098,4
2022-10-01,花叶类,318.485,5
2022-10-02,花叶类,253.861,6
2022-10-03,花叶类,252.75300000000001,0
2022-10-04,花叶类,328.918,1
2022-10-05,花叶类,373.666,2
2022-10-06,花叶类,353.217,3
2022-10-07,花叶类,468.857,4
2022-10-08,花叶类,360.319,5
2022-10-09,花叶类,342.075,6
2022-10-10,花叶类,288.07,0
2022-10-11,花叶类,244.75900000000001,1
2022-10-12,花叶类,240.312,2
2022-10-13,花叶类,151.966,3
2022-10-14,花叶类,135.637,4
2022-10-15,花叶类,375.026,5
2022-10-16,花叶类,367.681,6
2022-10-17,花叶类,247.302,0
2022-10-18,花叶类,273.91,1
2022-10-19,花叶类,225.807,2
2022-10-20,花叶类,242.853,3
2022-10-21,花叶类,611.594,4
2022-10-22,花叶类,299.448,5
2022-10-23,花叶类,242.892,6
2022-10-24,花叶类,199.326,0
2022-10-25,花叶类,217.397,1
2022-10-26,花叶类,226.633,2
2022-10-27,花叶类,209.0,3
2022-10-28,花叶类,229.524,4
2022-10-29,花叶类,367.131,5
2022-10-30,花叶类,221.196,6
2022-10-31,花叶类,85.398,0
2022-11-01,花叶类,96.786,1
2022-11-03,花叶类,83.973,3
2022-11-05,花叶类,190.421,5
2022-11-06,花叶类,162.064,6
2022-11-07,花叶类,102.677,0
2022-11-08,花叶类,96.371,1
2022-11-09,花叶类,127.795,2
2022-11-10,花叶类,122.883,3
2022-11-11,花叶类,173.21,4
2022-11-12,花叶类,293.677,5
2022-11-13,花叶类,312.032,6
2022-11-14,花叶类,180.626,0
2022-11-15,花叶类,165.843,1
2022-11-16,花叶类,205.406,2
2022-11-17,花叶类,232.975,3
2022-11-18,花叶类,367.523,4
2022-11-19,花叶类,1265.473,5
2022-11-20,花叶类,146.034,6
2022-11-21,花叶类,821.168,0
2022-11-22,花叶类,173.192,1
2022-11-23,花叶类,247.572,2
2022-11-24,花叶类,260.618,3
2022-11-25,花叶类,228.796,4
2022-11-26,花叶类,352.511,5
2022-11-27,花叶类,40.471,6
2022-11-28,花叶类,40.862,0
2022-11-29,花叶类,31.298,1
2022-12-04,花叶类,99.399,6
2022-12-05,花叶类,170.093,0
2022-12-06,花叶类,226.171,1
2022-12-07,花叶类,272.787,2
2022-12-08,花叶类,173.924,3
2022-12-09,花叶类,140.88,4
2022-12-10,花叶类,231.009,5
2022-12-11,花叶类,204.481,6
2022-12-12,花叶类,173.035,0
2022-12-13,花叶类,185.802,1
2022-12-14,花叶类,226.115,2
2022-12-15,花叶类,291.759,3
2022-12-16,花叶类,305.67,4
2022-12-17,花叶类,265.09,5
2022-12-18,花叶类,295.364,6
2022-12-19,花叶类,201.178,0
2022-12-20,花叶类,252.224,1
2022-12-21,花叶类,285.265,2
2022-12-22,花叶类,223.248,3
2022-12-23,花叶类,210.784,4
2022-12-24,花叶类,285.085,5
2022-12-25,花叶类,362.94,6
2022-12-26,花叶类,253.075,0
2022-12-27,花叶类,253.518,1
2022-12-28,花叶类,257.429,2
2022-12-29,花叶类,237.407,3
2022-12-30,花叶类,244.088,4
2022-12-31,花叶类,329.509,5
2023-01-01,花叶类,329.635,6
2023-01-02,花叶类,287.812,0
2023-01-03,花叶类,215.984,1
2023-01-04,花叶类,171.91,2
2023-01-05,花叶类,186.069,3
2023-01-06,花叶类,202.912,4
2023-01-07,花叶类,187.324,5
2023-01-08,花叶类,219.372,6
2023-01-09,花叶类,185.585,0
2023-01-10,花叶类,200.196,1
2023-01-11,花叶类,185.254,2
2023-01-12,花叶类,202.709,3
2023-01-13,花叶类,215.635,4
2023-01-14,花叶类,447.993,5
2023-01-15,花叶类,278.968,6
2023-01-16,花叶类,216.173,0
2023-01-17,花叶类,180.232,1
2023-01-18,花叶类,281.893,2
2023-01-19,花叶类,371.074,3
2023-01-20,花叶类,594.071,4
2023-01-22,花叶类,219.378,6
2023-01-23,花叶类,291.352,0
2023-01-24,花叶类,205.447,1
2023-01-25,花叶类,245.072,2
2023-01-26,花叶类,272.125,3
2023-01-27,花叶类,283.135,4
2023-01-28,花叶类,235.443,5
2023-01-29,花叶类,229.694,6
2023-01-30,花叶类,216.18,0
2023-01-31,花叶类,202.836,1
2023-02-01,花叶类,156.42,2
2023-02-02,花叶类,204.688,3
2023-02-03,花叶类,189.282,4
2023-02-04,花叶类,252.725,5
2023-02-05,花叶类,281.351,6
2023-02-06,花叶类,179.662,0
2023-02-07,花叶类,154.543,1
2023-02-08,花叶类,161.297,2
2023-02-09,花叶类,203.645,3
2023-02-10,花叶类,175.847,4
2023-02-11,花叶类,243.908,5
2023-02-12,花叶类,309.307,6
2023-02-13,花叶类,226.189,0
2023-02-14,花叶类,160.285,1
2023-02-15,花叶类,184.475,2
2023-02-16,花叶类,155.351,3
2023-02-17,花叶类,160.609,4
2023-02-18,花叶类,285.815,5
2023-02-19,花叶类,230.404,6
2023-02-20,花叶类,138.164,0
2023-02-21,花叶类,150.154,1
2023-02-22,花叶类,138.874,2
2023-02-23,花叶类,154.467,3
2023-02-24,花叶类,134.956,4
2023-02-25,花叶类,219.47,5
2023-02-26,花叶类,243.01,6
2023-02-27,花叶类,136.926,0
2023-02-28,花叶类,115.968,1
2023-03-01,花叶类,139.125,2
2023-03-02,花叶类,131.001,3
2023-03-03,花叶类,152.142,4
2023-03-04,花叶类,163.918,5
2023-03-05,花叶类,178.491,6
2023-03-06,花叶类,107.018,0
2023-03-07,花叶类,125.449,1
2023-03-08,花叶类,119.807,2
2023-03-09,花叶类,121.336,3
2023-03-10,花叶类,131.927,4
2023-03-11,花叶类,222.762,5
2023-03-12,花叶类,195.971,6
2023-03-13,花叶类,135.094,0
2023-03-14,花叶类,140.076,1
2023-03-15,花叶类,171.809,2
2023-03-16,花叶类,190.911,3
2023-03-17,花叶类,238.58,4
2023-03-18,花叶类,289.075,5
2023-03-19,花叶类,247.366,6
2023-03-20,花叶类,195.663,0
2023-03-21,花叶类,193.124,1
2023-03-22,花叶类,170.723,2
2023-03-23,花叶类,179.648,3
2023-03-24,花叶类,202.72,4
2023-03-25,花叶类,253.903,5
2023-03-26,花叶类,264.043,6
2023-03-27,花叶类,149.361,0
2023-03-28,花叶类,145.975,1
2023-03-29,花叶类,130.475,2
2023-03-30,花叶类,179.795,3
2023-03-31,花叶类,208.892,4
2023-04-01,花叶类,208.377,5
2023-04-02,花叶类,185.985,6
2023-04-03,花叶类,170.821,0
2023-04-04,花叶类,169.641,1
2023-04-05,花叶类,217.271,2
2023-04-06,花叶类,136.403,3
2023-04-07,花叶类,131.267,4
2023-04-08,花叶类,183.926,5
2023-04-09,花叶类,197.616,6
2023-04-10,花叶类,123.411,0
2023-04-11,花叶类,158.881,1
2023-04-12,花叶类,118.18,2
2023-04-13,花叶类,92.251,3
2023-04-14,花叶类,131.729,4
2023-04-15,花叶类,208.169,5
2023-04-16,花叶类,204.874,6
2023-04-17,花叶类,106.884,0
2023-04-18,花叶类,182.607,1
2023-04-19,花叶类,156.553,2
2023-04-20,花叶类,122.087,3
2023-04-21,花叶类,215.684,4
2023-04-22,花叶类,330.85,5
2023-04-23,花叶类,279.352,6
2023-04-24,花叶类,188.222,0
2023-04-25,花叶类,163.704,1
2023-04-26,花叶类,148.39,2
2023-04-27,花叶类,141.667,3
2023-04-28,花叶类,164.327,4
2023-04-29,花叶类,169.132,5
2023-04-30,花叶类,132.248,6
2023-05-01,花叶类,179.89,0
2023-05-02,花叶类,199.057,1
2023-05-03,花叶类,252.366,2
2023-05-04,花叶类,121.428,3
2023-05-05,花叶类,115.371,4
2023-05-06,花叶类,163.827,5
2023-05-07,花叶类,238.132,6
2023-05-08,花叶类,142.341,0
2023-05-09,花叶类,145.033,1
2023-05-10,花叶类,159.328,2
2023-05-11,花叶类,158.484,3
2023-05-12,花叶类,142.706,4
2023-05-13,花叶类,179.071,5
2023-05-14,花叶类,199.50900000000001,6
2023-05-15,花叶类,171.35,0
2023-05-16,花叶类,194.936,1
2023-05-17,花叶类,150.478,2
2023-05-18,花叶类,112.688,3
2023-05-19,花叶类,141.327,4
2023-05-20,花叶类,177.822,5
2023-05-21,花叶类,197.446,6
2023-05-22,花叶类,154.18,0
2023-05-23,花叶类,150.721,1
2023-05-24,花叶类,135.51,2
2023-05-25,花叶类,114.768,3
2023-05-26,花叶类,154.12,4
2023-05-27,花叶类,272.537,5
2023-05-28,花叶类,262.277,6
2023-05-29,花叶类,146.434,0
2023-05-30,花叶类,156.287,1
2023-05-31,花叶类,136.132,2
2023-06-01,花叶类,136.982,3
2023-06-02,花叶类,161.142,4
2023-06-03,花叶类,222.081,5
2023-06-04,花叶类,215.285,6
2023-06-05,花叶类,145.142,0
2023-06-06,花叶类,152.439,1
2023-06-07,花叶类,135.735,2
2023-06-08,花叶类,119.287,3
2023-06-09,花叶类,140.024,4
2023-06-10,花叶类,240.235,5
2023-06-11,花叶类,213.908,6
2023-06-12,花叶类,127.399,0
2023-06-13,花叶类,140.865,1
2023-06-14,花叶类,115.605,2
2023-06-15,花叶类,118.42,3
2023-06-16,花叶类,172.11,4
2023-06-17,花叶类,244.334,5
2023-06-18,花叶类,253.447,6
2023-06-19,花叶类,128.701,0
2023-06-20,花叶类,126.228,1
2023-06-21,花叶类,126.263,2
2023-06-22,花叶类,171.919,3
2023-06-23,花叶类,178.718,4
2023-06-24,花叶类,161.495,5
2023-06-25,花叶类,108.895,6
2023-06-26,花叶类,80.524,0
2023-06-27,花叶类,127.278,1
2023-06-28,花叶类,130.182,2
2023-06-29,花叶类,135.09,3
2023-06-30,花叶类,130.464,4
2020-07-01,花菜类,46.64,2
2020-07-02,花菜类,43.943,3
2020-07-03,花菜类,42.076,4
2020-07-04,花菜类,55.662,5
2020-07-05,花菜类,55.474,6
2020-07-06,花菜类,42.721000000000004,0
2020-07-07,花菜类,45.749,1
2020-07-08,花菜类,45.433,2
2020-07-09,花菜类,41.131,3
2020-07-10,花菜类,62.344,4
2020-07-11,花菜类,76.564,5
2020-07-12,花菜类,71.615,6
2020-07-13,花菜类,32.028,0
2020-07-14,花菜类,57.575,1
2020-07-15,花菜类,37.962,2
2020-07-16,花菜类,39.45,3
2020-07-17,花菜类,44.198,4
2020-07-18,花菜类,61.088,5
2020-07-19,花菜类,76.351,6
2020-07-20,花菜类,47.431,0
2020-07-21,花菜类,49.005,1
2020-07-22,花菜类,53.675,2
2020-07-23,花菜类,39.425,3
2020-07-24,花菜类,37.695,4
2020-07-25,花菜类,57.421,5
2020-07-26,花菜类,64.119,6
2020-07-27,花菜类,42.876,0
2020-07-28,花菜类,34.937,1
2020-07-29,花菜类,42.22,2
2020-07-30,花菜类,38.198,3
2020-07-31,花菜类,37.549,4
2020-08-01,花菜类,54.362,5
2020-08-02,花菜类,49.219,6
2020-08-03,花菜类,44.426,0
2020-08-04,花菜类,44.534,1
2020-08-05,花菜类,43.631,2
2020-08-06,花菜类,40.827,3
2020-08-07,花菜类,40.272,4
2020-08-08,花菜类,58.156,5
2020-08-09,花菜类,54.876,6
2020-08-10,花菜类,50.7,0
2020-08-11,花菜类,56.279,1
2020-08-12,花菜类,50.065,2
2020-08-13,花菜类,47.468,3
2020-08-14,花菜类,58.582,4
2020-08-15,花菜类,79.38,5
2020-08-16,花菜类,60.231,6
2020-08-17,花菜类,51.749,0
2020-08-18,花菜类,55.92,1
2020-08-19,花菜类,64.061,2
2020-08-20,花菜类,69.587,3
2020-08-21,花菜类,50.062,4
2020-08-22,花菜类,55.886,5
2020-08-23,花菜类,71.556,6
2020-08-24,花菜类,41.784,0
2020-08-25,花菜类,47.761,1
2020-08-26,花菜类,82.544,2
2020-08-27,花菜类,92.506,3
2020-08-28,花菜类,39.93,4
2020-08-29,花菜类,56.803,5
2020-08-30,花菜类,80.779,6
2020-08-31,花菜类,54.722,0
2020-09-01,花菜类,55.858,1
2020-09-02,花菜类,38.716,2
2020-09-03,花菜类,38.893,3
2020-09-04,花菜类,46.612,4
2020-09-05,花菜类,57.828,5
2020-09-06,花菜类,53.202,6
2020-09-07,花菜类,26.257,0
2020-09-08,花菜类,33.239,1
2020-09-09,花菜类,32.73,2
2020-09-10,花菜类,57.319,3
2020-09-11,花菜类,31.538,4
2020-09-12,花菜类,43.337,5
2020-09-13,花菜类,41.704,6
2020-09-14,花菜类,64.257,0
2020-09-15,花菜类,29.878,1
2020-09-16,花菜类,59.448,2
2020-09-17,花菜类,32.648,3
2020-09-18,花菜类,27.705,4
2020-09-19,花菜类,82.75999999999999,5
2020-09-20,花菜类,53.497,6
2020-09-21,花菜类,39.191,0
2020-09-22,花菜类,40.905,1
2020-09-23,花菜类,31.972,2
2020-09-24,花菜类,38.952,3
2020-09-25,花菜类,41.561,4
2020-09-26,花菜类,86.643,5
2020-09-27,花菜类,35.964,6
2020-09-28,花菜类,24.576,0
2020-09-29,花菜类,28.105,1
2020-09-30,花菜类,60.771,2
2020-10-01,花菜类,93.928,3
2020-10-02,花菜类,67.145,4
2020-10-03,花菜类,44.493,5
2020-10-04,花菜类,34.491,6
2020-10-05,花菜类,92.279,0
2020-10-06,花菜类,108.157,1
2020-10-07,花菜类,56.266,2
2020-10-08,花菜类,49.58,3
2020-10-09,花菜类,55.845,4
2020-10-10,花菜类,37.393,5
2020-10-11,花菜类,60.47,6
2020-10-12,花菜类,34.815,0
2020-10-13,花菜类,47.321,1
2020-10-14,花菜类,48.259,2
2020-10-15,花菜类,59.624,3
2020-10-16,花菜类,88.361,4
2020-10-17,花菜类,109.311,5
2020-10-18,花菜类,91.59700000000001,6
2020-10-19,花菜类,57.412,0
2020-10-20,花菜类,30.899,1
2020-10-21,花菜类,40.555,2
2020-10-22,花菜类,26.166,3
2020-10-23,花菜类,23.854,4
2020-10-24,花菜类,31.113,5
2020-10-25,花菜类,43.114,6
2020-10-26,花菜类,22.371,0
2020-10-27,花菜类,23.305,1
2020-10-28,花菜类,30.297,2
2020-10-29,花菜类,24.902,3
2020-10-30,花菜类,28.939,4
2020-10-31,花菜类,82.701,5
2020-11-01,花菜类,69.062,6
2020-11-02,花菜类,32.726,0
2020-11-03,花菜类,51.945,1
2020-11-04,花菜类,67.527,2
2020-11-05,花菜类,57.354,3
2020-11-06,花菜类,95.136,4
2020-11-07,花菜类,121.453,5
2020-11-08,花菜类,125.591,6
2020-11-09,花菜类,57.592,0
2020-11-10,花菜类,25.698,1
2020-11-11,花菜类,63.25,2
2020-11-12,花菜类,13.406,3
2020-11-13,花菜类,60.306,4
2020-11-14,花菜类,84.001,5
2020-11-15,花菜类,77.798,6
2020-11-16,花菜类,48.64,0
2020-11-17,花菜类,43.621,1
2020-11-18,花菜类,50.438,2
2020-11-19,花菜类,77.165,3
2020-11-20,花菜类,52.701,4
2020-11-21,花菜类,114.066,5
2020-11-22,花菜类,119.596,6
2020-11-23,花菜类,74.623,0
2020-11-24,花菜类,60.927,1
2020-11-25,花菜类,37.137,2
2020-11-26,花菜类,34.766,3
2020-11-27,花菜类,28.934,4
2020-11-28,花菜类,79.441,5
2020-11-29,花菜类,77.335,6
2020-11-30,花菜类,41.156,0
2020-12-01,花菜类,25.82,1
2020-12-02,花菜类,24.46,2
2020-12-03,花菜类,27.342,3
2020-12-04,花菜类,27.457,4
2020-12-05,花菜类,72.116,5
2020-12-06,花菜类,67.968,6
2020-12-07,花菜类,29.017,0
2020-12-08,花菜类,29.686,1
2020-12-09,花菜类,20.825,2
2020-12-10,花菜类,20.405,3
2020-12-11,花菜类,30.644,4
2020-12-12,花菜类,65.466,5
2020-12-13,花菜类,78.67,6
2020-12-14,花菜类,33.376,0
2020-12-15,花菜类,33.43,1
2020-12-16,花菜类,26.065,2
2020-12-17,花菜类,31.098,3
2020-12-18,花菜类,26.454,4
2020-12-19,花菜类,60.29,5
2020-12-20,花菜类,89.851,6
2020-12-21,花菜类,37.057,0
2020-12-22,花菜类,27.346,1
2020-12-23,花菜类,39.823,2
2020-12-24,花菜类,39.293,3
2020-12-25,花菜类,33.711,4
2020-12-26,花菜类,62.717,5
2020-12-27,花菜类,51.016,6
2020-12-28,花菜类,33.949,0
2020-12-29,花菜类,33.714,1
2020-12-30,花菜类,33.438,2
2020-12-31,花菜类,23.092,3
2021-01-01,花菜类,55.985,4
2021-01-02,花菜类,31.833,5
2021-01-03,花菜类,50.09,6
2021-01-04,花菜类,24.728,0
2021-01-05,花菜类,49.049,1
2021-01-06,花菜类,51.711,2
2021-01-07,花菜类,42.427,3
2021-01-08,花菜类,29.703,4
2021-01-09,花菜类,47.188,5
2021-01-10,花菜类,57.696,6
2021-01-11,花菜类,28.862,0
2021-01-12,花菜类,18.847,1
2021-01-13,花菜类,25.301,2
2021-01-14,花菜类,34.119,3
2021-01-15,花菜类,30.979,4
2021-01-16,花菜类,45.807,5
2021-01-17,花菜类,45.21,6
2021-01-18,花菜类,33.17,0
2021-01-19,花菜类,33.818,1
2021-01-20,花菜类,33.627,2
2021-01-21,花菜类,27.553,3
2021-01-22,花菜类,32.636,4
2021-01-23,花菜类,48.218,5
2021-01-24,花菜类,56.086,6
2021-01-25,花菜类,34.554,0
2021-01-26,花菜类,36.857,1
2021-01-27,花菜类,50.986000000000004,2
2021-01-28,花菜类,47.788,3
2021-01-29,花菜类,56.588,4
2021-01-30,花菜类,63.124,5
2021-01-31,花菜类,37.907,6
2021-02-01,花菜类,25.144,0
2021-02-02,花菜类,41.328,1
2021-02-03,花菜类,84.615,2
2021-02-04,花菜类,69.983,3
2021-02-05,花菜类,58.169,4
2021-02-06,花菜类,75.497,5
2021-02-07,花菜类,53.682,6
2021-02-08,花菜类,122.215,0
2021-02-09,花菜类,139.056,1
2021-02-10,花菜类,167.055,2
2021-02-13,花菜类,22.759,5
2021-02-14,花菜类,16.607,6
2021-02-15,花菜类,41.123,0
2021-02-16,花菜类,40.493,1
2021-02-17,花菜类,33.589,2
2021-02-18,花菜类,56.001,3
2021-02-19,花菜类,47.197,4
2021-02-20,花菜类,39.445,5
2021-02-21,花菜类,35.248,6
2021-02-22,花菜类,30.813,0
2021-02-23,花菜类,24.456,1
2021-02-24,花菜类,37.410000000000004,2
2021-02-25,花菜类,39.885,3
2021-02-26,花菜类,70.064,4
2021-02-27,花菜类,74.704,5
2021-02-28,花菜类,54.382,6
2021-03-01,花菜类,28.579,0
2021-03-02,花菜类,40.61,1
2021-03-03,花菜类,22.01,2
2021-03-04,花菜类,18.952,3
2021-03-05,花菜类,41.955,4
2021-03-06,花菜类,64.332,5
2021-03-07,花菜类,84.586,6
2021-03-08,花菜类,45.65,0
2021-03-09,花菜类,34.073,1
2021-03-10,花菜类,25.101,2
2021-03-11,花菜类,30.749,3
2021-03-12,花菜类,31.282,4
2021-03-13,花菜类,43.017,5
2021-03-14,花菜类,41.13,6
2021-03-15,花菜类,28.603,0
2021-03-16,花菜类,19.792,1
2021-03-17,花菜类,29.326,2
2021-03-18,花菜类,29.081,3
2021-03-19,花菜类,42.902,4
2021-03-20,花菜类,34.377,5
2021-03-21,花菜类,51.413000000000004,6
2021-03-22,花菜类,30.625,0
2021-03-23,花菜类,28.634,1
2021-03-24,花菜类,27.331,2
2021-03-25,花菜类,25.174,3
2021-03-26,花菜类,48.956,4
2021-03-27,花菜类,51.805,5
2021-03-28,花菜类,50.119,6
2021-03-29,花菜类,60.434,0
2021-03-30,花菜类,26.924,1
2021-03-31,花菜类,28.74,2
2021-04-01,花菜类,39.109,3
2021-04-02,花菜类,69.53,4
2021-04-03,花菜类,68.593,5
2021-04-04,花菜类,71.456,6
2021-04-05,花菜类,76.701,0
2021-04-06,花菜类,13.129999999999999,1
2021-04-07,花菜类,26.939,2
2021-04-08,花菜类,22.294,3
2021-04-09,花菜类,51.978,4
2021-04-10,花菜类,50.186,5
2021-04-11,花菜类,47.112,6
2021-04-12,花菜类,32.027,0
2021-04-13,花菜类,28.593,1
2021-04-14,花菜类,30.12,2
2021-04-15,花菜类,27.05,3
2021-04-16,花菜类,40.232,4
2021-04-17,花菜类,77.636,5
2021-04-18,花菜类,48.315,6
2021-04-19,花菜类,25.092,0
2021-04-20,花菜类,30.338,1
2021-04-21,花菜类,49.748,2
2021-04-22,花菜类,34.615,3
2021-04-23,花菜类,47.035000000000004,4
2021-04-24,花菜类,107.309,5
2021-04-25,花菜类,94.264,6
2021-04-26,花菜类,43.118,0
2021-04-27,花菜类,26.49,1
2021-04-28,花菜类,29.405,2
2021-04-29,花菜类,33.858,3
2021-04-30,花菜类,38.125,4
2021-05-01,花菜类,57.443,5
2021-05-02,花菜类,36.466,6
2021-05-03,花菜类,37.613,0
2021-05-04,花菜类,37.838,1
2021-05-05,花菜类,34.156,2
2021-05-06,花菜类,21.199,3
2021-05-07,花菜类,26.046,4
2021-05-08,花菜类,28.122,5
2021-05-09,花菜类,37.443,6
2021-05-10,花菜类,30.866,0
2021-05-11,花菜类,27.768,1
2021-05-12,花菜类,19.252,2
2021-05-13,花菜类,24.095,3
2021-05-14,花菜类,40.997,4
2021-05-15,花菜类,37.347,5
2021-05-16,花菜类,52.382,6
2021-05-17,花菜类,27.587,0
2021-05-18,花菜类,31.098,1
2021-05-19,花菜类,33.901,2
2021-05-20,花菜类,17.189,3
2021-05-21,花菜类,33.979,4
2021-05-22,花菜类,34.962,5
2021-05-23,花菜类,64.231,6
2021-05-24,花菜类,40.924,0
2021-05-25,花菜类,29.554,1
2021-05-26,花菜类,46.547,2
2021-05-27,花菜类,43.952,3
2021-05-28,花菜类,42.189,4
2021-05-29,花菜类,52.779,5
2021-05-30,花菜类,21.296,6
2021-05-31,花菜类,39.165,0
2021-06-01,花菜类,41.593,1
2021-06-02,花菜类,43.414,2
2021-06-03,花菜类,36.284,3
2021-06-04,花菜类,31.416,4
2021-06-05,花菜类,61.486,5
2021-06-06,花菜类,42.143,6
2021-06-07,花菜类,24.819,0
2021-06-08,花菜类,25.106,1
2021-06-09,花菜类,26.845,2
2021-06-10,花菜类,13.847,3
2021-06-11,花菜类,21.048,4
2021-06-12,花菜类,52.462,5
2021-06-13,花菜类,62.324,6
2021-06-14,花菜类,73.037,0
2021-06-15,花菜类,45.326,1
2021-06-16,花菜类,12.99,2
2021-06-17,花菜类,48.477,3
2021-06-18,花菜类,34.971,4
2021-06-19,花菜类,44.511,5
2021-06-20,花菜类,43.614,6
2021-06-21,花菜类,54.07,0
2021-06-22,花菜类,26.162,1
2021-06-23,花菜类,57.723,2
2021-06-24,花菜类,34.885,3
2021-06-25,花菜类,40.437,4
2021-06-26,花菜类,71.821,5
2021-06-27,花菜类,56.542,6
2021-06-28,花菜类,35.784,0
2021-06-29,花菜类,34.383,1
2021-06-30,花菜类,27.052,2
2021-07-01,花菜类,33.72,3
2021-07-02,花菜类,24.972,4
2021-07-03,花菜类,48.497,5
2021-07-04,花菜类,45.679,6
2021-07-05,花菜类,66.355,0
2021-07-06,花菜类,44.901,1
2021-07-07,花菜类,40.488,2
2021-07-08,花菜类,61.361,3
2021-07-09,花菜类,28.476,4
2021-07-10,花菜类,70.59,5
2021-07-11,花菜类,75.634,6
2021-07-12,花菜类,24.48,0
2021-07-13,花菜类,47.258,1
2021-07-14,花菜类,50.127,2
2021-07-15,花菜类,27.632,3
2021-07-16,花菜类,39.074,4
2021-07-17,花菜类,79.353,5
2021-07-18,花菜类,60.81,6
2021-07-19,花菜类,34.935,0
2021-07-20,花菜类,46.461,1
2021-07-21,花菜类,52.983,2
2021-07-22,花菜类,34.223,3
2021-07-23,花菜类,38.509,4
2021-07-24,花菜类,50.323,5
2021-07-25,花菜类,60.229,6
2021-07-26,花菜类,25.066,0
2021-07-27,花菜类,53.678,1
2021-07-28,花菜类,58.303,2
2021-07-29,花菜类,31.376,3
2021-07-30,花菜类,43.631,4
2021-07-31,花菜类,47.859,5
2021-08-01,花菜类,66.798,6
2021-08-02,花菜类,24.162,0
2021-08-03,花菜类,20.641,1
2021-08-04,花菜类,14.278,2
2021-08-05,花菜类,26.638,3
2021-08-06,花菜类,28.948,4
2021-08-07,花菜类,40.416,5
2021-08-08,花菜类,50.406,6
2021-08-09,花菜类,56.607,0
2021-08-10,花菜类,11.233,1
2021-08-11,花菜类,1.054,2
2021-08-12,花菜类,12.87,3
2021-08-13,花菜类,3.504,4
2021-08-14,花菜类,16.528,5
2021-08-15,花菜类,8.103,6
2021-08-16,花菜类,6.045,0
2021-08-17,花菜类,9.498000000000001,1
2021-08-18,花菜类,8.645,2
2021-08-19,花菜类,8.906,3
2021-08-20,花菜类,47.274,4
2021-08-21,花菜类,34.9,5
2021-08-22,花菜类,1.546,6
2021-08-23,花菜类,4.509,0
2021-08-24,花菜类,9.206999999999999,1
2021-08-25,花菜类,2.219,2
2021-08-26,花菜类,5.452,3
2021-08-27,花菜类,19.568,4
2021-08-28,花菜类,35.502,5
2021-08-29,花菜类,56.181,6
2021-08-30,花菜类,48.287,0
2021-08-31,花菜类,42.879,1
2021-09-01,花菜类,8.003,2
2021-09-02,花菜类,27.869,3
2021-09-03,花菜类,24.967,4
2021-09-04,花菜类,32.878,5
2021-09-05,花菜类,51.129,6
2021-09-06,花菜类,34.751,0
2021-09-07,花菜类,23.172,1
2021-09-08,花菜类,15.183,2
2021-09-09,花菜类,14.255,3
2021-09-10,花菜类,24.651,4
2021-09-11,花菜类,18.06,5
2021-09-12,花菜类,32.063,6
2021-09-13,花菜类,11.356,0
2021-09-14,花菜类,10.777000000000001,1
2021-09-15,花菜类,12.702,2
2021-09-16,花菜类,9.283,3
2021-09-17,花菜类,13.163,4
2021-09-18,花菜类,35.325,5
2021-09-19,花菜类,51.647,6
2021-09-20,花菜类,69.542,0
2021-09-21,花菜类,56.3,1
2021-09-22,花菜类,38.956,2
2021-09-23,花菜类,27.236,3
2021-09-24,花菜类,8.431000000000001,4
2021-09-25,花菜类,46.058,5
2021-09-26,花菜类,2.299,6
2021-09-27,花菜类,4.863,0
2021-09-28,花菜类,12.669,1
2021-09-29,花菜类,23.336,2
2021-09-30,花菜类,34.511,3
2021-10-01,花菜类,56.82,4
2021-10-02,花菜类,40.392,5
2021-10-03,花菜类,41.672,6
2021-10-04,花菜类,39.913000000000004,0
2021-10-05,花菜类,51.134,1
2021-10-06,花菜类,41.573,2
2021-10-07,花菜类,23.278,3
2021-10-08,花菜类,19.823,4
2021-10-09,花菜类,22.221999999999998,5
2021-10-10,花菜类,40.329,6
2021-10-11,花菜类,4.407,0
2021-10-12,花菜类,18.362,1
2021-10-13,花菜类,16.528,2
2021-10-14,花菜类,14.852,3
2021-10-15,花菜类,23.991,4
2021-10-16,花菜类,36.28,5
2021-10-17,花菜类,26.795,6
2021-10-18,花菜类,20.605999999999998,0
2021-10-19,花菜类,16.958,1
2021-10-20,花菜类,25.154,2
2021-10-21,花菜类,11.947,3
2021-10-22,花菜类,16.412,4
2021-10-23,花菜类,18.086,5
2021-10-24,花菜类,9.108,6
2021-10-25,花菜类,8.749,0
2021-10-26,花菜类,12.041,1
2021-10-27,花菜类,15.305,2
2021-10-28,花菜类,6.449,3
2021-10-29,花菜类,13.574,4
2021-10-30,花菜类,17.279,5
2021-10-31,花菜类,28.424,6
2021-11-01,花菜类,26.24,0
2021-11-02,花菜类,25.844,1
2021-11-03,花菜类,27.868,2
2021-11-04,花菜类,23.879,3
2021-11-05,花菜类,37.479,4
2021-11-06,花菜类,26.725,5
2021-11-07,花菜类,35.638,6
2021-11-08,花菜类,28.296,0
2021-11-09,花菜类,27.373,1
2021-11-10,花菜类,27.656,2
2021-11-11,花菜类,13.156,3
2021-11-12,花菜类,18.935,4
2021-11-13,花菜类,20.049,5
2021-11-14,花菜类,30.582,6
2021-11-15,花菜类,12.677,0
2021-11-16,花菜类,12.525,1
2021-11-17,花菜类,15.791,2
2021-11-18,花菜类,6.018,3
2021-11-19,花菜类,8.768,4
2021-11-20,花菜类,14.406,5
2021-11-21,花菜类,19.739,6
2021-11-22,花菜类,9.756,0
2021-11-23,花菜类,9.495,1
2021-11-24,花菜类,12.559,2
2021-11-25,花菜类,10.217,3
2021-11-26,花菜类,17.511,4
2021-11-27,花菜类,23.115,5
2021-11-28,花菜类,21.817,6
2021-11-29,花菜类,9.182,0
2021-11-30,花菜类,25.737,1
2021-12-01,花菜类,18.538,2
2021-12-02,花菜类,18.262999999999998,3
2021-12-03,花菜类,20.739,4
2021-12-04,花菜类,22.865000000000002,5
2021-12-05,花菜类,25.795,6
2021-12-06,花菜类,14.424,0
2021-12-07,花菜类,16.639,1
2021-12-08,花菜类,15.059000000000001,2
2021-12-09,花菜类,12.175,3
2021-12-10,花菜类,14.231,4
2021-12-11,花菜类,30.45,5
2021-12-12,花菜类,15.656,6
2021-12-13,花菜类,27.925,0
2021-12-14,花菜类,13.141,1
2021-12-15,花菜类,18.179,2
2021-12-16,花菜类,25.768,3
2021-12-17,花菜类,34.299,4
2021-12-18,花菜类,42.242,5
2021-12-19,花菜类,51.133,6
2021-12-20,花菜类,24.901,0
2021-12-21,花菜类,18.202,1
2021-12-22,花菜类,14.458,2
2021-12-23,花菜类,24.073,3
2021-12-24,花菜类,30.134999999999998,4
2021-12-25,花菜类,33.162,5
2021-12-26,花菜类,28.498,6
2021-12-27,花菜类,15.213,0
2021-12-28,花菜类,24.145,1
2021-12-29,花菜类,24.749,2
2021-12-30,花菜类,17.651,3
2021-12-31,花菜类,69.793,4
2022-01-01,花菜类,38.272,5
2022-01-02,花菜类,26.605,6
2022-01-03,花菜类,38.027,0
2022-01-04,花菜类,45.257,1
2022-01-05,花菜类,39.688,2
2022-01-06,花菜类,35.897,3
2022-01-07,花菜类,31.834,4
2022-01-08,花菜类,43.284,5
2022-01-09,花菜类,114.262,6
2022-01-10,花菜类,35.175,0
2022-01-11,花菜类,54.466,1
2022-01-12,花菜类,35.007,2
2022-01-13,花菜类,21.816,3
2022-01-14,花菜类,23.405,4
2022-01-15,花菜类,37.538,5
2022-01-16,花菜类,58.007,6
2022-01-17,花菜类,11.754999999999999,0
2022-01-18,花菜类,9.211,1
2022-01-19,花菜类,16.223,2
2022-01-20,花菜类,32.318,3
2022-01-21,花菜类,32.031,4
2022-01-22,花菜类,64.541,5
2022-01-23,花菜类,74.249,6
2022-01-24,花菜类,22.147,0
2022-01-25,花菜类,48.877,1
2022-01-26,花菜类,32.217,2
2022-01-27,花菜类,58.027,3
2022-01-28,花菜类,85.253,4
2022-01-29,花菜类,90.907,5
2022-01-30,花菜类,102.128,6
2022-02-01,花菜类,13.968,1
2022-02-02,花菜类,38.729,2
2022-02-03,花菜类,26.229,3
2022-02-04,花菜类,48.036,4
2022-02-05,花菜类,45.665,5
2022-02-06,花菜类,52.784,6
2022-02-07,花菜类,43.144,0
2022-02-08,花菜类,44.616,1
2022-02-09,花菜类,25.255,2
2022-02-10,花菜类,23.057,3
2022-02-11,花菜类,24.982,4
2022-02-12,花菜类,35.481,5
2022-02-13,花菜类,37.882,6
2022-02-14,花菜类,35.754,0
2022-02-15,花菜类,30.547,1
2022-02-16,花菜类,21.875,2
2022-02-17,花菜类,20.645,3
2022-02-18,花菜类,24.401,4
2022-02-19,花菜类,49.665,5
2022-02-20,花菜类,36.386,6
2022-02-21,花菜类,28.045,0
2022-02-22,花菜类,21.47,1
2022-02-23,花菜类,28.796,2
2022-02-24,花菜类,34.624,3
2022-02-25,花菜类,25.668,4
2022-02-26,花菜类,29.244,5
2022-02-27,花菜类,34.072,6
2022-02-28,花菜类,22.582,0
2022-03-01,花菜类,22.944,1
2022-03-02,花菜类,18.905,2
2022-03-03,花菜类,21.88,3
2022-03-04,花菜类,20.119,4
2022-03-05,花菜类,29.269,5
2022-03-06,花菜类,31.384,6
2022-03-07,花菜类,0.632,0
2022-03-08,花菜类,14.951,1
2022-03-09,花菜类,15.084,2
2022-03-10,花菜类,16.971,3
2022-03-11,花菜类,19.221,4
2022-03-12,花菜类,27.529,5
2022-03-13,花菜类,30.393,6
2022-03-14,花菜类,9.127,0
2022-03-15,花菜类,7.721,1
2022-03-16,花菜类,11.876999999999999,2
2022-03-17,花菜类,12.813,3
2022-03-18,花菜类,14.473,4
2022-03-19,花菜类,24.298000000000002,5
2022-03-20,花菜类,16.749,6
2022-03-21,花菜类,13.613,0
2022-03-22,花菜类,16.239,1
2022-03-23,花菜类,7.625,2
2022-03-24,花菜类,7.711,3
2022-03-25,花菜类,14.528,4
2022-03-26,花菜类,16.707,5
2022-03-27,花菜类,11.68,6
2022-03-28,花菜类,2.089,0
2022-03-29,花菜类,0.0,1
2022-03-30,花菜类,30.3,2
2022-03-31,花菜类,25.097,3
2022-04-01,花菜类,25.701,4
2022-04-02,花菜类,26.163,5
2022-04-03,花菜类,16.438,6
2022-04-04,花菜类,22.224,0
2022-04-05,花菜类,21.248,1
2022-04-06,花菜类,17.497,2
2022-04-07,花菜类,10.494,3
2022-04-08,花菜类,10.629,4
2022-04-09,花菜类,15.591,5
2022-04-10,花菜类,7.757000000000001,6
2022-04-11,花菜类,6.383,0
2022-04-12,花菜类,6.375,1
2022-04-13,花菜类,9.797,2
2022-04-14,花菜类,6.047,3
2022-04-15,花菜类,10.73,4
2022-04-16,花菜类,12.666,5
2022-04-17,花菜类,20.254,6
2022-04-18,花菜类,12.087,0
2022-04-19,花菜类,7.869,1
2022-04-20,花菜类,11.413,2
2022-04-21,花菜类,8.548,3
2022-04-22,花菜类,18.726,4
2022-04-23,花菜类,19.648,5
2022-04-24,花菜类,15.603,6
2022-04-25,花菜类,16.833,0
2022-04-26,花菜类,9.969,1
2022-04-27,花菜类,9.138,2
2022-04-28,花菜类,11.202,3
2022-04-29,花菜类,21.479,4
2022-04-30,花菜类,28.319,5
2022-05-01,花菜类,23.295,6
2022-05-02,花菜类,13.734,0
2022-05-03,花菜类,27.601,1
2022-05-04,花菜类,26.182,2
2022-05-05,花菜类,18.79,3
2022-05-06,花菜类,20.488,4
2022-05-07,花菜类,23.375,5
2022-05-08,花菜类,42.607,6
2022-05-09,花菜类,29.087,0
2022-05-10,花菜类,22.638,1
2022-05-11,花菜类,19.261,2
2022-05-12,花菜类,24.59,3
2022-05-13,花菜类,21.993,4
2022-05-14,花菜类,48.521,5
2022-05-15,花菜类,43.781,6
2022-05-16,花菜类,23.633,0
2022-05-17,花菜类,15.163,1
2022-05-18,花菜类,20.24,2
2022-05-19,花菜类,17.603,3
2022-05-20,花菜类,13.908,4
2022-05-21,花菜类,26.494,5
2022-05-22,花菜类,23.847,6
2022-05-23,花菜类,15.361,0
2022-05-24,花菜类,27.64,1
2022-05-25,花菜类,19.562,2
2022-05-26,花菜类,25.011,3
2022-05-27,花菜类,18.568,4
2022-05-28,花菜类,35.114,5
2022-05-29,花菜类,42.403,6
2022-05-30,花菜类,24.336,0
2022-05-31,花菜类,15.854,1
2022-06-01,花菜类,22.234,2
2022-06-02,花菜类,20.605,3
2022-06-03,花菜类,29.489,4
2022-06-04,花菜类,13.898,5
2022-06-05,花菜类,21.97,6
2022-06-06,花菜类,23.309,0
2022-06-07,花菜类,20.909,1
2022-06-08,花菜类,17.046,2
2022-06-09,花菜类,21.532,3
2022-06-10,花菜类,13.058,4
2022-06-11,花菜类,34.691,5
2022-06-12,花菜类,29.698,6
2022-06-13,花菜类,23.638,0
2022-06-14,花菜类,23.587,1
2022-06-15,花菜类,18.931,2
2022-06-16,花菜类,18.079,3
2022-06-17,花菜类,27.301,4
2022-06-18,花菜类,29.834,5
2022-06-19,花菜类,31.956,6
2022-06-20,花菜类,26.02,0
2022-06-21,花菜类,22.014,1
2022-06-22,花菜类,23.449,2
2022-06-23,花菜类,14.583,3
2022-06-24,花菜类,17.64,4
2022-06-25,花菜类,22.426,5
2022-06-26,花菜类,36.32,6
2022-06-27,花菜类,21.772000000000002,0
2022-06-28,花菜类,23.307,1
2022-06-29,花菜类,40.424,2
2022-06-30,花菜类,47.528,3
2022-07-01,花菜类,28.897,4
2022-07-02,花菜类,55.851,5
2022-07-03,花菜类,47.944,6
2022-07-04,花菜类,27.955000000000002,0
2022-07-05,花菜类,42.64,1
2022-07-06,花菜类,31.186,2
2022-07-07,花菜类,50.962,3
2022-07-08,花菜类,48.356,4
2022-07-09,花菜类,44.535000000000004,5
2022-07-10,花菜类,67.457,6
2022-07-11,花菜类,24.264,0
2022-07-12,花菜类,64.579,1
2022-07-13,花菜类,46.435,2
2022-07-14,花菜类,34.033,3
2022-07-15,花菜类,30.18,4
2022-07-16,花菜类,59.714,5
2022-07-17,花菜类,53.705,6
2022-07-18,花菜类,43.19,0
2022-07-19,花菜类,33.363,1
2022-07-20,花菜类,43.777,2
2022-07-21,花菜类,38.147,3
2022-07-22,花菜类,33.655,4
2022-07-23,花菜类,45.47,5
2022-07-24,花菜类,45.96,6
2022-07-25,花菜类,79.565,0
2022-07-26,花菜类,73.97,1
2022-07-27,花菜类,67.503,2
2022-07-28,花菜类,60.76,3
2022-07-29,花菜类,64.225,4
2022-07-30,花菜类,61.873,5
2022-07-31,花菜类,49.207,6
2022-08-01,花菜类,82.282,0
2022-08-02,花菜类,80.493,1
2022-08-03,花菜类,68.43599999999999,2
2022-08-04,花菜类,65.154,3
2022-08-05,花菜类,72.799,4
2022-08-06,花菜类,96.079,5
2022-08-07,花菜类,86.982,6
2022-08-08,花菜类,76.68900000000001,0
2022-08-09,花菜类,75.303,1
2022-08-10,花菜类,70.518,2
2022-08-11,花菜类,73.029,3
2022-08-12,花菜类,74.91,4
2022-08-13,花菜类,102.596,5
2022-08-14,花菜类,120.907,6
2022-08-15,花菜类,85.398,0
2022-08-16,花菜类,81.22,1
2022-08-17,花菜类,87.672,2
2022-08-18,花菜类,121.725,3
2022-08-19,花菜类,186.155,4
2022-08-20,花菜类,123.124,5
2022-08-21,花菜类,82.198,6
2022-08-22,花菜类,45.204,0
2022-08-23,花菜类,43.039,1
2022-08-24,花菜类,46.96,2
2022-08-25,花菜类,63.776,3
2022-08-26,花菜类,48.086,4
2022-08-27,花菜类,57.998,5
2022-08-28,花菜类,88.504,6
2022-08-29,花菜类,45.738,0
2022-08-30,花菜类,66.738,1
2022-08-31,花菜类,35.261,2
2022-09-01,花菜类,47.503,3
2022-09-02,花菜类,42.416000000000004,4
2022-09-03,花菜类,53.626,5
2022-09-04,花菜类,62.544,6
2022-09-05,花菜类,53.158,0
2022-09-06,花菜类,39.139,1
2022-09-07,花菜类,40.007,2
2022-09-08,花菜类,42.528,3
2022-09-09,花菜类,66.968,4
2022-09-10,花菜类,72.293,5
2022-09-11,花菜类,63.234,6
2022-09-12,花菜类,71.588,0
2022-09-13,花菜类,47.126,1
2022-09-14,花菜类,41.841,2
2022-09-15,花菜类,27.431,3
2022-09-16,花菜类,41.283,4
2022-09-17,花菜类,69.613,5
2022-09-18,花菜类,57.716,6
2022-09-19,花菜类,38.815,0
2022-09-20,花菜类,42.297,1
2022-09-21,花菜类,32.068,2
2022-09-22,花菜类,50.388,3
2022-09-23,花菜类,64.26,4
2022-09-24,花菜类,75.743,5
2022-09-25,花菜类,55.324,6
2022-09-26,花菜类,30.76,0
2022-09-27,花菜类,29.389,1
2022-09-28,花菜类,32.625,2
2022-09-29,花菜类,31.877,3
2022-09-30,花菜类,53.33,4
2022-10-01,花菜类,76.799,5
2022-10-02,花菜类,61.869,6
2022-10-03,花菜类,59.161,0
2022-10-04,花菜类,49.869,1
2022-10-05,花菜类,40.769,2
2022-10-06,花菜类,71.588,3
2022-10-07,花菜类,87.403,4
2022-10-08,花菜类,37.814,5
2022-10-09,花菜类,53.058,6
2022-10-10,花菜类,47.046,0
2022-10-11,花菜类,29.66,1
2022-10-12,花菜类,29.309,2
2022-10-13,花菜类,30.605,3
2022-10-14,花菜类,11.595,4
2022-10-15,花菜类,60.965,5
2022-10-16,花菜类,62.74,6
2022-10-17,花菜类,35.261,0
2022-10-18,花菜类,56.159,1
2022-10-19,花菜类,33.063,2
2022-10-20,花菜类,30.363,3
2022-10-21,花菜类,95.213,4
2022-10-22,花菜类,56.496,5
2022-10-23,花菜类,38.944,6
2022-10-24,花菜类,30.369,0
2022-10-25,花菜类,36.506,1
2022-10-26,花菜类,38.152,2
2022-10-27,花菜类,31.661,3
2022-10-28,花菜类,40.855,4
2022-10-29,花菜类,64.036,5
2022-10-30,花菜类,76.791,6
2022-10-31,花菜类,47.777,0
2022-11-01,花菜类,39.603,1
2022-11-03,花菜类,63.801,3
2022-11-05,花菜类,73.537,5
2022-11-06,花菜类,75.888,6
2022-11-07,花菜类,47.225,0
2022-11-08,花菜类,41.117,1
2022-11-09,花菜类,35.22,2
2022-11-10,花菜类,39.756,3
2022-11-11,花菜类,45.043,4
2022-11-12,花菜类,56.455,5
2022-11-13,花菜类,50.639,6
2022-11-14,花菜类,38.303,0
2022-11-15,花菜类,38.944,1
2022-11-16,花菜类,18.714,2
2022-11-17,花菜类,38.752,3
2022-11-18,花菜类,68.424,4
2022-11-19,花菜类,122.161,5
2022-11-20,花菜类,97.969,6
2022-11-21,花菜类,132.212,0
2022-11-22,花菜类,36.972,1
2022-11-23,花菜类,31.84,2
2022-11-24,花菜类,31.131,3
2022-11-25,花菜类,46.435,4
2022-11-26,花菜类,47.408,5
2022-11-27,花菜类,3.192,6
2022-11-28,花菜类,10.708,0
2022-11-29,花菜类,7.624,1
2022-12-04,花菜类,24.722,6
2022-12-05,花菜类,30.282,0
2022-12-06,花菜类,38.551,1
2022-12-07,花菜类,25.636,2
2022-12-08,花菜类,46.357,3
2022-12-09,花菜类,41.33,4
2022-12-10,花菜类,55.053,5
2022-12-11,花菜类,62.536,6
2022-12-12,花菜类,27.823,0
2022-12-13,花菜类,37.876,1
2022-12-14,花菜类,40.701,2
2022-12-15,花菜类,44.891,3
2022-12-16,花菜类,28.131,4
2022-12-17,花菜类,43.945,5
2022-12-18,花菜类,68.962,6
2022-12-19,花菜类,47.456,0
2022-12-20,花菜类,45.501,1
2022-12-21,花菜类,76.358,2
2022-12-22,花菜类,33.671,3
2022-12-23,花菜类,29.486,4
2022-12-24,花菜类,47.279,5
2022-12-25,花菜类,51.941,6
2022-12-26,花菜类,27.857,0
2022-12-27,花菜类,39.591,1
2022-12-28,花菜类,36.052,2
2022-12-29,花菜类,25.895,3
2022-12-30,花菜类,29.769,4
2022-12-31,花菜类,39.573,5
2023-01-01,花菜类,39.38,6
2023-01-02,花菜类,36.172,0
2023-01-03,花菜类,30.654,1
2023-01-04,花菜类,27.843,2
2023-01-05,花菜类,25.709,3
2023-01-06,花菜类,27.047,4
2023-01-07,花菜类,24.605999999999998,5
2023-01-08,花菜类,34.433,6
2023-01-09,花菜类,31.341,0
2023-01-10,花菜类,15.292,1
2023-01-11,花菜类,31.198999999999998,2
2023-01-12,花菜类,27.908,3
2023-01-13,花菜类,29.708000000000002,4
2023-01-14,花菜类,55.134,5
2023-01-15,花菜类,61.584,6
2023-01-16,花菜类,46.516,0
2023-01-17,花菜类,39.869,1
2023-01-18,花菜类,58.399,2
2023-01-19,花菜类,104.101,3
2023-01-20,花菜类,138.142,4
2023-01-22,花菜类,34.134,6
2023-01-23,花菜类,66.018,0
2023-01-24,花菜类,89.421,1
2023-01-25,花菜类,114.337,2
2023-01-26,花菜类,60.15,3
2023-01-27,花菜类,69.283,4
2023-01-28,花菜类,43.626,5
2023-01-29,花菜类,40.249,6
2023-01-30,花菜类,42.686,0
2023-01-31,花菜类,37.502,1
2023-02-01,花菜类,33.307,2
2023-02-02,花菜类,41.747,3
2023-02-03,花菜类,53.285000000000004,4
2023-02-04,花菜类,39.93,5
2023-02-05,花菜类,39.59,6
2023-02-06,花菜类,34.646,0
2023-02-07,花菜类,33.83,1
2023-02-08,花菜类,35.924,2
2023-02-09,花菜类,30.833,3
2023-02-10,花菜类,31.996,4
2023-02-11,花菜类,53.417,5
2023-02-12,花菜类,48.809,6
2023-02-13,花菜类,33.601,0
2023-02-14,花菜类,37.56,1
2023-02-15,花菜类,31.355,2
2023-02-16,花菜类,34.159,3
2023-02-17,花菜类,38.594,4
2023-02-18,花菜类,48.488,5
2023-02-19,花菜类,45.805,6
2023-02-20,花菜类,29.447,0
2023-02-21,花菜类,29.466,1
2023-02-22,花菜类,29.54,2
2023-02-23,花菜类,33.284,3
2023-02-24,花菜类,31.17,4
2023-02-25,花菜类,44.994,5
2023-02-26,花菜类,47.396,6
2023-02-27,花菜类,13.221,0
2023-02-28,花菜类,27.118,1
2023-03-01,花菜类,23.98,2
2023-03-02,花菜类,28.182,3
2023-03-03,花菜类,34.915,4
2023-03-04,花菜类,33.769,5
2023-03-05,花菜类,47.699,6
2023-03-06,花菜类,23.166,0
2023-03-07,花菜类,31.21,1
2023-03-08,花菜类,22.18,2
2023-03-09,花菜类,22.245,3
2023-03-10,花菜类,12.423,4
2023-03-11,花菜类,15.802,5
2023-03-12,花菜类,19.536,6
2023-03-13,花菜类,10.596,0
2023-03-14,花菜类,9.076,1
2023-03-15,花菜类,9.683,2
2023-03-16,花菜类,31.584,3
2023-03-17,花菜类,48.093,4
2023-03-18,花菜类,59.217,5
2023-03-19,花菜类,49.399,6
2023-03-20,花菜类,37.566,0
2023-03-21,花菜类,35.803,1
2023-03-22,花菜类,27.368,2
2023-03-23,花菜类,29.488,3
2023-03-24,花菜类,33.301,4
2023-03-25,花菜类,28.459,5
2023-03-26,花菜类,48.675,6
2023-03-27,花菜类,20.459,0
2023-03-28,花菜类,18.519,1
2023-03-29,花菜类,26.46,2
2023-03-30,花菜类,25.925,3
2023-03-31,花菜类,34.604,4
2023-04-01,花菜类,35.079,5
2023-04-02,花菜类,39.362,6
2023-04-03,花菜类,16.457,0
2023-04-04,花菜类,20.022,1
2023-04-05,花菜类,45.417,2
2023-04-06,花菜类,23.05,3
2023-04-07,花菜类,31.899,4
2023-04-08,花菜类,35.691,5
2023-04-09,花菜类,30.536,6
2023-04-10,花菜类,18.365,0
2023-04-11,花菜类,15.788,1
2023-04-12,花菜类,17.265,2
2023-04-13,花菜类,19.775,3
2023-04-14,花菜类,18.183,4
2023-04-15,花菜类,20.852,5
2023-04-16,花菜类,23.472,6
2023-04-17,花菜类,14.475,0
2023-04-18,花菜类,16.779,1
2023-04-19,花菜类,19.103,2
2023-04-20,花菜类,19.807,3
2023-04-21,花菜类,26.17,4
2023-04-22,花菜类,40.026,5
2023-04-23,花菜类,22.853,6
2023-04-24,花菜类,17.855999999999998,0
2023-04-25,花菜类,15.89,1
2023-04-26,花菜类,21.236,2
2023-04-27,花菜类,14.24,3
2023-04-28,花菜类,22.806,4
2023-04-29,花菜类,27.577,5
2023-04-30,花菜类,25.487000000000002,6
2023-05-01,花菜类,29.389,0
2023-05-02,花菜类,22.365,1
2023-05-03,花菜类,32.371,2
2023-05-04,花菜类,32.652,3
2023-05-05,花菜类,28.675,4
2023-05-06,花菜类,34.087,5
2023-05-07,花菜类,54.158,6
2023-05-08,花菜类,17.863,0
2023-05-09,花菜类,25.81,1
2023-05-10,花菜类,26.422,2
2023-05-11,花菜类,23.274,3
2023-05-12,花菜类,21.507,4
2023-05-13,花菜类,45.087,5
2023-05-14,花菜类,43.642,6
2023-05-15,花菜类,27.764,0
2023-05-16,花菜类,26.009,1
2023-05-17,花菜类,19.914,2
2023-05-18,花菜类,22.684,3
2023-05-19,花菜类,20.153,4
2023-05-20,花菜类,27.242,5
2023-05-21,花菜类,29.13,6
2023-05-22,花菜类,14.808,0
2023-05-23,花菜类,20.181,1
2023-05-24,花菜类,15.923,2
2023-05-25,花菜类,14.565,3
2023-05-26,花菜类,24.236,4
2023-05-27,花菜类,41.279,5
2023-05-28,花菜类,36.971000000000004,6
2023-05-29,花菜类,16.312,0
2023-05-30,花菜类,14.652000000000001,1
2023-05-31,花菜类,16.723,2
2023-06-01,花菜类,19.364,3
2023-06-02,花菜类,16.172,4
2023-06-03,花菜类,33.243,5
2023-06-04,花菜类,25.117,6
2023-06-05,花菜类,22.57,0
2023-06-06,花菜类,21.351,1
2023-06-07,花菜类,11.835,2
2023-06-08,花菜类,15.446,3
2023-06-09,花菜类,13.684,4
2023-06-10,花菜类,26.766,5
2023-06-11,花菜类,25.472,6
2023-06-12,花菜类,17.143,0
2023-06-13,花菜类,10.189,1
2023-06-14,花菜类,9.175,2
2023-06-15,花菜类,9.804,3
2023-06-16,花菜类,22.692,4
2023-06-17,花菜类,26.791,5
2023-06-18,花菜类,23.098,6
2023-06-19,花菜类,12.363,0
2023-06-20,花菜类,13.919,1
2023-06-21,花菜类,16.697,2
2023-06-22,花菜类,17.912,3
2023-06-23,花菜类,9.279,4
2023-06-24,花菜类,11.548,5
2023-06-25,花菜类,10.681,6
2023-06-26,花菜类,8.083,0
2023-06-27,花菜类,14.272,1
2023-06-28,花菜类,16.069,2
2023-06-29,花菜类,24.367,3
2023-06-30,花菜类,28.087,4
2020-07-01,茄类,35.374,2
2020-07-02,茄类,32.199,3
2020-07-03,茄类,35.896,4
2020-07-04,茄类,57.067,5
2020-07-05,茄类,61.816,6
2020-07-06,茄类,30.727,0
2020-07-07,茄类,32.112,1
2020-07-08,茄类,39.67,2
2020-07-09,茄类,25.921,3
2020-07-10,茄类,37.86,4
2020-07-11,茄类,68.277,5
2020-07-12,茄类,81.706,6
2020-07-13,茄类,44.379,0
2020-07-14,茄类,34.747,1
2020-07-15,茄类,38.17,2
2020-07-16,茄类,26.586,3
2020-07-17,茄类,37.251,4
2020-07-18,茄类,56.585,5
2020-07-19,茄类,71.772,6
2020-07-20,茄类,33.947,0
2020-07-21,茄类,27.094,1
2020-07-22,茄类,48.247,2
2020-07-23,茄类,44.142,3
2020-07-24,茄类,34.97,4
2020-07-25,茄类,61.874,5
2020-07-26,茄类,69.521,6
2020-07-27,茄类,36.121,0
2020-07-28,茄类,40.34,1
2020-07-29,茄类,40.777,2
2020-07-30,茄类,46.311,3
2020-07-31,茄类,34.092,4
2020-08-01,茄类,48.805,5
2020-08-02,茄类,50.893,6
2020-08-03,茄类,45.191,0
2020-08-04,茄类,30.591,1
2020-08-05,茄类,49.472,2
2020-08-06,茄类,31.596,3
2020-08-07,茄类,51.799,4
2020-08-08,茄类,63.764,5
2020-08-09,茄类,51.835,6
2020-08-10,茄类,47.664,0
2020-08-11,茄类,33.572,1
2020-08-12,茄类,36.009,2
2020-08-13,茄类,31.109,3
2020-08-14,茄类,37.826,4
2020-08-15,茄类,43.278999999999996,5
2020-08-16,茄类,48.366,6
2020-08-17,茄类,35.014,0
2020-08-18,茄类,34.019,1
2020-08-19,茄类,30.347,2
2020-08-20,茄类,37.957,3
2020-08-21,茄类,29.694,4
2020-08-22,茄类,30.422,5
2020-08-23,茄类,47.316,6
2020-08-24,茄类,26.874,0
2020-08-25,茄类,23.272,1
2020-08-26,茄类,30.722,2
2020-08-27,茄类,19.129,3
2020-08-28,茄类,24.597,4
2020-08-29,茄类,30.675,5
2020-08-30,茄类,21.641000000000002,6
2020-08-31,茄类,15.943,0
2020-09-01,茄类,26.329,1
2020-09-02,茄类,13.873000000000001,2
2020-09-03,茄类,14.172,3
2020-09-04,茄类,20.233,4
2020-09-05,茄类,33.731,5
2020-09-06,茄类,33.397,6
2020-09-07,茄类,17.365000000000002,0
2020-09-08,茄类,20.623,1
2020-09-09,茄类,12.041,2
2020-09-10,茄类,16.916,3
2020-09-11,茄类,22.019,4
2020-09-12,茄类,21.411,5
2020-09-13,茄类,28.737,6
2020-09-14,茄类,16.134,0
2020-09-15,茄类,13.243,1
2020-09-16,茄类,15.194,2
2020-09-17,茄类,22.924,3
2020-09-18,茄类,13.805,4
2020-09-19,茄类,30.406,5
2020-09-20,茄类,41.474,6
2020-09-21,茄类,20.868,0
2020-09-22,茄类,25.819,1
2020-09-23,茄类,22.515,2
2020-09-24,茄类,18.9,3
2020-09-25,茄类,26.529,4
2020-09-26,茄类,33.517,5
2020-09-27,茄类,20.532,6
2020-09-28,茄类,18.401,0
2020-09-29,茄类,24.719,1
2020-09-30,茄类,25.865,2
2020-10-01,茄类,32.482,3
2020-10-02,茄类,38.762,4
2020-10-03,茄类,63.535,5
2020-10-04,茄类,43.849,6
2020-10-05,茄类,31.128,0
2020-10-06,茄类,42.318,1
2020-10-07,茄类,29.085,2
2020-10-08,茄类,33.49,3
2020-10-09,茄类,24.289,4
2020-10-10,茄类,26.814,5
2020-10-11,茄类,34.726,6
2020-10-12,茄类,17.876,0
2020-10-13,茄类,23.119,1
2020-10-14,茄类,13.741999999999999,2
2020-10-15,茄类,19.447,3
2020-10-16,茄类,20.139,4
2020-10-17,茄类,30.556,5
2020-10-18,茄类,36.361,6
2020-10-19,茄类,20.03,0
2020-10-20,茄类,13.777,1
2020-10-21,茄类,15.327,2
2020-10-22,茄类,14.725,3
2020-10-23,茄类,14.427,4
2020-10-24,茄类,22.221,5
2020-10-25,茄类,30.136,6
2020-10-26,茄类,10.797,0
2020-10-27,茄类,13.444,1
2020-10-28,茄类,12.238,2
2020-10-29,茄类,14.436,3
2020-10-30,茄类,12.192,4
2020-10-31,茄类,16.499,5
2020-11-01,茄类,15.407,6
2020-11-02,茄类,11.378,0
2020-11-03,茄类,10.846,1
2020-11-04,茄类,10.702,2
2020-11-05,茄类,9.067,3
2020-11-06,茄类,7.22,4
2020-11-07,茄类,10.878,5
2020-11-08,茄类,16.906,6
2020-11-09,茄类,10.063,0
2020-11-10,茄类,9.574,1
2020-11-11,茄类,15.584999999999999,2
2020-11-12,茄类,15.508000000000001,3
2020-11-13,茄类,8.044,4
2020-11-14,茄类,18.146,5
2020-11-15,茄类,17.736,6
2020-11-16,茄类,15.672,0
2020-11-17,茄类,12.224,1
2020-11-18,茄类,15.946,2
2020-11-19,茄类,12.808,3
2020-11-20,茄类,9.804,4
2020-11-21,茄类,25.15,5
2020-11-22,茄类,26.933,6
2020-11-23,茄类,15.902,0
2020-11-24,茄类,13.897,1
2020-11-25,茄类,13.199,2
2020-11-26,茄类,12.868,3
2020-11-27,茄类,13.175,4
2020-11-28,茄类,18.759,5
2020-11-29,茄类,20.702,6
2020-11-30,茄类,18.29,0
2020-12-01,茄类,9.271,1
2020-12-02,茄类,9.603,2
2020-12-03,茄类,12.913,3
2020-12-04,茄类,11.517,4
2020-12-05,茄类,18.692999999999998,5
2020-12-06,茄类,18.881,6
2020-12-07,茄类,10.536999999999999,0
2020-12-08,茄类,10.904,1
2020-12-09,茄类,9.89,2
2020-12-10,茄类,11.411,3
2020-12-11,茄类,14.918,4
2020-12-12,茄类,11.965,5
2020-12-13,茄类,20.845,6
2020-12-14,茄类,12.715,0
2020-12-15,茄类,10.295,1
2020-12-16,茄类,9.313,2
2020-12-17,茄类,12.154,3
2020-12-18,茄类,19.541,4
2020-12-19,茄类,14.524000000000001,5
2020-12-20,茄类,14.386,6
2020-12-21,茄类,12.997,0
2020-12-22,茄类,11.078999999999999,1
2020-12-23,茄类,9.4,2
2020-12-24,茄类,9.801,3
2020-12-25,茄类,10.328,4
2020-12-26,茄类,16.19,5
2020-12-27,茄类,11.874,6
2020-12-28,茄类,13.266,0
2020-12-29,茄类,12.741,1
2020-12-30,茄类,16.318,2
2020-12-31,茄类,20.725,3
2021-01-01,茄类,18.037,4
2021-01-02,茄类,18.302,5
2021-01-03,茄类,13.385,6
2021-01-04,茄类,9.867,0
2021-01-05,茄类,14.439,1
2021-01-06,茄类,13.689,2
2021-01-07,茄类,12.56,3
2021-01-08,茄类,12.049,4
2021-01-09,茄类,17.965,5
2021-01-10,茄类,23.755,6
2021-01-11,茄类,15.841,0
2021-01-12,茄类,6.304,1
2021-01-13,茄类,0.0,2
2021-01-14,茄类,18.643,3
2021-01-15,茄类,14.644,4
2021-01-16,茄类,20.109,5
2021-01-17,茄类,24.613,6
2021-01-18,茄类,10.266,0
2021-01-19,茄类,9.304,1
2021-01-20,茄类,19.321,2
2021-01-21,茄类,23.411,3
2021-01-22,茄类,12.333,4
2021-01-23,茄类,20.333,5
2021-01-24,茄类,23.807,6
2021-01-25,茄类,20.041,0
2021-01-26,茄类,16.078,1
2021-01-27,茄类,11.937,2
2021-01-28,茄类,17.792,3
2021-01-29,茄类,15.072,4
2021-01-30,茄类,23.084,5
2021-01-31,茄类,24.61,6
2021-02-01,茄类,13.664,0
2021-02-02,茄类,24.133,1
2021-02-03,茄类,14.938,2
2021-02-04,茄类,27.716,3
2021-02-05,茄类,25.906,4
2021-02-06,茄类,39.051,5
2021-02-07,茄类,43.635,6
2021-02-08,茄类,58.326,0
2021-02-09,茄类,87.912,1
2021-02-10,茄类,118.931,2
2021-02-13,茄类,28.967,5
2021-02-14,茄类,25.06,6
2021-02-15,茄类,39.655,0
2021-02-16,茄类,31.647,1
2021-02-17,茄类,30.358,2
2021-02-18,茄类,18.169999999999998,3
2021-02-19,茄类,13.769,4
2021-02-20,茄类,21.798000000000002,5
2021-02-21,茄类,33.803,6
2021-02-22,茄类,15.47,0
2021-02-23,茄类,25.429,1
2021-02-24,茄类,22.668,2
2021-02-25,茄类,34.618,3
2021-02-26,茄类,31.286,4
2021-02-27,茄类,22.579,5
2021-02-28,茄类,27.705,6
2021-03-01,茄类,27.232,0
2021-03-02,茄类,16.541,1
2021-03-03,茄类,23.654,2
2021-03-04,茄类,20.344,3
2021-03-05,茄类,22.986,4
2021-03-06,茄类,38.176,5
2021-03-07,茄类,26.748,6
2021-03-08,茄类,19.815,0
2021-03-09,茄类,20.838,1
2021-03-10,茄类,14.35,2
2021-03-11,茄类,16.37,3
2021-03-12,茄类,23.836000000000002,4
2021-03-13,茄类,26.434,5
2021-03-14,茄类,17.721,6
2021-03-15,茄类,13.658,0
2021-03-16,茄类,13.577,1
2021-03-17,茄类,19.313,2
2021-03-18,茄类,11.866,3
2021-03-19,茄类,16.235,4
2021-03-20,茄类,21.477,5
2021-03-21,茄类,17.948999999999998,6
2021-03-22,茄类,11.561,0
2021-03-23,茄类,19.312,1
2021-03-24,茄类,15.113,2
2021-03-25,茄类,14.621,3
2021-03-26,茄类,21.313,4
2021-03-27,茄类,26.111,5
2021-03-28,茄类,19.628,6
2021-03-29,茄类,16.139,0
2021-03-30,茄类,21.407,1
2021-03-31,茄类,21.649,2
2021-04-01,茄类,20.604,3
2021-04-02,茄类,20.665,4
2021-04-03,茄类,32.71,5
2021-04-04,茄类,22.976,6
2021-04-05,茄类,16.492,0
2021-04-06,茄类,3.138,1
2021-04-07,茄类,16.213,2
2021-04-08,茄类,20.319,3
2021-04-09,茄类,17.451,4
2021-04-10,茄类,25.525,5
2021-04-11,茄类,24.902,6
2021-04-12,茄类,10.203,0
2021-04-13,茄类,13.4,1
2021-04-14,茄类,18.975,2
2021-04-15,茄类,12.151,3
2021-04-16,茄类,15.371,4
2021-04-17,茄类,20.407,5
2021-04-18,茄类,28.972,6
2021-04-19,茄类,17.311,0
2021-04-20,茄类,16.233999999999998,1
2021-04-21,茄类,26.622,2
2021-04-22,茄类,15.227,3
2021-04-23,茄类,27.427,4
2021-04-24,茄类,37.796,5
2021-04-25,茄类,24.708000000000002,6
2021-04-26,茄类,12.618,0
2021-04-27,茄类,31.041999999999998,1
2021-04-28,茄类,27.487000000000002,2
2021-04-29,茄类,15.705,3
2021-04-30,茄类,26.786,4
2021-05-01,茄类,19.976,5
2021-05-02,茄类,22.784,6
2021-05-03,茄类,25.175,0
2021-05-04,茄类,18.032,1
2021-05-05,茄类,17.339,2
2021-05-06,茄类,22.682,3
2021-05-07,茄类,20.724,4
2021-05-08,茄类,22.625,5
2021-05-09,茄类,30.75,6
2021-05-10,茄类,24.956,0
2021-05-11,茄类,26.533,1
2021-05-12,茄类,19.247,2
2021-05-13,茄类,20.687,3
2021-05-14,茄类,32.193,4
2021-05-15,茄类,40.776,5
2021-05-16,茄类,19.009,6
2021-05-17,茄类,29.921,0
2021-05-18,茄类,23.783,1
2021-05-19,茄类,20.578,2
2021-05-20,茄类,22.177,3
2021-05-21,茄类,21.886,4
2021-05-22,茄类,25.845,5
2021-05-23,茄类,42.331,6
2021-05-24,茄类,17.043,0
2021-05-25,茄类,17.94,1
2021-05-26,茄类,15.81,2
2021-05-27,茄类,15.645,3
2021-05-28,茄类,16.472,4
2021-05-29,茄类,18.291,5
2021-05-30,茄类,27.038,6
2021-05-31,茄类,25.363,0
2021-06-01,茄类,26.938000000000002,1
2021-06-02,茄类,27.706,2
2021-06-03,茄类,11.679,3
2021-06-04,茄类,16.743,4
2021-06-05,茄类,36.367,5
2021-06-06,茄类,30.644000000000002,6
2021-06-07,茄类,29.868,0
2021-06-08,茄类,24.611,1
2021-06-09,茄类,19.353,2
2021-06-10,茄类,24.961,3
2021-06-11,茄类,16.567,4
2021-06-12,茄类,48.073,5
2021-06-13,茄类,40.009,6
2021-06-14,茄类,37.545,0
2021-06-15,茄类,20.698,1
2021-06-16,茄类,19.793,2
2021-06-17,茄类,28.237000000000002,3
2021-06-18,茄类,27.339,4
2021-06-19,茄类,30.488,5
2021-06-20,茄类,61.881,6
2021-06-21,茄类,18.566,0
2021-06-22,茄类,30.314,1
2021-06-23,茄类,24.858999999999998,2
2021-06-24,茄类,19.543,3
2021-06-25,茄类,12.896,4
2021-06-26,茄类,35.449,5
2021-06-27,茄类,31.776,6
2021-06-28,茄类,21.088,0
2021-06-29,茄类,19.721,1
2021-06-30,茄类,27.425,2
2021-07-01,茄类,26.278,3
2021-07-02,茄类,28.565,4
2021-07-03,茄类,47.285,5
2021-07-04,茄类,39.241,6
2021-07-05,茄类,49.588,0
2021-07-06,茄类,49.005,1
2021-07-07,茄类,31.752,2
2021-07-08,茄类,33.078,3
2021-07-09,茄类,22.810000000000002,4
2021-07-10,茄类,49.929,5
2021-07-11,茄类,40.365,6
2021-07-12,茄类,24.025,0
2021-07-13,茄类,28.125,1
2021-07-14,茄类,20.281,2
2021-07-15,茄类,17.221,3
2021-07-16,茄类,53.38,4
2021-07-17,茄类,29.918,5
2021-07-18,茄类,31.604,6
2021-07-19,茄类,19.986,0
2021-07-20,茄类,19.324,1
2021-07-21,茄类,22.554,2
2021-07-22,茄类,26.636,3
2021-07-23,茄类,19.1,4
2021-07-24,茄类,37.029,5
2021-07-25,茄类,29.736,6
2021-07-26,茄类,16.386,0
2021-07-27,茄类,20.927,1
2021-07-28,茄类,15.551,2
2021-07-29,茄类,59.522,3
2021-07-30,茄类,33.845,4
2021-07-31,茄类,24.536,5
2021-08-01,茄类,20.536,6
2021-08-02,茄类,35.577,0
2021-08-03,茄类,48.444,1
2021-08-04,茄类,33.147,2
2021-08-05,茄类,29.12,3
2021-08-06,茄类,20.331,4
2021-08-07,茄类,23.784,5
2021-08-08,茄类,32.192,6
2021-08-09,茄类,31.015,0
2021-08-10,茄类,22.361,1
2021-08-11,茄类,25.757,2
2021-08-12,茄类,37.175,3
2021-08-13,茄类,49.079,4
2021-08-14,茄类,35.09,5
2021-08-15,茄类,31.245,6
2021-08-16,茄类,24.663,0
2021-08-17,茄类,28.565,1
2021-08-18,茄类,25.035,2
2021-08-19,茄类,31.478,3
2021-08-20,茄类,25.752,4
2021-08-21,茄类,33.887,5
2021-08-22,茄类,21.861,6
2021-08-23,茄类,29.713,0
2021-08-24,茄类,22.695,1
2021-08-25,茄类,27.139,2
2021-08-26,茄类,34.842,3
2021-08-27,茄类,33.381,4
2021-08-28,茄类,34.078,5
2021-08-29,茄类,39.917,6
2021-08-30,茄类,41.208,0
2021-08-31,茄类,39.432,1
2021-09-01,茄类,27.264,2
2021-09-02,茄类,24.511,3
2021-09-03,茄类,20.685,4
2021-09-04,茄类,26.823,5
2021-09-05,茄类,30.823,6
2021-09-06,茄类,20.716,0
2021-09-07,茄类,19.175,1
2021-09-08,茄类,16.32,2
2021-09-09,茄类,12.804,3
2021-09-10,茄类,13.491,4
2021-09-11,茄类,26.026,5
2021-09-12,茄类,34.906,6
2021-09-13,茄类,26.428,0
2021-09-14,茄类,24.411,1
2021-09-15,茄类,20.887,2
2021-09-16,茄类,28.808,3
2021-09-17,茄类,22.689,4
2021-09-18,茄类,25.935,5
2021-09-19,茄类,46.835,6
2021-09-20,茄类,40.869,0
2021-09-21,茄类,32.084,1
2021-09-22,茄类,31.009,2
2021-09-23,茄类,22.845,3
2021-09-24,茄类,15.31,4
2021-09-25,茄类,35.554,5
2021-09-26,茄类,28.75,6
2021-09-27,茄类,11.333,0
2021-09-28,茄类,19.695999999999998,1
2021-09-29,茄类,14.816,2
2021-09-30,茄类,18.757,3
2021-10-01,茄类,36.474,4
2021-10-02,茄类,31.701,5
2021-10-03,茄类,27.065,6
2021-10-04,茄类,20.632,0
2021-10-05,茄类,35.634,1
2021-10-06,茄类,23.643,2
2021-10-07,茄类,20.343,3
2021-10-08,茄类,23.041,4
2021-10-09,茄类,16.791999999999998,5
2021-10-10,茄类,24.273,6
2021-10-11,茄类,14.56,0
2021-10-12,茄类,12.799,1
2021-10-13,茄类,11.277000000000001,2
2021-10-14,茄类,10.191,3
2021-10-15,茄类,10.811,4
2021-10-16,茄类,14.772,5
2021-10-17,茄类,13.639,6
2021-10-18,茄类,10.502,0
2021-10-19,茄类,8.766,1
2021-10-20,茄类,8.978,2
2021-10-21,茄类,11.262,3
2021-10-22,茄类,5.062,4
2021-10-23,茄类,9.346,5
2021-10-24,茄类,11.389,6
2021-10-25,茄类,7.279,0
2021-10-26,茄类,8.68,1
2021-10-27,茄类,6.836,2
2021-10-28,茄类,3.122,3
2021-10-29,茄类,11.124,4
2021-10-30,茄类,12.133000000000001,5
2021-10-31,茄类,8.639,6
2021-11-01,茄类,10.293000000000001,0
2021-11-02,茄类,13.551,1
2021-11-03,茄类,5.176,2
2021-11-04,茄类,12.227,3
2021-11-05,茄类,6.524,4
2021-11-06,茄类,9.658,5
2021-11-07,茄类,14.185,6
2021-11-08,茄类,10.662,0
2021-11-09,茄类,3.419,1
2021-11-10,茄类,3.044,2
2021-11-11,茄类,3.602,3
2021-11-12,茄类,10.337,4
2021-11-13,茄类,10.383000000000001,5
2021-11-14,茄类,14.612,6
2021-11-15,茄类,7.194,0
2021-11-16,茄类,2.8339999999999996,1
2021-11-17,茄类,7.203,2
2021-11-18,茄类,3.246,3
2021-11-19,茄类,6.776,4
2021-11-20,茄类,9.051,5
2021-11-21,茄类,17.990000000000002,6
2021-11-22,茄类,9.175,0
2021-11-23,茄类,5.163,1
2021-11-24,茄类,9.217,2
2021-11-25,茄类,5.166,3
2021-11-26,茄类,6.0600000000000005,4
2021-11-27,茄类,11.622,5
2021-11-28,茄类,9.693999999999999,6
2021-11-29,茄类,5.796,0
2021-11-30,茄类,7.103,1
2021-12-01,茄类,5.252,2
2021-12-02,茄类,4.474,3
2021-12-03,茄类,5.683,4
2021-12-04,茄类,9.205,5
2021-12-05,茄类,10.65,6
2021-12-06,茄类,8.862,0
2021-12-07,茄类,6.648000000000001,1
2021-12-08,茄类,7.96,2
2021-12-09,茄类,7.2540000000000004,3
2021-12-10,茄类,8.928,4
2021-12-11,茄类,10.714,5
2021-12-12,茄类,10.426,6
2021-12-13,茄类,1.537,0
2021-12-14,茄类,5.4719999999999995,1
2021-12-15,茄类,6.299,2
2021-12-16,茄类,4.506,3
2021-12-17,茄类,10.173,4
2021-12-18,茄类,11.996,5
2021-12-19,茄类,9.451,6
2021-12-20,茄类,6.115,0
2021-12-21,茄类,6.431,1
2021-12-22,茄类,4.455,2
2021-12-23,茄类,6.563,3
2021-12-24,茄类,8.624,4
2021-12-25,茄类,13.596,5
2021-12-26,茄类,9.123,6
2021-12-27,茄类,5.35,0
2021-12-28,茄类,5.317,1
2021-12-29,茄类,3.0269999999999997,2
2021-12-30,茄类,11.272,3
2021-12-31,茄类,12.997,4
2022-01-01,茄类,18.428,5
2022-01-02,茄类,13.349,6
2022-01-03,茄类,12.782,0
2022-01-04,茄类,8.174,1
2022-01-05,茄类,9.827,2
2022-01-06,茄类,7.001,3
2022-01-07,茄类,16.284,4
2022-01-08,茄类,14.224,5
2022-01-09,茄类,11.879,6
2022-01-10,茄类,8.581999999999999,0
2022-01-11,茄类,10.573,1
2022-01-12,茄类,10.637,2
2022-01-13,茄类,12.889,3
2022-01-14,茄类,6.196,4
2022-01-15,茄类,9.146,5
2022-01-16,茄类,14.67,6
2022-01-17,茄类,10.665,0
2022-01-18,茄类,8.478,1
2022-01-19,茄类,4.2059999999999995,2
2022-01-20,茄类,22.912,3
2022-01-21,茄类,23.798000000000002,4
2022-01-22,茄类,22.592,5
2022-01-23,茄类,25.009,6
2022-01-24,茄类,25.579,0
2022-01-25,茄类,26.834,1
2022-01-26,茄类,31.875,2
2022-01-27,茄类,21.963,3
2022-01-28,茄类,54.803,4
2022-01-29,茄类,85.672,5
2022-01-30,茄类,88.028,6
2022-02-01,茄类,18.86,1
2022-02-02,茄类,29.266000000000002,2
2022-02-03,茄类,51.214999999999996,3
2022-02-04,茄类,49.812,4
2022-02-05,茄类,43.637,5
2022-02-06,茄类,38.299,6
2022-02-07,茄类,25.718,0
2022-02-08,茄类,28.361,1
2022-02-09,茄类,17.827,2
2022-02-10,茄类,18.122,3
2022-02-11,茄类,16.356,4
2022-02-12,茄类,19.233,5
2022-02-13,茄类,18.593,6
2022-02-14,茄类,22.165,0
2022-02-15,茄类,13.33,1
2022-02-16,茄类,8.002,2
2022-02-17,茄类,16.258,3
2022-02-18,茄类,13.181,4
2022-02-19,茄类,19.604,5
2022-02-20,茄类,19.499,6
2022-02-21,茄类,12.819,0
2022-02-22,茄类,14.993,1
2022-02-23,茄类,10.987,2
2022-02-24,茄类,11.295,3
2022-02-25,茄类,15.162,4
2022-02-26,茄类,22.413,5
2022-02-27,茄类,17.194,6
2022-02-28,茄类,14.358,0
2022-03-01,茄类,13.075,1
2022-03-02,茄类,8.61,2
2022-03-03,茄类,14.025,3
2022-03-04,茄类,9.297,4
2022-03-05,茄类,14.836,5
2022-03-06,茄类,19.161,6
2022-03-07,茄类,11.448,0
2022-03-08,茄类,9.594,1
2022-03-09,茄类,8.401,2
2022-03-10,茄类,10.189,3
2022-03-11,茄类,15.262,4
2022-03-12,茄类,24.795,5
2022-03-13,茄类,19.47,6
2022-03-14,茄类,12.678,0
2022-03-15,茄类,12.816,1
2022-03-16,茄类,12.564,2
2022-03-17,茄类,15.834,3
2022-03-18,茄类,16.346,4
2022-03-19,茄类,26.011,5
2022-03-20,茄类,21.443,6
2022-03-21,茄类,25.338,0
2022-03-22,茄类,21.947,1
2022-03-23,茄类,17.569,2
2022-03-24,茄类,16.036,3
2022-03-25,茄类,17.128,4
2022-03-26,茄类,23.286,5
2022-03-27,茄类,26.977,6
2022-03-28,茄类,15.998000000000001,0
2022-03-29,茄类,13.184,1
2022-03-30,茄类,17.223,2
2022-03-31,茄类,10.145,3
2022-04-01,茄类,16.697,4
2022-04-02,茄类,18.016000000000002,5
2022-04-03,茄类,23.887,6
2022-04-04,茄类,23.387,0
2022-04-05,茄类,15.356,1
2022-04-06,茄类,11.695,2
2022-04-07,茄类,14.479,3
2022-04-08,茄类,12.371,4
2022-04-09,茄类,27.258,5
2022-04-10,茄类,24.485,6
2022-04-11,茄类,10.687,0
2022-04-12,茄类,20.041,1
2022-04-13,茄类,20.903,2
2022-04-14,茄类,21.356,3
2022-04-15,茄类,17.358,4
2022-04-16,茄类,32.118,5
2022-04-17,茄类,32.008,6
2022-04-18,茄类,23.28,0
2022-04-19,茄类,16.985,1
2022-04-20,茄类,18.031,2
2022-04-21,茄类,11.668,3
2022-04-22,茄类,20.471,4
2022-04-23,茄类,25.194,5
2022-04-24,茄类,13.679,6
2022-04-25,茄类,20.592,0
2022-04-26,茄类,14.113,1
2022-04-27,茄类,24.953,2
2022-04-28,茄类,21.918,3
2022-04-29,茄类,29.707,4
2022-04-30,茄类,35.229,5
2022-05-01,茄类,36.606,6
2022-05-02,茄类,47.127,0
2022-05-03,茄类,42.378,1
2022-05-04,茄类,44.495,2
2022-05-05,茄类,26.05,3
2022-05-06,茄类,32.15,4
2022-05-07,茄类,34.564,5
2022-05-08,茄类,33.433,6
2022-05-09,茄类,34.866,0
2022-05-10,茄类,13.224,1
2022-05-11,茄类,15.419,2
2022-05-12,茄类,22.173,3
2022-05-13,茄类,45.528,4
2022-05-14,茄类,51.014,5
2022-05-15,茄类,43.627,6
2022-05-16,茄类,19.412,0
2022-05-17,茄类,23.194,1
2022-05-18,茄类,21.794,2
2022-05-19,茄类,21.799,3
2022-05-20,茄类,22.675,4
2022-05-21,茄类,43.426,5
2022-05-22,茄类,29.841,6
2022-05-23,茄类,26.0,0
2022-05-24,茄类,29.285,1
2022-05-25,茄类,22.563,2
2022-05-26,茄类,29.903,3
2022-05-27,茄类,27.341,4
2022-05-28,茄类,54.447,5
2022-05-29,茄类,55.666,6
2022-05-30,茄类,25.618,0
2022-05-31,茄类,18.11,1
2022-06-01,茄类,21.105,2
2022-06-02,茄类,34.716,3
2022-06-03,茄类,59.95,4
2022-06-04,茄类,39.752,5
2022-06-05,茄类,42.328,6
2022-06-06,茄类,37.312,0
2022-06-07,茄类,23.212,1
2022-06-08,茄类,27.37,2
2022-06-09,茄类,35.271,3
2022-06-10,茄类,38.776,4
2022-06-11,茄类,48.32,5
2022-06-12,茄类,49.505,6
2022-06-13,茄类,33.306,0
2022-06-14,茄类,29.762,1
2022-06-15,茄类,33.776,2
2022-06-16,茄类,35.463,3
2022-06-17,茄类,36.326,4
2022-06-18,茄类,47.584,5
2022-06-19,茄类,40.858,6
2022-06-20,茄类,27.416,0
2022-06-21,茄类,27.152,1
2022-06-22,茄类,22.451,2
2022-06-23,茄类,17.152,3
2022-06-24,茄类,22.836,4
2022-06-25,茄类,28.57,5
2022-06-26,茄类,33.783,6
2022-06-27,茄类,21.427,0
2022-06-28,茄类,13.137,1
2022-06-29,茄类,26.758,2
2022-06-30,茄类,21.969,3
2022-07-01,茄类,17.165,4
2022-07-02,茄类,27.475,5
2022-07-03,茄类,42.368,6
2022-07-04,茄类,17.802,0
2022-07-05,茄类,17.524,1
2022-07-06,茄类,9.038,2
2022-07-07,茄类,14.602,3
2022-07-08,茄类,7.971,4
2022-07-09,茄类,26.107,5
2022-07-10,茄类,21.797,6
2022-07-11,茄类,30.141,0
2022-07-12,茄类,19.218,1
2022-07-13,茄类,12.754999999999999,2
2022-07-14,茄类,14.374,3
2022-07-15,茄类,11.364,4
2022-07-16,茄类,18.431,5
2022-07-17,茄类,21.934,6
2022-07-18,茄类,11.582,0
2022-07-19,茄类,20.509,1
2022-07-20,茄类,17.192,2
2022-07-21,茄类,18.296,3
2022-07-22,茄类,16.449,4
2022-07-23,茄类,20.601,5
2022-07-24,茄类,10.549,6
2022-07-25,茄类,17.972,0
2022-07-26,茄类,18.262,1
2022-07-27,茄类,14.402,2
2022-07-28,茄类,22.580000000000002,3
2022-07-29,茄类,15.616,4
2022-07-30,茄类,13.837,5
2022-07-31,茄类,19.875,6
2022-08-01,茄类,29.243,0
2022-08-02,茄类,14.100999999999999,1
2022-08-03,茄类,15.584999999999999,2
2022-08-04,茄类,17.149,3
2022-08-05,茄类,13.432,4
2022-08-06,茄类,15.462,5
2022-08-07,茄类,26.316,6
2022-08-08,茄类,18.528,0
2022-08-09,茄类,17.542,1
2022-08-10,茄类,17.255,2
2022-08-11,茄类,13.387,3
2022-08-12,茄类,15.139,4
2022-08-13,茄类,28.498,5
2022-08-14,茄类,32.987,6
2022-08-15,茄类,24.222,0
2022-08-16,茄类,18.14,1
2022-08-17,茄类,20.658,2
2022-08-18,茄类,26.979,3
2022-08-19,茄类,89.616,4
2022-08-20,茄类,18.641,5
2022-08-21,茄类,19.233,6
2022-08-22,茄类,14.33,0
2022-08-23,茄类,13.572000000000001,1
2022-08-24,茄类,14.23,2
2022-08-25,茄类,12.514,3
2022-08-26,茄类,11.488,4
2022-08-27,茄类,19.554,5
2022-08-28,茄类,25.88,6
2022-08-29,茄类,13.378,0
2022-08-30,茄类,7.934,1
2022-08-31,茄类,3.3040000000000003,2
2022-09-01,茄类,11.464,3
2022-09-02,茄类,4.884,4
2022-09-03,茄类,15.738,5
2022-09-04,茄类,18.362000000000002,6
2022-09-05,茄类,10.812,0
2022-09-06,茄类,11.684,1
2022-09-07,茄类,12.388,2
2022-09-08,茄类,7.918,3
2022-09-09,茄类,4.65,4
2022-09-10,茄类,0.491,5
2022-09-11,茄类,6.927,6
2022-09-12,茄类,0.0,0
2022-09-13,茄类,0.0,1
2022-09-14,茄类,0.0,2
2022-09-15,茄类,0.0,3
2022-09-16,茄类,0.0,4
2022-09-17,茄类,0.0,5
2022-09-18,茄类,0.0,6
2022-09-19,茄类,0.0,0
2022-09-20,茄类,0.0,1
2022-09-21,茄类,0.0,2
2022-09-22,茄类,0.0,3
2022-09-23,茄类,0.0,4
2022-09-24,茄类,0.0,5
2022-09-25,茄类,0.0,6
2022-09-26,茄类,0.0,0
2022-09-27,茄类,0.0,1
2022-09-28,茄类,0.0,2
2022-09-29,茄类,0.0,3
2022-09-30,茄类,0.0,4
2022-10-01,茄类,0.0,5
2022-10-02,茄类,0.0,6
2022-10-03,茄类,0.0,0
2022-10-04,茄类,0.0,1
2022-10-05,茄类,0.0,2
2022-10-06,茄类,0.0,3
2022-10-07,茄类,0.0,4
2022-10-08,茄类,0.0,5
2022-10-09,茄类,0.0,6
2022-10-10,茄类,0.0,0
2022-10-11,茄类,0.0,1
2022-10-12,茄类,0.0,2
2022-10-13,茄类,0.0,3
2022-10-14,茄类,0.0,4
2022-10-15,茄类,12.033,5
2022-10-16,茄类,2.55,6
2022-10-17,茄类,5.7620000000000005,0
2022-10-18,茄类,7.187,1
2022-10-19,茄类,13.004,2
2022-10-20,茄类,4.7010000000000005,3
2022-10-21,茄类,38.486,4
2022-10-22,茄类,7.952,5
2022-10-23,茄类,14.581,6
2022-10-24,茄类,3.223,0
2022-10-25,茄类,4.156,1
2022-10-26,茄类,4.56,2
2022-10-27,茄类,2.299,3
2022-10-28,茄类,11.885,4
2022-10-29,茄类,11.396,5
2022-10-30,茄类,10.805,6
2022-10-31,茄类,3.319,0
2022-11-01,茄类,3.305,1
2022-11-03,茄类,4.0120000000000005,3
2022-11-05,茄类,9.815999999999999,5
2022-11-06,茄类,4.647,6
2022-11-07,茄类,3.256,0
2022-11-08,茄类,3.86,1
2022-11-09,茄类,2.871,2
2022-11-10,茄类,6.897,3
2022-11-11,茄类,7.801,4
2022-11-12,茄类,10.572,5
2022-11-13,茄类,7.366,6
2022-11-14,茄类,5.605,0
2022-11-15,茄类,7.266,1
2022-11-16,茄类,2.568,2
2022-11-17,茄类,8.038,3
2022-11-18,茄类,17.923,4
2022-11-19,茄类,35.948,5
2022-11-20,茄类,0.252,6
2022-11-21,茄类,55.692,0
2022-11-22,茄类,4.816,1
2022-11-23,茄类,8.243,2
2022-11-24,茄类,8.455,3
2022-11-25,茄类,16.927,4
2022-11-26,茄类,9.863999999999999,5
2022-11-27,茄类,4.146,6
2022-11-28,茄类,1.04,0
2022-11-29,茄类,1.778,1
2022-12-04,茄类,1.168,6
2022-12-05,茄类,0.0,0
2022-12-06,茄类,7.977,1
2022-12-07,茄类,11.597,2
2022-12-08,茄类,4.524,3
2022-12-09,茄类,4.422,4
2022-12-10,茄类,6.572,5
2022-12-11,茄类,3.629,6
2022-12-12,茄类,3.379,0
2022-12-13,茄类,5.316,1
2022-12-14,茄类,6.973,2
2022-12-15,茄类,8.607,3
2022-12-16,茄类,6.8389999999999995,4
2022-12-17,茄类,16.786,5
2022-12-18,茄类,12.025,6
2022-12-19,茄类,11.56,0
2022-12-20,茄类,6.731,1
2022-12-21,茄类,17.740000000000002,2
2022-12-22,茄类,8.883000000000001,3
2022-12-23,茄类,8.921,4
2022-12-24,茄类,11.582,5
2022-12-25,茄类,5.742,6
2022-12-26,茄类,12.022,0
2022-12-27,茄类,6.541,1
2022-12-28,茄类,8.167,2
2022-12-29,茄类,3.656,3
2022-12-30,茄类,6.173,4
2022-12-31,茄类,5.574,5
2023-01-01,茄类,7.926,6
2023-01-02,茄类,17.834,0
2023-01-03,茄类,3.617,1
2023-01-04,茄类,3.9290000000000003,2
2023-01-05,茄类,5.835,3
2023-01-06,茄类,6.648,4
2023-01-07,茄类,11.499,5
2023-01-08,茄类,15.154,6
2023-01-09,茄类,11.607,0
2023-01-10,茄类,9.913,1
2023-01-11,茄类,9.782,2
2023-01-12,茄类,9.159,3
2023-01-13,茄类,15.213000000000001,4
2023-01-14,茄类,31.542,5
2023-01-15,茄类,21.246,6
2023-01-16,茄类,21.066,0
2023-01-17,茄类,22.71,1
2023-01-18,茄类,41.459,2
2023-01-19,茄类,61.759,3
2023-01-20,茄类,75.97,4
2023-01-22,茄类,17.629,6
2023-01-23,茄类,31.043,0
2023-01-24,茄类,31.05,1
2023-01-25,茄类,37.569,2
2023-01-26,茄类,32.835,3
2023-01-27,茄类,31.75,4
2023-01-28,茄类,30.240000000000002,5
2023-01-29,茄类,15.298,6
2023-01-30,茄类,15.248,0
2023-01-31,茄类,13.52,1
2023-02-01,茄类,12.689,2
2023-02-02,茄类,15.701,3
2023-02-03,茄类,14.786,4
2023-02-04,茄类,20.698,5
2023-02-05,茄类,15.281,6
2023-02-06,茄类,12.377,0
2023-02-07,茄类,12.441,1
2023-02-08,茄类,8.429,2
2023-02-09,茄类,13.362,3
2023-02-10,茄类,12.794,4
2023-02-11,茄类,16.919,5
2023-02-12,茄类,28.032,6
2023-02-13,茄类,14.143,0
2023-02-14,茄类,14.301,1
2023-02-15,茄类,6.735,2
2023-02-16,茄类,7.394,3
2023-02-17,茄类,8.283,4
2023-02-18,茄类,21.074,5
2023-02-19,茄类,17.567,6
2023-02-20,茄类,7.391,0
2023-02-21,茄类,12.593,1
2023-02-22,茄类,9.991,2
2023-02-23,茄类,11.31,3
2023-02-24,茄类,11.328,4
2023-02-25,茄类,10.979000000000001,5
2023-02-26,茄类,14.041,6
2023-02-27,茄类,8.846,0
2023-02-28,茄类,7.007,1
2023-03-01,茄类,9.504,2
2023-03-02,茄类,7.568,3
2023-03-03,茄类,13.904,4
2023-03-04,茄类,12.627,5
2023-03-05,茄类,15.741,6
2023-03-06,茄类,10.117,0
2023-03-07,茄类,8.469,1
2023-03-08,茄类,9.434000000000001,2
2023-03-09,茄类,7.751,3
2023-03-10,茄类,14.024000000000001,4
2023-03-11,茄类,20.211,5
2023-03-12,茄类,18.27,6
2023-03-13,茄类,12.188,0
2023-03-14,茄类,11.759,1
2023-03-15,茄类,8.036999999999999,2
2023-03-16,茄类,11.892,3
2023-03-17,茄类,16.576,4
2023-03-18,茄类,29.560000000000002,5
2023-03-19,茄类,26.328,6
2023-03-20,茄类,9.431000000000001,0
2023-03-21,茄类,10.702,1
2023-03-22,茄类,12.133000000000001,2
2023-03-23,茄类,10.903,3
2023-03-24,茄类,18.402,4
2023-03-25,茄类,22.364,5
2023-03-26,茄类,20.143,6
2023-03-27,茄类,12.216,0
2023-03-28,茄类,15.485,1
2023-03-29,茄类,8.567,2
2023-03-30,茄类,14.654,3
2023-03-31,茄类,21.134,4
2023-04-01,茄类,23.388,5
2023-04-02,茄类,20.488,6
2023-04-03,茄类,19.201,0
2023-04-04,茄类,20.162,1
2023-04-05,茄类,22.225,2
2023-04-06,茄类,12.387,3
2023-04-07,茄类,9.746,4
2023-04-08,茄类,19.815,5
2023-04-09,茄类,15.846,6
2023-04-10,茄类,12.818,0
2023-04-11,茄类,13.366,1
2023-04-12,茄类,8.998,2
2023-04-13,茄类,9.198,3
2023-04-14,茄类,19.025000000000002,4
2023-04-15,茄类,16.674,5
2023-04-16,茄类,20.902,6
2023-04-17,茄类,9.19,0
2023-04-18,茄类,16.152,1
2023-04-19,茄类,13.945,2
2023-04-20,茄类,10.307,3
2023-04-21,茄类,30.95,4
2023-04-22,茄类,39.651,5
2023-04-23,茄类,21.876,6
2023-04-24,茄类,25.565,0
2023-04-25,茄类,19.3,1
2023-04-26,茄类,18.526,2
2023-04-27,茄类,18.48,3
2023-04-28,茄类,22.141000000000002,4
2023-04-29,茄类,37.234,5
2023-04-30,茄类,43.783,6
2023-05-01,茄类,31.862000000000002,0
2023-05-02,茄类,35.967,1
2023-05-03,茄类,22.717,2
2023-05-04,茄类,25.655,3
2023-05-05,茄类,22.324,4
2023-05-06,茄类,23.097,5
2023-05-07,茄类,39.966,6
2023-05-08,茄类,21.757,0
2023-05-09,茄类,17.224,1
2023-05-10,茄类,28.106,2
2023-05-11,茄类,13.908,3
2023-05-12,茄类,24.496,4
2023-05-13,茄类,33.208,5
2023-05-14,茄类,32.974000000000004,6
2023-05-15,茄类,21.584,0
2023-05-16,茄类,14.181000000000001,1
2023-05-17,茄类,14.296,2
2023-05-18,茄类,11.595,3
2023-05-19,茄类,15.232,4
2023-05-20,茄类,33.825,5
2023-05-21,茄类,38.276,6
2023-05-22,茄类,25.981,0
2023-05-23,茄类,23.022,1
2023-05-24,茄类,15.749,2
2023-05-25,茄类,21.865,3
2023-05-26,茄类,18.213,4
2023-05-27,茄类,24.313,5
2023-05-28,茄类,38.881,6
2023-05-29,茄类,28.536,0
2023-05-30,茄类,23.886,1
2023-05-31,茄类,17.471,2
2023-06-01,茄类,18.475,3
2023-06-02,茄类,22.501,4
2023-06-03,茄类,39.399,5
2023-06-04,茄类,34.741,6
2023-06-05,茄类,19.989,0
2023-06-06,茄类,19.081,1
2023-06-07,茄类,17.873,2
2023-06-08,茄类,24.509,3
2023-06-09,茄类,21.798,4
2023-06-10,茄类,38.116,5
2023-06-11,茄类,43.303,6
2023-06-12,茄类,23.087,0
2023-06-13,茄类,17.659,1
2023-06-14,茄类,28.361,2
2023-06-15,茄类,15.908,3
2023-06-16,茄类,24.133,4
2023-06-17,茄类,46.628,5
2023-06-18,茄类,54.553,6
2023-06-19,茄类,21.207,0
2023-06-20,茄类,21.592,1
2023-06-21,茄类,24.123,2
2023-06-22,茄类,33.866,3
2023-06-23,茄类,25.398,4
2023-06-24,茄类,28.369,5
2023-06-25,茄类,23.315,6
2023-06-26,茄类,21.224,0
2023-06-27,茄类,8.415,1
2023-06-28,茄类,15.651,2
2023-06-29,茄类,11.511,3
2023-06-30,茄类,24.53,4
2020-07-01,辣椒类,76.715,2
2020-07-02,辣椒类,66.064,3
2020-07-03,辣椒类,64.253,4
2020-07-04,辣椒类,81.282,5
2020-07-05,辣椒类,98.496,6
2020-07-06,辣椒类,58.682,0
2020-07-07,辣椒类,42.213,1
2020-07-08,辣椒类,65.88,2
2020-07-09,辣椒类,58.86,3
2020-07-10,辣椒类,58.936,4
2020-07-11,辣椒类,85.936,5
2020-07-12,辣椒类,72.168,6
2020-07-13,辣椒类,61.24,0
2020-07-14,辣椒类,66.745,1
2020-07-15,辣椒类,73.354,2
2020-07-16,辣椒类,72.656,3
2020-07-17,辣椒类,61.025,4
2020-07-18,辣椒类,85.051,5
2020-07-19,辣椒类,102.711,6
2020-07-20,辣椒类,67.35,0
2020-07-21,辣椒类,56.993,1
2020-07-22,辣椒类,81.309,2
2020-07-23,辣椒类,57.639,3
2020-07-24,辣椒类,57.58,4
2020-07-25,辣椒类,94.206,5
2020-07-26,辣椒类,102.06099999999999,6
2020-07-27,辣椒类,71.402,0
2020-07-28,辣椒类,66.001,1
2020-07-29,辣椒类,82.494,2
2020-07-30,辣椒类,67.643,3
2020-07-31,辣椒类,41.104,4
2020-08-01,辣椒类,66.156,5
2020-08-02,辣椒类,67.963,6
2020-08-03,辣椒类,86.474,0
2020-08-04,辣椒类,73.365,1
2020-08-05,辣椒类,82.229,2
2020-08-06,辣椒类,74.047,3
2020-08-07,辣椒类,78.611,4
2020-08-08,辣椒类,100.292,5
2020-08-09,辣椒类,73.684,6
2020-08-10,辣椒类,78.735,0
2020-08-11,辣椒类,73.292,1
2020-08-12,辣椒类,85.166,2
2020-08-13,辣椒类,61.768,3
2020-08-14,辣椒类,76.489,4
2020-08-15,辣椒类,94.285,5
2020-08-16,辣椒类,95.285,6
2020-08-17,辣椒类,72.953,0
2020-08-18,辣椒类,76.92,1
2020-08-19,辣椒类,80.919,2
2020-08-20,辣椒类,75.953,3
2020-08-21,辣椒类,85.19800000000001,4
2020-08-22,辣椒类,116.801,5
2020-08-23,辣椒类,93.714,6
2020-08-24,辣椒类,97.079,0
2020-08-25,辣椒类,107.213,1
2020-08-26,辣椒类,82.32000000000001,2
2020-08-27,辣椒类,89.92,3
2020-08-28,辣椒类,156.11,4
2020-08-29,辣椒类,145.627,5
2020-08-30,辣椒类,155.811,6
2020-08-31,辣椒类,117.965,0
2020-09-01,辣椒类,102.504,1
2020-09-02,辣椒类,83.969,2
2020-09-03,辣椒类,87.119,3
2020-09-04,辣椒类,91.579,4
2020-09-05,辣椒类,110.43900000000001,5
2020-09-06,辣椒类,126.5,6
2020-09-07,辣椒类,56.473,0
2020-09-08,辣椒类,50.259,1
2020-09-09,辣椒类,39.795,2
2020-09-10,辣椒类,49.321,3
2020-09-11,辣椒类,50.22,4
2020-09-12,辣椒类,74.51,5
2020-09-13,辣椒类,83.723,6
2020-09-14,辣椒类,48.55,0
2020-09-15,辣椒类,49.991,1
2020-09-16,辣椒类,46.895,2
2020-09-17,辣椒类,46.145,3
2020-09-18,辣椒类,48.075,4
2020-09-19,辣椒类,84.269,5
2020-09-20,辣椒类,99.148,6
2020-09-21,辣椒类,56.561,0
2020-09-22,辣椒类,77.009,1
2020-09-23,辣椒类,54.327,2
2020-09-24,辣椒类,50.486,3
2020-09-25,辣椒类,53.938,4
2020-09-26,辣椒类,68.094,5
2020-09-27,辣椒类,54.459,6
2020-09-28,辣椒类,37.410000000000004,0
2020-09-29,辣椒类,57.017,1
2020-09-30,辣椒类,53.628,2
2020-10-01,辣椒类,64.092,3
2020-10-02,辣椒类,69.054,4
2020-10-03,辣椒类,84.728,5
2020-10-04,辣椒类,75.21,6
2020-10-05,辣椒类,87.933,0
2020-10-06,辣椒类,81.727,1
2020-10-07,辣椒类,63.151,2
2020-10-08,辣椒类,72.023,3
2020-10-09,辣椒类,51.243,4
2020-10-10,辣椒类,52.511,5
2020-10-11,辣椒类,70.214,6
2020-10-12,辣椒类,48.979,0
2020-10-13,辣椒类,49.116,1
2020-10-14,辣椒类,46.36,2
2020-10-15,辣椒类,45.236,3
2020-10-16,辣椒类,44.67,4
2020-10-17,辣椒类,96.277,5
2020-10-18,辣椒类,88.247,6
2020-10-19,辣椒类,56.69,0
2020-10-20,辣椒类,49.296,1
2020-10-21,辣椒类,48.047,2
2020-10-22,辣椒类,50.037,3
2020-10-23,辣椒类,43.758,4
2020-10-24,辣椒类,77.097,5
2020-10-25,辣椒类,72.537,6
2020-10-26,辣椒类,45.439,0
2020-10-27,辣椒类,45.479,1
2020-10-28,辣椒类,49.395,2
2020-10-29,辣椒类,52.653999999999996,3
2020-10-30,辣椒类,46.452,4
2020-10-31,辣椒类,81.292,5
2020-11-01,辣椒类,73.722,6
2020-11-02,辣椒类,54.351,0
2020-11-03,辣椒类,66.834,1
2020-11-04,辣椒类,59.731,2
2020-11-05,辣椒类,45.282,3
2020-11-06,辣椒类,49.287,4
2020-11-07,辣椒类,69.738,5
2020-11-08,辣椒类,78.907,6
2020-11-09,辣椒类,64.616,0
2020-11-10,辣椒类,54.663,1
2020-11-11,辣椒类,65.834,2
2020-11-12,辣椒类,58.851,3
2020-11-13,辣椒类,70.246,4
2020-11-14,辣椒类,71.84,5
2020-11-15,辣椒类,74.078,6
2020-11-16,辣椒类,45.345,0
2020-11-17,辣椒类,43.486,1
2020-11-18,辣椒类,45.407000000000004,2
2020-11-19,辣椒类,59.111,3
2020-11-20,辣椒类,53.492,4
2020-11-21,辣椒类,79.344,5
2020-11-22,辣椒类,99.221,6
2020-11-23,辣椒类,59.056,0
2020-11-24,辣椒类,52.157,1
2020-11-25,辣椒类,39.054,2
2020-11-26,辣椒类,48.086,3
2020-11-27,辣椒类,53.116,4
2020-11-28,辣椒类,82.485,5
2020-11-29,辣椒类,66.151,6
2020-11-30,辣椒类,54.214,0
2020-12-01,辣椒类,47.882,1
2020-12-02,辣椒类,48.74,2
2020-12-03,辣椒类,48.795,3
2020-12-04,辣椒类,42.929,4
2020-12-05,辣椒类,50.32,5
2020-12-06,辣椒类,61.77,6
2020-12-07,辣椒类,39.566,0
2020-12-08,辣椒类,37.891,1
2020-12-09,辣椒类,36.059,2
2020-12-10,辣椒类,45.747,3
2020-12-11,辣椒类,44.514,4
2020-12-12,辣椒类,54.731,5
2020-12-13,辣椒类,76.784,6
2020-12-14,辣椒类,48.394,0
2020-12-15,辣椒类,41.066,1
2020-12-16,辣椒类,34.84,2
2020-12-17,辣椒类,33.18,3
2020-12-18,辣椒类,41.801,4
2020-12-19,辣椒类,68.24,5
2020-12-20,辣椒类,64.273,6
2020-12-21,辣椒类,30.846,0
2020-12-22,辣椒类,38.615,1
2020-12-23,辣椒类,41.738,2
2020-12-24,辣椒类,37.463,3
2020-12-25,辣椒类,53.083,4
2020-12-26,辣椒类,52.907000000000004,5
2020-12-27,辣椒类,52.745,6
2020-12-28,辣椒类,45.863,0
2020-12-29,辣椒类,28.906,1
2020-12-30,辣椒类,32.167,2
2020-12-31,辣椒类,45.584,3
2021-01-01,辣椒类,67.733,4
2021-01-02,辣椒类,61.502,5
2021-01-03,辣椒类,73.797,6
2021-01-04,辣椒类,58.505,0
2021-01-05,辣椒类,37.556,1
2021-01-06,辣椒类,44.528,2
2021-01-07,辣椒类,50.183,3
2021-01-08,辣椒类,37.342,4
2021-01-09,辣椒类,78.498,5
2021-01-10,辣椒类,68.365,6
2021-01-11,辣椒类,46.768,0
2021-01-12,辣椒类,35.595,1
2021-01-13,辣椒类,37.065,2
2021-01-14,辣椒类,39.296,3
2021-01-15,辣椒类,39.211,4
2021-01-16,辣椒类,76.17399999999999,5
2021-01-17,辣椒类,74.534,6
2021-01-18,辣椒类,48.166,0
2021-01-19,辣椒类,50.827,1
2021-01-20,辣椒类,51.058,2
2021-01-21,辣椒类,57.724,3
2021-01-22,辣椒类,54.45,4
2021-01-23,辣椒类,87.038,5
2021-01-24,辣椒类,99.115,6
2021-01-25,辣椒类,68.681,0
2021-01-26,辣椒类,57.954,1
2021-01-27,辣椒类,105.094,2
2021-01-28,辣椒类,70.075,3
2021-01-29,辣椒类,66.029,4
2021-01-30,辣椒类,91.796,5
2021-01-31,辣椒类,84.451,6
2021-02-01,辣椒类,71.64,0
2021-02-02,辣椒类,92.145,1
2021-02-03,辣椒类,79.053,2
2021-02-04,辣椒类,96.194,3
2021-02-05,辣椒类,124.448,4
2021-02-06,辣椒类,194.842,5
2021-02-07,辣椒类,159.904,6
2021-02-08,辣椒类,289.227,0
2021-02-09,辣椒类,423.696,1
2021-02-10,辣椒类,505.888,2
2021-02-13,辣椒类,104.485,5
2021-02-14,辣椒类,116.812,6
2021-02-15,辣椒类,168.272,0
2021-02-16,辣椒类,151.649,1
2021-02-17,辣椒类,133.646,2
2021-02-18,辣椒类,105.697,3
2021-02-19,辣椒类,116.07000000000001,4
2021-02-20,辣椒类,119.306,5
2021-02-21,辣椒类,80.423,6
2021-02-22,辣椒类,72.834,0
2021-02-23,辣椒类,85.425,1
2021-02-24,辣椒类,60.043,2
2021-02-25,辣椒类,100.118,3
2021-02-26,辣椒类,135.777,4
2021-02-27,辣椒类,122.322,5
2021-02-28,辣椒类,114.677,6
2021-03-01,辣椒类,97.068,0
2021-03-02,辣椒类,83.363,1
2021-03-03,辣椒类,80.749,2
2021-03-04,辣椒类,93.07600000000001,3
2021-03-05,辣椒类,101.498,4
2021-03-06,辣椒类,167.583,5
2021-03-07,辣椒类,122.568,6
2021-03-08,辣椒类,80.399,0
2021-03-09,辣椒类,66.895,1
2021-03-10,辣椒类,59.548,2
2021-03-11,辣椒类,57.357,3
2021-03-12,辣椒类,102.131,4
2021-03-13,辣椒类,104.089,5
2021-03-14,辣椒类,117.089,6
2021-03-15,辣椒类,85.656,0
2021-03-16,辣椒类,72.126,1
2021-03-17,辣椒类,83.755,2
2021-03-18,辣椒类,73.733,3
2021-03-19,辣椒类,67.509,4
2021-03-20,辣椒类,117.89,5
2021-03-21,辣椒类,112.176,6
2021-03-22,辣椒类,70.68900000000001,0
2021-03-23,辣椒类,66.931,1
2021-03-24,辣椒类,42.484,2
2021-03-25,辣椒类,50.798,3
2021-03-26,辣椒类,60.937,4
2021-03-27,辣椒类,78.794,5
2021-03-28,辣椒类,78.41,6
2021-03-29,辣椒类,62.154,0
2021-03-30,辣椒类,57.851,1
2021-03-31,辣椒类,59.255,2
2021-04-01,辣椒类,52.994,3
2021-04-02,辣椒类,70.727,4
2021-04-03,辣椒类,100.32300000000001,5
2021-04-04,辣椒类,88.244,6
2021-04-05,辣椒类,112.577,0
2021-04-06,辣椒类,35.075,1
2021-04-07,辣椒类,62.9,2
2021-04-08,辣椒类,52.596000000000004,3
2021-04-09,辣椒类,54.274,4
2021-04-10,辣椒类,84.84,5
2021-04-11,辣椒类,94.326,6
2021-04-12,辣椒类,38.756,0
2021-04-13,辣椒类,51.48,1
2021-04-14,辣椒类,47.052,2
2021-04-15,辣椒类,44.413,3
2021-04-16,辣椒类,62.197,4
2021-04-17,辣椒类,72.266,5
2021-04-18,辣椒类,118.063,6
2021-04-19,辣椒类,59.015,0
2021-04-20,辣椒类,64.062,1
2021-04-21,辣椒类,50.684,2
2021-04-22,辣椒类,47.905,3
2021-04-23,辣椒类,53.397,4
2021-04-24,辣椒类,102.501,5
2021-04-25,辣椒类,71.047,6
2021-04-26,辣椒类,60.716,0
2021-04-27,辣椒类,50.15,1
2021-04-28,辣椒类,47.189,2
2021-04-29,辣椒类,54.543,3
2021-04-30,辣椒类,52.865,4
2021-05-01,辣椒类,77.396,5
2021-05-02,辣椒类,80.42,6
2021-05-03,辣椒类,83.419,0
2021-05-04,辣椒类,43.846,1
2021-05-05,辣椒类,72.08,2
2021-05-06,辣椒类,73.006,3
2021-05-07,辣椒类,73.962,4
2021-05-08,辣椒类,69.529,5
2021-05-09,辣椒类,95.075,6
2021-05-10,辣椒类,60.825,0
2021-05-11,辣椒类,46.524,1
2021-05-12,辣椒类,42.616,2
2021-05-13,辣椒类,47.949,3
2021-05-14,辣椒类,51.909,4
2021-05-15,辣椒类,86.637,5
2021-05-16,辣椒类,153.409,6
2021-05-17,辣椒类,76.099,0
2021-05-18,辣椒类,84.864,1
2021-05-19,辣椒类,76.853,2
2021-05-20,辣椒类,60.967,3
2021-05-21,辣椒类,36.494,4
2021-05-22,辣椒类,98.93599999999999,5
2021-05-23,辣椒类,137.485,6
2021-05-24,辣椒类,54.772,0
2021-05-25,辣椒类,57.519,1
2021-05-26,辣椒类,65.416,2
2021-05-27,辣椒类,37.078,3
2021-05-28,辣椒类,67.01,4
2021-05-29,辣椒类,116.845,5
2021-05-30,辣椒类,106.615,6
2021-05-31,辣椒类,60.118,0
2021-06-01,辣椒类,76.648,1
2021-06-02,辣椒类,89.386,2
2021-06-03,辣椒类,75.206,3
2021-06-04,辣椒类,63.703,4
2021-06-05,辣椒类,91.95,5
2021-06-06,辣椒类,88.671,6
2021-06-07,辣椒类,68.965,0
2021-06-08,辣椒类,56.101,1
2021-06-09,辣椒类,52.093,2
2021-06-10,辣椒类,57.091,3
2021-06-11,辣椒类,74.873,4
2021-06-12,辣椒类,77.636,5
2021-06-13,辣椒类,88.876,6
2021-06-14,辣椒类,69.072,0
2021-06-15,辣椒类,60.187,1
2021-06-16,辣椒类,46.695,2
2021-06-17,辣椒类,45.845,3
2021-06-18,辣椒类,46.754,4
2021-06-19,辣椒类,87.633,5
2021-06-20,辣椒类,84.134,6
2021-06-21,辣椒类,58.693,0
2021-06-22,辣椒类,56.135,1
2021-06-23,辣椒类,53.900999999999996,2
2021-06-24,辣椒类,41.586,3
2021-06-25,辣椒类,35.531,4
2021-06-26,辣椒类,82.43900000000001,5
2021-06-27,辣椒类,79.121,6
2021-06-28,辣椒类,45.81,0
2021-06-29,辣椒类,40.321,1
2021-06-30,辣椒类,39.114,2
2021-07-01,辣椒类,54.567,3
2021-07-02,辣椒类,51.785000000000004,4
2021-07-03,辣椒类,73.552,5
2021-07-04,辣椒类,57.583,6
2021-07-05,辣椒类,53.877,0
2021-07-06,辣椒类,46.553,1
2021-07-07,辣椒类,38.244,2
2021-07-08,辣椒类,44.995,3
2021-07-09,辣椒类,34.612,4
2021-07-10,辣椒类,52.771,5
2021-07-11,辣椒类,39.195,6
2021-07-12,辣椒类,42.472,0
2021-07-13,辣椒类,24.629,1
2021-07-14,辣椒类,51.339,2
2021-07-15,辣椒类,48.957,3
2021-07-16,辣椒类,57.948,4
2021-07-17,辣椒类,60.204,5
2021-07-18,辣椒类,67.134,6
2021-07-19,辣椒类,40.146,0
2021-07-20,辣椒类,40.886,1
2021-07-21,辣椒类,58.081,2
2021-07-22,辣椒类,56.815,3
2021-07-23,辣椒类,45.06,4
2021-07-24,辣椒类,82.893,5
2021-07-25,辣椒类,72.385,6
2021-07-26,辣椒类,47.928,0
2021-07-27,辣椒类,54.649,1
2021-07-28,辣椒类,63.485,2
2021-07-29,辣椒类,33.377,3
2021-07-30,辣椒类,50.321,4
2021-07-31,辣椒类,57.015,5
2021-08-01,辣椒类,76.324,6
2021-08-02,辣椒类,79.129,0
2021-08-03,辣椒类,55.900999999999996,1
2021-08-04,辣椒类,89.04,2
2021-08-05,辣椒类,65.069,3
2021-08-06,辣椒类,51.048,4
2021-08-07,辣椒类,69.382,5
2021-08-08,辣椒类,54.567,6
2021-08-09,辣椒类,61.457,0
2021-08-10,辣椒类,66.971,1
2021-08-11,辣椒类,61.666000000000004,2
2021-08-12,辣椒类,83.793,3
2021-08-13,辣椒类,88.147,4
2021-08-14,辣椒类,96.491,5
2021-08-15,辣椒类,78.097,6
2021-08-16,辣椒类,52.116,0
2021-08-17,辣椒类,59.86,1
2021-08-18,辣椒类,54.410000000000004,2
2021-08-19,辣椒类,50.988,3
2021-08-20,辣椒类,47.075,4
2021-08-21,辣椒类,67.629,5
2021-08-22,辣椒类,94.447,6
2021-08-23,辣椒类,15.773,0
2021-08-24,辣椒类,53.891,1
2021-08-25,辣椒类,53.903,2
2021-08-26,辣椒类,61.124,3
2021-08-27,辣椒类,64.045,4
2021-08-28,辣椒类,75.85,5
2021-08-29,辣椒类,81.325,6
2021-08-30,辣椒类,65.327,0
2021-08-31,辣椒类,66.34100000000001,1
2021-09-01,辣椒类,44.769,2
2021-09-02,辣椒类,44.128,3
2021-09-03,辣椒类,42.436,4
2021-09-04,辣椒类,90.712,5
2021-09-05,辣椒类,63.285,6
2021-09-06,辣椒类,42.718,0
2021-09-07,辣椒类,45.236,1
2021-09-08,辣椒类,36.083,2
2021-09-09,辣椒类,39.957,3
2021-09-10,辣椒类,36.978,4
2021-09-11,辣椒类,53.88,5
2021-09-12,辣椒类,52.389,6
2021-09-13,辣椒类,46.014,0
2021-09-14,辣椒类,34.598,1
2021-09-15,辣椒类,33.653,2
2021-09-16,辣椒类,33.706,3
2021-09-17,辣椒类,30.378,4
2021-09-18,辣椒类,44.636,5
2021-09-19,辣椒类,75.511,6
2021-09-20,辣椒类,88.257,0
2021-09-21,辣椒类,100.2,1
2021-09-22,辣椒类,50.36,2
2021-09-23,辣椒类,45.19,3
2021-09-24,辣椒类,39.936,4
2021-09-25,辣椒类,76.729,5
2021-09-26,辣椒类,46.272,6
2021-09-27,辣椒类,32.674,0
2021-09-28,辣椒类,34.777,1
2021-09-29,辣椒类,50.474000000000004,2
2021-09-30,辣椒类,37.589,3
2021-10-01,辣椒类,80.011,4
2021-10-02,辣椒类,66.537,5
2021-10-03,辣椒类,37.727,6
2021-10-04,辣椒类,67.602,0
2021-10-05,辣椒类,73.28,1
2021-10-06,辣椒类,78.097,2
2021-10-07,辣椒类,62.908,3
2021-10-08,辣椒类,65.805,4
2021-10-09,辣椒类,61.377,5
2021-10-10,辣椒类,109.84100000000001,6
2021-10-11,辣椒类,64.755,0
2021-10-12,辣椒类,57.257,1
2021-10-13,辣椒类,44.341,2
2021-10-14,辣椒类,38.431,3
2021-10-15,辣椒类,54.933,4
2021-10-16,辣椒类,93.373,5
2021-10-17,辣椒类,64.30799999999999,6
2021-10-18,辣椒类,40.29,0
2021-10-19,辣椒类,40.052,1
2021-10-20,辣椒类,43.48,2
2021-10-21,辣椒类,29.336,3
2021-10-22,辣椒类,30.078,4
2021-10-23,辣椒类,51.363,5
2021-10-24,辣椒类,41.481,6
2021-10-25,辣椒类,27.46,0
2021-10-26,辣椒类,35.664,1
2021-10-27,辣椒类,32.692,2
2021-10-28,辣椒类,25.502,3
2021-10-29,辣椒类,25.203,4
2021-10-30,辣椒类,26.181,5
2021-10-31,辣椒类,35.237,6
2021-11-01,辣椒类,23.439,0
2021-11-02,辣椒类,25.556,1
2021-11-03,辣椒类,25.358999999999998,2
2021-11-04,辣椒类,24.241,3
2021-11-05,辣椒类,37.123,4
2021-11-06,辣椒类,35.493,5
2021-11-07,辣椒类,46.669,6
2021-11-08,辣椒类,24.775000000000002,0
2021-11-09,辣椒类,23.626,1
2021-11-10,辣椒类,28.642,2
2021-11-11,辣椒类,22.692,3
2021-11-12,辣椒类,25.182,4
2021-11-13,辣椒类,28.792,5
2021-11-14,辣椒类,39.412,6
2021-11-15,辣椒类,29.577,0
2021-11-16,辣椒类,27.575,1
2021-11-17,辣椒类,23.355,2
2021-11-18,辣椒类,16.566,3
2021-11-19,辣椒类,19.49,4
2021-11-20,辣椒类,33.727,5
2021-11-21,辣椒类,30.26,6
2021-11-22,辣椒类,22.036,0
2021-11-23,辣椒类,18.004,1
2021-11-24,辣椒类,21.68,2
2021-11-25,辣椒类,20.413,3
2021-11-26,辣椒类,14.855,4
2021-11-27,辣椒类,37.347,5
2021-11-28,辣椒类,25.149,6
2021-11-29,辣椒类,19.812,0
2021-11-30,辣椒类,32.472,1
2021-12-01,辣椒类,24.119,2
2021-12-02,辣椒类,22.703,3
2021-12-03,辣椒类,25.931,4
2021-12-04,辣椒类,36.36,5
2021-12-05,辣椒类,37.123,6
2021-12-06,辣椒类,37.461,0
2021-12-07,辣椒类,29.638,1
2021-12-08,辣椒类,24.71,2
2021-12-09,辣椒类,24.153,3
2021-12-10,辣椒类,26.56,4
2021-12-11,辣椒类,43.575,5
2021-12-12,辣椒类,43.444,6
2021-12-13,辣椒类,33.333,0
2021-12-14,辣椒类,30.287,1
2021-12-15,辣椒类,29.243,2
2021-12-16,辣椒类,33.832,3
2021-12-17,辣椒类,34.228,4
2021-12-18,辣椒类,59.298,5
2021-12-19,辣椒类,52.980000000000004,6
2021-12-20,辣椒类,50.948,0
2021-12-21,辣椒类,31.633,1
2021-12-22,辣椒类,22.57,2
2021-12-23,辣椒类,33.503,3
2021-12-24,辣椒类,52.243,4
2021-12-25,辣椒类,65.339,5
2021-12-26,辣椒类,64.144,6
2021-12-27,辣椒类,37.586,0
2021-12-28,辣椒类,42.784,1
2021-12-29,辣椒类,35.3,2
2021-12-30,辣椒类,35.101,3
2021-12-31,辣椒类,66.314,4
2022-01-01,辣椒类,57.833,5
2022-01-02,辣椒类,45.686,6
2022-01-03,辣椒类,81.754,0
2022-01-04,辣椒类,58.207,1
2022-01-05,辣椒类,66.638,2
2022-01-06,辣椒类,66.856,3
2022-01-07,辣椒类,49.32,4
2022-01-08,辣椒类,80.046,5
2022-01-09,辣椒类,81.556,6
2022-01-10,辣椒类,57.481,0
2022-01-11,辣椒类,81.87,1
2022-01-12,辣椒类,74.888,2
2022-01-13,辣椒类,63.209,3
2022-01-14,辣椒类,78.342,4
2022-01-15,辣椒类,96.244,5
2022-01-16,辣椒类,87.336,6
2022-01-17,辣椒类,47.324,0
2022-01-18,辣椒类,56.238,1
2022-01-19,辣椒类,55.99,2
2022-01-20,辣椒类,68.17,3
2022-01-21,辣椒类,81.348,4
2022-01-22,辣椒类,103.68,5
2022-01-23,辣椒类,124.431,6
2022-01-24,辣椒类,117.056,0
2022-01-25,辣椒类,85.379,1
2022-01-26,辣椒类,93.362,2
2022-01-27,辣椒类,155.221,3
2022-01-28,辣椒类,222.648,4
2022-01-29,辣椒类,356.031,5
2022-01-30,辣椒类,403.185,6
2022-02-01,辣椒类,52.92,1
2022-02-02,辣椒类,89.27,2
2022-02-03,辣椒类,125.952,3
2022-02-04,辣椒类,168.229,4
2022-02-05,辣椒类,79.349,5
2022-02-06,辣椒类,127.903,6
2022-02-07,辣椒类,105.783,0
2022-02-08,辣椒类,83.106,1
2022-02-09,辣椒类,81.859,2
2022-02-10,辣椒类,95.39,3
2022-02-11,辣椒类,80.496,4
2022-02-12,辣椒类,63.244,5
2022-02-13,辣椒类,53.381,6
2022-02-14,辣椒类,56.165,0
2022-02-15,辣椒类,65.56099999999999,1
2022-02-16,辣椒类,50.306,2
2022-02-17,辣椒类,64.96,3
2022-02-18,辣椒类,77.479,4
2022-02-19,辣椒类,84.409,5
2022-02-20,辣椒类,80.204,6
2022-02-21,辣椒类,54.127,0
2022-02-22,辣椒类,83.428,1
2022-02-23,辣椒类,46.044,2
2022-02-24,辣椒类,60.707,3
2022-02-25,辣椒类,66.539,4
2022-02-26,辣椒类,96.277,5
2022-02-27,辣椒类,90.842,6
2022-02-28,辣椒类,66.122,0
2022-03-01,辣椒类,60.582,1
2022-03-02,辣椒类,69.755,2
2022-03-03,辣椒类,54.075,3
2022-03-04,辣椒类,72.59,4
2022-03-05,辣椒类,102.358,5
2022-03-06,辣椒类,81.904,6
2022-03-07,辣椒类,52.889,0
2022-03-08,辣椒类,71.127,1
2022-03-09,辣椒类,62.036,2
2022-03-10,辣椒类,57.407000000000004,3
2022-03-11,辣椒类,53.281,4
2022-03-12,辣椒类,95.029,5
2022-03-13,辣椒类,77.903,6
2022-03-14,辣椒类,96.701,0
2022-03-15,辣椒类,80.283,1
2022-03-16,辣椒类,72.957,2
2022-03-17,辣椒类,84.519,3
2022-03-18,辣椒类,94.461,4
2022-03-19,辣椒类,129.315,5
2022-03-20,辣椒类,105.566,6
2022-03-21,辣椒类,72.925,0
2022-03-22,辣椒类,87.671,1
2022-03-23,辣椒类,82.278,2
2022-03-24,辣椒类,48.68,3
2022-03-25,辣椒类,74.387,4
2022-03-26,辣椒类,94.554,5
2022-03-27,辣椒类,89.283,6
2022-03-28,辣椒类,64.16,0
2022-03-29,辣椒类,65.004,1
2022-03-30,辣椒类,69.721,2
2022-03-31,辣椒类,54.92,3
2022-04-01,辣椒类,80.48,4
2022-04-02,辣椒类,71.349,5
2022-04-03,辣椒类,96.131,6
2022-04-04,辣椒类,107.732,0
2022-04-05,辣椒类,38.664,1
2022-04-06,辣椒类,38.127,2
2022-04-07,辣椒类,28.799,3
2022-04-08,辣椒类,36.973,4
2022-04-09,辣椒类,133.106,5
2022-04-10,辣椒类,113.881,6
2022-04-11,辣椒类,69.305,0
2022-04-12,辣椒类,76.22,1
2022-04-13,辣椒类,76.95,2
2022-04-14,辣椒类,59.011,3
2022-04-15,辣椒类,69.72,4
2022-04-16,辣椒类,84.376,5
2022-04-17,辣椒类,85.746,6
2022-04-18,辣椒类,62.95,0
2022-04-19,辣椒类,53.306,1
2022-04-20,辣椒类,51.324,2
2022-04-21,辣椒类,59.831,3
2022-04-22,辣椒类,69.833,4
2022-04-23,辣椒类,86.55,5
2022-04-24,辣椒类,63.739,6
2022-04-25,辣椒类,94.828,0
2022-04-26,辣椒类,61.328,1
2022-04-27,辣椒类,64.366,2
2022-04-28,辣椒类,80.389,3
2022-04-29,辣椒类,96.804,4
2022-04-30,辣椒类,81.21,5
2022-05-01,辣椒类,65.841,6
2022-05-02,辣椒类,57.464,0
2022-05-03,辣椒类,67.711,1
2022-05-04,辣椒类,51.194,2
2022-05-05,辣椒类,32.252,3
2022-05-06,辣椒类,56.612,4
2022-05-07,辣椒类,86.212,5
2022-05-08,辣椒类,86.554,6
2022-05-09,辣椒类,55.773,0
2022-05-10,辣椒类,59.294,1
2022-05-11,辣椒类,42.635,2
2022-05-12,辣椒类,37.193,3
2022-05-13,辣椒类,58.386,4
2022-05-14,辣椒类,79.242,5
2022-05-15,辣椒类,63.751,6
2022-05-16,辣椒类,41.681,0
2022-05-17,辣椒类,41.52,1
2022-05-18,辣椒类,40.714,2
2022-05-19,辣椒类,31.666,3
2022-05-20,辣椒类,37.853,4
2022-05-21,辣椒类,45.847,5
2022-05-22,辣椒类,40.385,6
2022-05-23,辣椒类,35.072,0
2022-05-24,辣椒类,32.072,1
2022-05-25,辣椒类,31.823,2
2022-05-26,辣椒类,39.188,3
2022-05-27,辣椒类,31.927,4
2022-05-28,辣椒类,55.568,5
2022-05-29,辣椒类,62.521,6
2022-05-30,辣椒类,31.081,0
2022-05-31,辣椒类,38.356,1
2022-06-01,辣椒类,43.718,2
2022-06-02,辣椒类,47.188,3
2022-06-03,辣椒类,69.903,4
2022-06-04,辣椒类,38.876,5
2022-06-05,辣椒类,41.001,6
2022-06-06,辣椒类,40.803,0
2022-06-07,辣椒类,38.975,1
2022-06-08,辣椒类,40.958999999999996,2
2022-06-09,辣椒类,41.651,3
2022-06-10,辣椒类,37.531,4
2022-06-11,辣椒类,61.054,5
2022-06-12,辣椒类,67.529,6
2022-06-13,辣椒类,29.923,0
2022-06-14,辣椒类,29.213,1
2022-06-15,辣椒类,39.656,2
2022-06-16,辣椒类,49.711999999999996,3
2022-06-17,辣椒类,47.1,4
2022-06-18,辣椒类,79.94,5
2022-06-19,辣椒类,79.311,6
2022-06-20,辣椒类,46.065,0
2022-06-21,辣椒类,32.467,1
2022-06-22,辣椒类,35.161,2
2022-06-23,辣椒类,29.211000000000002,3
2022-06-24,辣椒类,33.789,4
2022-06-25,辣椒类,39.414,5
2022-06-26,辣椒类,43.418,6
2022-06-27,辣椒类,28.076999999999998,0
2022-06-28,辣椒类,28.268,1
2022-06-29,辣椒类,21.954,2
2022-06-30,辣椒类,29.259,3
2022-07-01,辣椒类,25.326,4
2022-07-02,辣椒类,55.999,5
2022-07-03,辣椒类,58.67,6
2022-07-04,辣椒类,47.458,0
2022-07-05,辣椒类,49.728,1
2022-07-06,辣椒类,51.119,2
2022-07-07,辣椒类,39.874,3
2022-07-08,辣椒类,42.7,4
2022-07-09,辣椒类,73.124,5
2022-07-10,辣椒类,85.669,6
2022-07-11,辣椒类,57.659,0
2022-07-12,辣椒类,49.014,1
2022-07-13,辣椒类,57.841,2
2022-07-14,辣椒类,52.446,3
2022-07-15,辣椒类,60.497,4
2022-07-16,辣椒类,73.235,5
2022-07-17,辣椒类,63.421,6
2022-07-18,辣椒类,50.507,0
2022-07-19,辣椒类,49.966,1
2022-07-20,辣椒类,88.656,2
2022-07-21,辣椒类,130.268,3
2022-07-22,辣椒类,91.719,4
2022-07-23,辣椒类,128.405,5
2022-07-24,辣椒类,55.957,6
2022-07-25,辣椒类,66.762,0
2022-07-26,辣椒类,98.29,1
2022-07-27,辣椒类,108.891,2
2022-07-28,辣椒类,116.81,3
2022-07-29,辣椒类,120.741,4
2022-07-30,辣椒类,141.664,5
2022-07-31,辣椒类,142.906,6
2022-08-01,辣椒类,154.113,0
2022-08-02,辣椒类,122.284,1
2022-08-03,辣椒类,159.987,2
2022-08-04,辣椒类,152.644,3
2022-08-05,辣椒类,169.692,4
2022-08-06,辣椒类,183.489,5
2022-08-07,辣椒类,211.184,6
2022-08-08,辣椒类,138.495,0
2022-08-09,辣椒类,161.631,1
2022-08-10,辣椒类,168.921,2
2022-08-11,辣椒类,159.507,3
2022-08-12,辣椒类,166.473,4
2022-08-13,辣椒类,223.38400000000001,5
2022-08-14,辣椒类,188.234,6
2022-08-15,辣椒类,120.999,0
2022-08-16,辣椒类,183.738,1
2022-08-17,辣椒类,146.131,2
2022-08-18,辣椒类,223.117,3
2022-08-19,辣椒类,334.781,4
2022-08-20,辣椒类,209.291,5
2022-08-21,辣椒类,219.055,6
2022-08-22,辣椒类,104.653,0
2022-08-23,辣椒类,111.097,1
2022-08-24,辣椒类,73.184,2
2022-08-25,辣椒类,110.13,3
2022-08-26,辣椒类,129.03,4
2022-08-27,辣椒类,154.266,5
2022-08-28,辣椒类,251.609,6
2022-08-29,辣椒类,116.076,0
2022-08-30,辣椒类,114.188,1
2022-08-31,辣椒类,61.621,2
2022-09-01,辣椒类,100.922,3
2022-09-02,辣椒类,103.825,4
2022-09-03,辣椒类,176.628,5
2022-09-04,辣椒类,185.402,6
2022-09-05,辣椒类,117.607,0
2022-09-06,辣椒类,93.769,1
2022-09-07,辣椒类,69.663,2
2022-09-08,辣椒类,90.435,3
2022-09-09,辣椒类,179.34,4
2022-09-10,辣椒类,146.777,5
2022-09-11,辣椒类,83.984,6
2022-09-12,辣椒类,145.6,0
2022-09-13,辣椒类,104.849,1
2022-09-14,辣椒类,70.053,2
2022-09-15,辣椒类,66.529,3
2022-09-16,辣椒类,107.825,4
2022-09-17,辣椒类,168.436,5
2022-09-18,辣椒类,177.806,6
2022-09-19,辣椒类,45.683,0
2022-09-20,辣椒类,67.862,1
2022-09-21,辣椒类,86.458,2
2022-09-22,辣椒类,73.801,3
2022-09-23,辣椒类,85.824,4
2022-09-24,辣椒类,193.743,5
2022-09-25,辣椒类,132.468,6
2022-09-26,辣椒类,59.178,0
2022-09-27,辣椒类,63.594,1
2022-09-28,辣椒类,77.96,2
2022-09-29,辣椒类,84.368,3
2022-09-30,辣椒类,107.477,4
2022-10-01,辣椒类,169.374,5
2022-10-02,辣椒类,178.918,6
2022-10-03,辣椒类,116.323,0
2022-10-04,辣椒类,115.099,1
2022-10-05,辣椒类,162.721,2
2022-10-06,辣椒类,208.677,3
2022-10-07,辣椒类,169.976,4
2022-10-08,辣椒类,114.629,5
2022-10-09,辣椒类,110.966,6
2022-10-10,辣椒类,134.737,0
2022-10-11,辣椒类,119.426,1
2022-10-12,辣椒类,121.317,2
2022-10-13,辣椒类,84.845,3
2022-10-14,辣椒类,49.262,4
2022-10-15,辣椒类,203.098,5
2022-10-16,辣椒类,178.909,6
2022-10-17,辣椒类,111.662,0
2022-10-18,辣椒类,155.233,1
2022-10-19,辣椒类,96.132,2
2022-10-20,辣椒类,105.947,3
2022-10-21,辣椒类,398.396,4
2022-10-22,辣椒类,155.908,5
2022-10-23,辣椒类,138.434,6
2022-10-24,辣椒类,73.345,0
2022-10-25,辣椒类,125.16,1
2022-10-26,辣椒类,117.386,2
2022-10-27,辣椒类,114.668,3
2022-10-28,辣椒类,136.101,4
2022-10-29,辣椒类,166.485,5
2022-10-30,辣椒类,203.145,6
2022-10-31,辣椒类,83.714,0
2022-11-01,辣椒类,101.963,1
2022-11-03,辣椒类,129.249,3
2022-11-05,辣椒类,158.362,5
2022-11-06,辣椒类,135.245,6
2022-11-07,辣椒类,108.169,0
2022-11-08,辣椒类,77.122,1
2022-11-09,辣椒类,75.307,2
2022-11-10,辣椒类,88.303,3
2022-11-11,辣椒类,130.229,4
2022-11-12,辣椒类,204.119,5
2022-11-13,辣椒类,188.274,6
2022-11-14,辣椒类,104.647,0
2022-11-15,辣椒类,93.884,1
2022-11-16,辣椒类,105.807,2
2022-11-17,辣椒类,104.356,3
2022-11-18,辣椒类,212.654,4
2022-11-19,辣椒类,436.061,5
2022-11-20,辣椒类,197.334,6
2022-11-21,辣椒类,352.422,0
2022-11-22,辣椒类,82.219,1
2022-11-23,辣椒类,98.441,2
2022-11-24,辣椒类,105.612,3
2022-11-25,辣椒类,103.304,4
2022-11-26,辣椒类,89.276,5
2022-11-27,辣椒类,17.031,6
2022-11-28,辣椒类,13.451,0
2022-11-29,辣椒类,6.066,1
2022-12-04,辣椒类,53.403999999999996,6
2022-12-05,辣椒类,118.657,0
2022-12-06,辣椒类,97.96300000000001,1
2022-12-07,辣椒类,82.55,2
2022-12-08,辣椒类,131.273,3
2022-12-09,辣椒类,99.447,4
2022-12-10,辣椒类,161.982,5
2022-12-11,辣椒类,171.695,6
2022-12-12,辣椒类,95.825,0
2022-12-13,辣椒类,103.872,1
2022-12-14,辣椒类,96.198,2
2022-12-15,辣椒类,151.972,3
2022-12-16,辣椒类,147.869,4
2022-12-17,辣椒类,153.757,5
2022-12-18,辣椒类,123.469,6
2022-12-19,辣椒类,97.845,0
2022-12-20,辣椒类,88.82,1
2022-12-21,辣椒类,137.998,2
2022-12-22,辣椒类,93.949,3
2022-12-23,辣椒类,91.649,4
2022-12-24,辣椒类,117.564,5
2022-12-25,辣椒类,166.418,6
2022-12-26,辣椒类,114.691,0
2022-12-27,辣椒类,121.716,1
2022-12-28,辣椒类,99.953,2
2022-12-29,辣椒类,129.853,3
2022-12-30,辣椒类,118.877,4
2022-12-31,辣椒类,198.248,5
2023-01-01,辣椒类,174.426,6
2023-01-02,辣椒类,154.451,0
2023-01-03,辣椒类,128.13400000000001,1
2023-01-04,辣椒类,123.447,2
2023-01-05,辣椒类,108.643,3
2023-01-06,辣椒类,106.774,4
2023-01-07,辣椒类,112.31,5
2023-01-08,辣椒类,124.983,6
2023-01-09,辣椒类,89.474,0
2023-01-10,辣椒类,119.602,1
2023-01-11,辣椒类,126.12,2
2023-01-12,辣椒类,113.15,3
2023-01-13,辣椒类,137.769,4
2023-01-14,辣椒类,197.217,5
2023-01-15,辣椒类,154.044,6
2023-01-16,辣椒类,121.081,0
2023-01-17,辣椒类,117.137,1
2023-01-18,辣椒类,218.267,2
2023-01-19,辣椒类,350.275,3
2023-01-20,辣椒类,604.231,4
2023-01-22,辣椒类,91.232,6
2023-01-23,辣椒类,124.14,0
2023-01-24,辣椒类,181.951,1
2023-01-25,辣椒类,140.698,2
2023-01-26,辣椒类,226.705,3
2023-01-27,辣椒类,284.492,4
2023-01-28,辣椒类,246.343,5
2023-01-29,辣椒类,194.121,6
2023-01-30,辣椒类,153.832,0
2023-01-31,辣椒类,157.934,1
2023-02-01,辣椒类,136.909,2
2023-02-02,辣椒类,142.663,3
2023-02-03,辣椒类,187.654,4
2023-02-04,辣椒类,232.871,5
2023-02-05,辣椒类,140.199,6
2023-02-06,辣椒类,91.363,0
2023-02-07,辣椒类,99.937,1
2023-02-08,辣椒类,93.975,2
2023-02-09,辣椒类,138.13,3
2023-02-10,辣椒类,125.468,4
2023-02-11,辣椒类,164.9,5
2023-02-12,辣椒类,158.806,6
2023-02-13,辣椒类,107.056,0
2023-02-14,辣椒类,108.672,1
2023-02-15,辣椒类,105.647,2
2023-02-16,辣椒类,105.95,3
2023-02-17,辣椒类,136.319,4
2023-02-18,辣椒类,181.095,5
2023-02-19,辣椒类,162.066,6
2023-02-20,辣椒类,61.627,0
2023-02-21,辣椒类,101.221,1
2023-02-22,辣椒类,82.293,2
2023-02-23,辣椒类,104.048,3
2023-02-24,辣椒类,134.183,4
2023-02-25,辣椒类,170.605,5
2023-02-26,辣椒类,149.738,6
2023-02-27,辣椒类,88.884,0
2023-02-28,辣椒类,96.706,1
2023-03-01,辣椒类,105.906,2
2023-03-02,辣椒类,114.103,3
2023-03-03,辣椒类,128.818,4
2023-03-04,辣椒类,142.301,5
2023-03-05,辣椒类,132.344,6
2023-03-06,辣椒类,96.609,0
2023-03-07,辣椒类,100.437,1
2023-03-08,辣椒类,105.092,2
2023-03-09,辣椒类,105.856,3
2023-03-10,辣椒类,150.26,4
2023-03-11,辣椒类,179.657,5
2023-03-12,辣椒类,157.361,6
2023-03-13,辣椒类,93.967,0
2023-03-14,辣椒类,104.067,1
2023-03-15,辣椒类,105.56099999999999,2
2023-03-16,辣椒类,102.213,3
2023-03-17,辣椒类,158.28,4
2023-03-18,辣椒类,186.58,5
2023-03-19,辣椒类,173.339,6
2023-03-20,辣椒类,119.286,0
2023-03-21,辣椒类,114.7,1
2023-03-22,辣椒类,125.087,2
2023-03-23,辣椒类,108.067,3
2023-03-24,辣椒类,153.262,4
2023-03-25,辣椒类,187.221,5
2023-03-26,辣椒类,179.458,6
2023-03-27,辣椒类,105.211,0
2023-03-28,辣椒类,92.394,1
2023-03-29,辣椒类,101.237,2
2023-03-30,辣椒类,86.212,3
2023-03-31,辣椒类,138.204,4
2023-04-01,辣椒类,154.887,5
2023-04-02,辣椒类,165.351,6
2023-04-03,辣椒类,114.41,0
2023-04-04,辣椒类,121.552,1
2023-04-05,辣椒类,139.304,2
2023-04-06,辣椒类,109.473,3
2023-04-07,辣椒类,97.645,4
2023-04-08,辣椒类,137.92,5
2023-04-09,辣椒类,136.063,6
2023-04-10,辣椒类,73.788,0
2023-04-11,辣椒类,85.563,1
2023-04-12,辣椒类,84.989,2
2023-04-13,辣椒类,76.901,3
2023-04-14,辣椒类,89.822,4
2023-04-15,辣椒类,138.985,5
2023-04-16,辣椒类,133.274,6
2023-04-17,辣椒类,68.456,0
2023-04-18,辣椒类,78.486,1
2023-04-19,辣椒类,76.651,2
2023-04-20,辣椒类,70.384,3
2023-04-21,辣椒类,125.533,4
2023-04-22,辣椒类,185.589,5
2023-04-23,辣椒类,154.222,6
2023-04-24,辣椒类,73.395,0
2023-04-25,辣椒类,70.192,1
2023-04-26,辣椒类,47.263,2
2023-04-27,辣椒类,66.698,3
2023-04-28,辣椒类,84.338,4
2023-04-29,辣椒类,161.482,5
2023-04-30,辣椒类,117.501,6
2023-05-01,辣椒类,138.857,0
2023-05-02,辣椒类,103.643,1
2023-05-03,辣椒类,95.795,2
2023-05-04,辣椒类,76.542,3
2023-05-05,辣椒类,66.977,4
2023-05-06,辣椒类,94.505,5
2023-05-07,辣椒类,134.833,6
2023-05-08,辣椒类,85.984,0
2023-05-09,辣椒类,81.721,1
2023-05-10,辣椒类,99.29,2
2023-05-11,辣椒类,75.742,3
2023-05-12,辣椒类,88.881,4
2023-05-13,辣椒类,135.703,5
2023-05-14,辣椒类,110.866,6
2023-05-15,辣椒类,78.687,0
2023-05-16,辣椒类,80.294,1
2023-05-17,辣椒类,67.717,2
2023-05-18,辣椒类,53.892,3
2023-05-19,辣椒类,71.713,4
2023-05-20,辣椒类,92.262,5
2023-05-21,辣椒类,117.485,6
2023-05-22,辣椒类,90.848,0
2023-05-23,辣椒类,69.361,1
2023-05-24,辣椒类,62.956,2
2023-05-25,辣椒类,76.118,3
2023-05-26,辣椒类,90.26,4
2023-05-27,辣椒类,127.658,5
2023-05-28,辣椒类,131.518,6
2023-05-29,辣椒类,61.995,0
2023-05-30,辣椒类,59.897,1
2023-05-31,辣椒类,61.96,2
2023-06-01,辣椒类,67.854,3
2023-06-02,辣椒类,72.847,4
2023-06-03,辣椒类,123.664,5
2023-06-04,辣椒类,123.69800000000001,6
2023-06-05,辣椒类,74.896,0
2023-06-06,辣椒类,84.745,1
2023-06-07,辣椒类,66.121,2
2023-06-08,辣椒类,76.363,3
2023-06-09,辣椒类,74.296,4
2023-06-10,辣椒类,146.968,5
2023-06-11,辣椒类,119.69,6
2023-06-12,辣椒类,67.12,0
2023-06-13,辣椒类,84.891,1
2023-06-14,辣椒类,82.127,2
2023-06-15,辣椒类,63.624,3
2023-06-16,辣椒类,86.159,4
2023-06-17,辣椒类,169.193,5
2023-06-18,辣椒类,149.877,6
2023-06-19,辣椒类,77.049,0
2023-06-20,辣椒类,66.666,1
2023-06-21,辣椒类,91.365,2
2023-06-22,辣椒类,114.288,3
2023-06-23,辣椒类,88.349,4
2023-06-24,辣椒类,94.187,5
2023-06-25,辣椒类,69.658,6
2023-06-26,辣椒类,72.185,0
2023-06-27,辣椒类,67.12,1
2023-06-28,辣椒类,68.534,2
2023-06-29,辣椒类,89.113,3
2023-06-30,辣椒类,82.286,4
2020-07-01,食用菌,35.365,2
2020-07-02,食用菌,48.51,3
2020-07-03,食用菌,42.442,4
2020-07-04,食用菌,47.262,5
2020-07-05,食用菌,73.213,6
2020-07-06,食用菌,40.578,0
2020-07-07,食用菌,52.56,1
2020-07-08,食用菌,43.968,2
2020-07-09,食用菌,37.837,3
2020-07-10,食用菌,41.429,4
2020-07-11,食用菌,52.238,5
2020-07-12,食用菌,55.96,6
2020-07-13,食用菌,42.113,0
2020-07-14,食用菌,44.836,1
2020-07-15,食用菌,42.196,2
2020-07-16,食用菌,53.259,3
2020-07-17,食用菌,51.908,4
2020-07-18,食用菌,71.69200000000001,5
2020-07-19,食用菌,79.821,6
2020-07-20,食用菌,52.617,0
2020-07-21,食用菌,45.905,1
2020-07-22,食用菌,66.678,2
2020-07-23,食用菌,56.759,3
2020-07-24,食用菌,49.201,4
2020-07-25,食用菌,67.013,5
2020-07-26,食用菌,71.295,6
2020-07-27,食用菌,52.777,0
2020-07-28,食用菌,47.728,1
2020-07-29,食用菌,54.315,2
2020-07-30,食用菌,50.774,3
2020-07-31,食用菌,45.587,4
2020-08-01,食用菌,53.797,5
2020-08-02,食用菌,54.961,6
2020-08-03,食用菌,48.575,0
2020-08-04,食用菌,45.301,1
2020-08-05,食用菌,62.84,2
2020-08-06,食用菌,48.611,3
2020-08-07,食用菌,68.177,4
2020-08-08,食用菌,92.144,5
2020-08-09,食用菌,73.073,6
2020-08-10,食用菌,36.094,0
2020-08-11,食用菌,40.017,1
2020-08-12,食用菌,34.195,2
2020-08-13,食用菌,35.65,3
2020-08-14,食用菌,53.795,4
2020-08-15,食用菌,58.015,5
2020-08-16,食用菌,55.093,6
2020-08-17,食用菌,47.418,0
2020-08-18,食用菌,45.716,1
2020-08-19,食用菌,50.126,2
2020-08-20,食用菌,54.411,3
2020-08-21,食用菌,50.0,4
2020-08-22,食用菌,49.895,5
2020-08-23,食用菌,55.226,6
2020-08-24,食用菌,39.576,0
2020-08-25,食用菌,54.488,1
2020-08-26,食用菌,42.811,2
2020-08-27,食用菌,50.458,3
2020-08-28,食用菌,55.659,4
2020-08-29,食用菌,62.431,5
2020-08-30,食用菌,73.19500000000001,6
2020-08-31,食用菌,44.776,0
2020-09-01,食用菌,47.282000000000004,1
2020-09-02,食用菌,51.011,2
2020-09-03,食用菌,48.163,3
2020-09-04,食用菌,54.43,4
2020-09-05,食用菌,62.594,5
2020-09-06,食用菌,78.472,6
2020-09-07,食用菌,41.804,0
2020-09-08,食用菌,32.389,1
2020-09-09,食用菌,33.45,2
2020-09-10,食用菌,35.789,3
2020-09-11,食用菌,48.467,4
2020-09-12,食用菌,73.173,5
2020-09-13,食用菌,74.834,6
2020-09-14,食用菌,31.147,0
2020-09-15,食用菌,41.578,1
2020-09-16,食用菌,35.413,2
2020-09-17,食用菌,39.259,3
2020-09-18,食用菌,38.541,4
2020-09-19,食用菌,60.52,5
2020-09-20,食用菌,50.42,6
2020-09-21,食用菌,63.529,0
2020-09-22,食用菌,49.058,1
2020-09-23,食用菌,56.265,2
2020-09-24,食用菌,61.011,3
2020-09-25,食用菌,64.509,4
2020-09-26,食用菌,94.495,5
2020-09-27,食用菌,72.522,6
2020-09-28,食用菌,46.913,0
2020-09-29,食用菌,45.485,1
2020-09-30,食用菌,110.358,2
2020-10-01,食用菌,103.929,3
2020-10-02,食用菌,89.316,4
2020-10-03,食用菌,60.052,5
2020-10-04,食用菌,122.501,6
2020-10-05,食用菌,126.518,0
2020-10-06,食用菌,124.059,1
2020-10-07,食用菌,80.421,2
2020-10-08,食用菌,328.488,3
2020-10-09,食用菌,57.258,4
2020-10-10,食用菌,75.63,5
2020-10-11,食用菌,163.664,6
2020-10-12,食用菌,102.385,0
2020-10-13,食用菌,48.021,1
2020-10-14,食用菌,73.831,2
2020-10-15,食用菌,72.91,3
2020-10-16,食用菌,69.80499999999999,4
2020-10-17,食用菌,115.557,5
2020-10-18,食用菌,113.125,6
2020-10-19,食用菌,58.338,0
2020-10-20,食用菌,45.419,1
2020-10-21,食用菌,56.114,2
2020-10-22,食用菌,94.688,3
2020-10-23,食用菌,114.306,4
2020-10-24,食用菌,115.39,5
2020-10-25,食用菌,104.16,6
2020-10-26,食用菌,62.363,0
2020-10-27,食用菌,56.508,1
2020-10-28,食用菌,75.211,2
2020-10-29,食用菌,81.051,3
2020-10-30,食用菌,74.23,4
2020-10-31,食用菌,135.284,5
2020-11-01,食用菌,127.967,6
2020-11-02,食用菌,78.321,0
2020-11-03,食用菌,64.341,1
2020-11-04,食用菌,195.34,2
2020-11-05,食用菌,129.089,3
2020-11-06,食用菌,80.153,4
2020-11-07,食用菌,122.896,5
2020-11-08,食用菌,124.492,6
2020-11-09,食用菌,63.22,0
2020-11-10,食用菌,64.18,1
2020-11-11,食用菌,64.522,2
2020-11-12,食用菌,68.656,3
2020-11-13,食用菌,67.676,4
2020-11-14,食用菌,92.793,5
2020-11-15,食用菌,73.108,6
2020-11-16,食用菌,54.363,0
2020-11-17,食用菌,131.979,1
2020-11-18,食用菌,99.089,2
2020-11-19,食用菌,90.297,3
2020-11-20,食用菌,70.888,4
2020-11-21,食用菌,169.382,5
2020-11-22,食用菌,160.154,6
2020-11-23,食用菌,195.788,0
2020-11-24,食用菌,117.661,1
2020-11-25,食用菌,95.581,2
2020-11-26,食用菌,110.276,3
2020-11-27,食用菌,112.979,4
2020-11-28,食用菌,187.133,5
2020-11-29,食用菌,168.218,6
2020-11-30,食用菌,100.486,0
2020-12-01,食用菌,99.477,1
2020-12-02,食用菌,185.141,2
2020-12-03,食用菌,97.395,3
2020-12-04,食用菌,110.875,4
2020-12-05,食用菌,155.115,5
2020-12-06,食用菌,234.205,6
2020-12-07,食用菌,91.333,0
2020-12-08,食用菌,89.028,1
2020-12-09,食用菌,80.164,2
2020-12-10,食用菌,89.363,3
2020-12-11,食用菌,94.153,4
2020-12-12,食用菌,174.119,5
2020-12-13,食用菌,197.615,6
2020-12-14,食用菌,83.089,0
2020-12-15,食用菌,99.764,1
2020-12-16,食用菌,74.212,2
2020-12-17,食用菌,94.652,3
2020-12-18,食用菌,86.26,4
2020-12-19,食用菌,154.681,5
2020-12-20,食用菌,141.972,6
2020-12-21,食用菌,84.045,0
2020-12-22,食用菌,75.886,1
2020-12-23,食用菌,67.604,2
2020-12-24,食用菌,75.626,3
2020-12-25,食用菌,148.943,4
2020-12-26,食用菌,135.658,5
2020-12-27,食用菌,118.129,6
2020-12-28,食用菌,69.819,0
2020-12-29,食用菌,79.647,1
2020-12-30,食用菌,66.631,2
2020-12-31,食用菌,120.945,3
2021-01-01,食用菌,136.338,4
2021-01-02,食用菌,115.296,5
2021-01-03,食用菌,103.871,6
2021-01-04,食用菌,95.499,0
2021-01-05,食用菌,83.705,1
2021-01-06,食用菌,81.462,2
2021-01-07,食用菌,96.002,3
2021-01-08,食用菌,90.415,4
2021-01-09,食用菌,129.833,5
2021-01-10,食用菌,137.986,6
2021-01-11,食用菌,81.67,0
2021-01-12,食用菌,73.283,1
2021-01-13,食用菌,76.684,2
2021-01-14,食用菌,75.963,3
2021-01-15,食用菌,101.383,4
2021-01-16,食用菌,150.015,5
2021-01-17,食用菌,141.492,6
2021-01-18,食用菌,72.532,0
2021-01-19,食用菌,74.431,1
2021-01-20,食用菌,90.131,2
2021-01-21,食用菌,63.013,3
2021-01-22,食用菌,88.796,4
2021-01-23,食用菌,117.521,5
2021-01-24,食用菌,127.934,6
2021-01-25,食用菌,79.116,0
2021-01-26,食用菌,101.362,1
2021-01-27,食用菌,108.756,2
2021-01-28,食用菌,80.927,3
2021-01-29,食用菌,69.324,4
2021-01-30,食用菌,94.904,5
2021-01-31,食用菌,104.054,6
2021-02-01,食用菌,69.56400000000001,0
2021-02-02,食用菌,88.048,1
2021-02-03,食用菌,91.564,2
2021-02-04,食用菌,111.069,3
2021-02-05,食用菌,95.222,4
2021-02-06,食用菌,119.696,5
2021-02-07,食用菌,147.812,6
2021-02-08,食用菌,240.205,0
2021-02-09,食用菌,326.993,1
2021-02-10,食用菌,511.136,2
2021-02-13,食用菌,74.519,5
2021-02-14,食用菌,164.586,6
2021-02-15,食用菌,210.745,0
2021-02-16,食用菌,174.61,1
2021-02-17,食用菌,144.793,2
2021-02-18,食用菌,130.174,3
2021-02-19,食用菌,92.327,4
2021-02-20,食用菌,88.794,5
2021-02-21,食用菌,79.403,6
2021-02-22,食用菌,66.554,0
2021-02-23,食用菌,77.586,1
2021-02-24,食用菌,88.233,2
2021-02-25,食用菌,110.557,3
2021-02-26,食用菌,159.095,4
2021-02-27,食用菌,116.814,5
2021-02-28,食用菌,111.764,6
2021-03-01,食用菌,79.404,0
2021-03-02,食用菌,62.044,1
2021-03-03,食用菌,71.027,2
2021-03-04,食用菌,72.465,3
2021-03-05,食用菌,82.585,4
2021-03-06,食用菌,151.214,5
2021-03-07,食用菌,125.428,6
2021-03-08,食用菌,78.721,0
2021-03-09,食用菌,143.511,1
2021-03-10,食用菌,91.994,2
2021-03-11,食用菌,75.477,3
2021-03-12,食用菌,84.232,4
2021-03-13,食用菌,101.865,5
2021-03-14,食用菌,75.95,6
2021-03-15,食用菌,40.423,0
2021-03-16,食用菌,44.844,1
2021-03-17,食用菌,44.028999999999996,2
2021-03-18,食用菌,65.501,3
2021-03-19,食用菌,69.141,4
2021-03-20,食用菌,77.235,5
2021-03-21,食用菌,94.838,6
2021-03-22,食用菌,50.802,0
2021-03-23,食用菌,48.174,1
2021-03-24,食用菌,35.583,2
2021-03-25,食用菌,46.89,3
2021-03-26,食用菌,83.562,4
2021-03-27,食用菌,69.658,5
2021-03-28,食用菌,55.673,6
2021-03-29,食用菌,47.327,0
2021-03-30,食用菌,32.145,1
2021-03-31,食用菌,45.089,2
2021-04-01,食用菌,48.978,3
2021-04-02,食用菌,72.574,4
2021-04-03,食用菌,75.739,5
2021-04-04,食用菌,61.709,6
2021-04-05,食用菌,68.049,0
2021-04-06,食用菌,11.671,1
2021-04-07,食用菌,47.805,2
2021-04-08,食用菌,35.491,3
2021-04-09,食用菌,31.401,4
2021-04-10,食用菌,60.287,5
2021-04-11,食用菌,52.29,6
2021-04-12,食用菌,43.328,0
2021-04-13,食用菌,40.041,1
2021-04-14,食用菌,41.387,2
2021-04-15,食用菌,40.15,3
2021-04-16,食用菌,47.162,4
2021-04-17,食用菌,70.81700000000001,5
2021-04-18,食用菌,56.607,6
2021-04-19,食用菌,36.293,0
2021-04-20,食用菌,37.651,1
2021-04-21,食用菌,31.173000000000002,2
2021-04-22,食用菌,40.04,3
2021-04-23,食用菌,49.109,4
2021-04-24,食用菌,78.6,5
2021-04-25,食用菌,37.692,6
2021-04-26,食用菌,37.392,0
2021-04-27,食用菌,26.08,1
2021-04-28,食用菌,33.609,2
2021-04-29,食用菌,32.548,3
2021-04-30,食用菌,34.271,4
2021-05-01,食用菌,50.81,5
2021-05-02,食用菌,47.435,6
2021-05-03,食用菌,54.995,0
2021-05-04,食用菌,42.643,1
2021-05-05,食用菌,60.989,2
2021-05-06,食用菌,30.192,3
2021-05-07,食用菌,33.543,4
2021-05-08,食用菌,33.331,5
2021-05-09,食用菌,44.849000000000004,6
2021-05-10,食用菌,26.427,0
2021-05-11,食用菌,29.889,1
2021-05-12,食用菌,31.02,2
2021-05-13,食用菌,29.537,3
2021-05-14,食用菌,29.278,4
2021-05-15,食用菌,49.932,5
2021-05-16,食用菌,51.103,6
2021-05-17,食用菌,25.733,0
2021-05-18,食用菌,29.45,1
2021-05-19,食用菌,28.798000000000002,2
2021-05-20,食用菌,35.447,3
2021-05-21,食用菌,43.516,4
2021-05-22,食用菌,45.209,5
2021-05-23,食用菌,62.384,6
2021-05-24,食用菌,29.627,0
2021-05-25,食用菌,35.047,1
2021-05-26,食用菌,31.969,2
2021-05-27,食用菌,19.574,3
2021-05-28,食用菌,28.172,4
2021-05-29,食用菌,35.882,5
2021-05-30,食用菌,33.492,6
2021-05-31,食用菌,34.114,0
2021-06-01,食用菌,33.668,1
2021-06-02,食用菌,43.528,2
2021-06-03,食用菌,48.365,3
2021-06-04,食用菌,47.048,4
2021-06-05,食用菌,42.32,5
2021-06-06,食用菌,32.745,6
2021-06-07,食用菌,27.872,0
2021-06-08,食用菌,28.108,1
2021-06-09,食用菌,31.399,2
2021-06-10,食用菌,29.393,3
2021-06-11,食用菌,25.579,4
2021-06-12,食用菌,61.009,5
2021-06-13,食用菌,74.602,6
2021-06-14,食用菌,56.049,0
2021-06-15,食用菌,31.346,1
2021-06-16,食用菌,29.826,2
2021-06-17,食用菌,22.835,3
2021-06-18,食用菌,29.867,4
2021-06-19,食用菌,39.484,5
2021-06-20,食用菌,38.578,6
2021-06-21,食用菌,24.224,0
2021-06-22,食用菌,29.299,1
2021-06-23,食用菌,32.793,2
2021-06-24,食用菌,31.747,3
2021-06-25,食用菌,32.537,4
2021-06-26,食用菌,47.402,5
2021-06-27,食用菌,49.14,6
2021-06-28,食用菌,33.153,0
2021-06-29,食用菌,26.399,1
2021-06-30,食用菌,41.537,2
2021-07-01,食用菌,32.65,3
2021-07-02,食用菌,34.247,4
2021-07-03,食用菌,66.849,5
2021-07-04,食用菌,44.466,6
2021-07-05,食用菌,40.491,0
2021-07-06,食用菌,36.365,1
2021-07-07,食用菌,26.099,2
2021-07-08,食用菌,34.071,3
2021-07-09,食用菌,26.496,4
2021-07-10,食用菌,41.077,5
2021-07-11,食用菌,38.382,6
2021-07-12,食用菌,24.080000000000002,0
2021-07-13,食用菌,18.59,1
2021-07-14,食用菌,43.512,2
2021-07-15,食用菌,29.008,3
2021-07-16,食用菌,47.644,4
2021-07-17,食用菌,46.115,5
2021-07-18,食用菌,43.166,6
2021-07-19,食用菌,40.629,0
2021-07-20,食用菌,27.025,1
2021-07-21,食用菌,35.828,2
2021-07-22,食用菌,31.031,3
2021-07-23,食用菌,28.61,4
2021-07-24,食用菌,35.038,5
2021-07-25,食用菌,36.532000000000004,6
2021-07-26,食用菌,30.861,0
2021-07-27,食用菌,29.008,1
2021-07-28,食用菌,35.805,2
2021-07-29,食用菌,26.28,3
2021-07-30,食用菌,28.865,4
2021-07-31,食用菌,44.567,5
2021-08-01,食用菌,42.984,6
2021-08-02,食用菌,57.648,0
2021-08-03,食用菌,42.284,1
2021-08-04,食用菌,50.028,2
2021-08-05,食用菌,58.355,3
2021-08-06,食用菌,51.397,4
2021-08-07,食用菌,53.974,5
2021-08-08,食用菌,57.351,6
2021-08-09,食用菌,41.987,0
2021-08-10,食用菌,39.23,1
2021-08-11,食用菌,44.244,2
2021-08-12,食用菌,52.211,3
2021-08-13,食用菌,57.871,4
2021-08-14,食用菌,74.363,5
2021-08-15,食用菌,61.545,6
2021-08-16,食用菌,41.091,0
2021-08-17,食用菌,57.879,1
2021-08-18,食用菌,38.636,2
2021-08-19,食用菌,35.688,3
2021-08-20,食用菌,42.358,4
2021-08-21,食用菌,70.575,5
2021-08-22,食用菌,60.822,6
2021-08-23,食用菌,40.53,0
2021-08-24,食用菌,43.365,1
2021-08-25,食用菌,34.177,2
2021-08-26,食用菌,49.747,3
2021-08-27,食用菌,61.288,4
2021-08-28,食用菌,61.493,5
2021-08-29,食用菌,65.999,6
2021-08-30,食用菌,47.989,0
2021-08-31,食用菌,42.531,1
2021-09-01,食用菌,61.883,2
2021-09-02,食用菌,40.494,3
2021-09-03,食用菌,46.246,4
2021-09-04,食用菌,78.639,5
2021-09-05,食用菌,74.857,6
2021-09-06,食用菌,37.744,0
2021-09-07,食用菌,44.438,1
2021-09-08,食用菌,42.227,2
2021-09-09,食用菌,41.432,3
2021-09-10,食用菌,35.582,4
2021-09-11,食用菌,62.394,5
2021-09-12,食用菌,57.278,6
2021-09-13,食用菌,31.415,0
2021-09-14,食用菌,35.185,1
2021-09-15,食用菌,35.282,2
2021-09-16,食用菌,38.913000000000004,3
2021-09-17,食用菌,33.650999999999996,4
2021-09-18,食用菌,41.645,5
2021-09-19,食用菌,112.917,6
2021-09-20,食用菌,92.06700000000001,0
2021-09-21,食用菌,80.697,1
2021-09-22,食用菌,36.948,2
2021-09-23,食用菌,33.308,3
2021-09-24,食用菌,40.365,4
2021-09-25,食用菌,38.452,5
2021-09-26,食用菌,27.192,6
2021-09-27,食用菌,12.762,0
2021-09-28,食用菌,21.671,1
2021-09-29,食用菌,15.119,2
2021-09-30,食用菌,22.234,3
2021-10-01,食用菌,43.638,4
2021-10-02,食用菌,38.088,5
2021-10-03,食用菌,43.27,6
2021-10-04,食用菌,38.497,0
2021-10-05,食用菌,33.255,1
2021-10-06,食用菌,55.723,2
2021-10-07,食用菌,45.794,3
2021-10-08,食用菌,49.062,4
2021-10-09,食用菌,33.339999999999996,5
2021-10-10,食用菌,77.621,6
2021-10-11,食用菌,26.96,0
2021-10-12,食用菌,38.769,1
2021-10-13,食用菌,39.51,2
2021-10-14,食用菌,28.438,3
2021-10-15,食用菌,84.89,4
2021-10-16,食用菌,73.514,5
2021-10-17,食用菌,65.816,6
2021-10-18,食用菌,30.066,0
2021-10-19,食用菌,32.2,1
2021-10-20,食用菌,41.794,2
2021-10-21,食用菌,38.753,3
2021-10-22,食用菌,40.039,4
2021-10-23,食用菌,87.828,5
2021-10-24,食用菌,55.632,6
2021-10-25,食用菌,46.731,0
2021-10-26,食用菌,48.637,1
2021-10-27,食用菌,35.369,2
2021-10-28,食用菌,31.659,3
2021-10-29,食用菌,47.926,4
2021-10-30,食用菌,79.731,5
2021-10-31,食用菌,75.305,6
2021-11-01,食用菌,40.999,0
2021-11-02,食用菌,49.667,1
2021-11-03,食用菌,82.957,2
2021-11-04,食用菌,61.122,3
2021-11-05,食用菌,104.608,4
2021-11-06,食用菌,128.993,5
2021-11-07,食用菌,155.029,6
2021-11-08,食用菌,58.558,0
2021-11-09,食用菌,52.288,1
2021-11-10,食用菌,48.096000000000004,2
2021-11-11,食用菌,47.256,3
2021-11-12,食用菌,55.136,4
2021-11-13,食用菌,57.321,5
2021-11-14,食用菌,71.072,6
2021-11-15,食用菌,36.29,0
2021-11-16,食用菌,35.93,1
2021-11-17,食用菌,43.704,2
2021-11-18,食用菌,35.182,3
2021-11-19,食用菌,35.174,4
2021-11-20,食用菌,73.711,5
2021-11-21,食用菌,102.367,6
2021-11-22,食用菌,24.416,0
2021-11-23,食用菌,24.705,1
2021-11-24,食用菌,22.259,2
2021-11-25,食用菌,17.266,3
2021-11-26,食用菌,23.644,4
2021-11-27,食用菌,43.646,5
2021-11-28,食用菌,56.96,6
2021-11-29,食用菌,20.934,0
2021-11-30,食用菌,30.467,1
2021-12-01,食用菌,24.864,2
2021-12-02,食用菌,20.085,3
2021-12-03,食用菌,54.498,4
2021-12-04,食用菌,92.69500000000001,5
2021-12-05,食用菌,100.244,6
2021-12-06,食用菌,45.511,0
2021-12-07,食用菌,36.621,1
2021-12-08,食用菌,48.246,2
2021-12-09,食用菌,42.728,3
2021-12-10,食用菌,55.263,4
2021-12-11,食用菌,121.635,5
2021-12-12,食用菌,80.302,6
2021-12-13,食用菌,92.884,0
2021-12-14,食用菌,103.516,1
2021-12-15,食用菌,63.724,2
2021-12-16,食用菌,51.856,3
2021-12-17,食用菌,69.729,4
2021-12-18,食用菌,114.017,5
2021-12-19,食用菌,118.836,6
2021-12-20,食用菌,60.872,0
2021-12-21,食用菌,54.261,1
2021-12-22,食用菌,50.263,2
2021-12-23,食用菌,47.43,3
2021-12-24,食用菌,63.084,4
2021-12-25,食用菌,137.522,5
2021-12-26,食用菌,92.322,6
2021-12-27,食用菌,37.642,0
2021-12-28,食用菌,39.004,1
2021-12-29,食用菌,28.395,2
2021-12-30,食用菌,31.745,3
2021-12-31,食用菌,88.954,4
2022-01-01,食用菌,90.656,5
2022-01-02,食用菌,59.918,6
2022-01-03,食用菌,59.045,0
2022-01-04,食用菌,63.48,1
2022-01-05,食用菌,40.437,2
2022-01-06,食用菌,44.163,3
2022-01-07,食用菌,78.764,4
2022-01-08,食用菌,112.412,5
2022-01-09,食用菌,84.804,6
2022-01-10,食用菌,46.232,0
2022-01-11,食用菌,33.489,1
2022-01-12,食用菌,46.619,2
2022-01-13,食用菌,48.916,3
2022-01-14,食用菌,53.083,4
2022-01-15,食用菌,49.827,5
2022-01-16,食用菌,55.987,6
2022-01-17,食用菌,29.229,0
2022-01-18,食用菌,38.752,1
2022-01-19,食用菌,72.068,2
2022-01-20,食用菌,78.146,3
2022-01-21,食用菌,77.103,4
2022-01-22,食用菌,97.333,5
2022-01-23,食用菌,89.483,6
2022-01-24,食用菌,68.443,0
2022-01-25,食用菌,83.043,1
2022-01-26,食用菌,87.094,2
2022-01-27,食用菌,66.621,3
2022-01-28,食用菌,144.04,4
2022-01-29,食用菌,195.987,5
2022-01-30,食用菌,153.261,6
2022-02-01,食用菌,46.534,1
2022-02-02,食用菌,104.522,2
2022-02-03,食用菌,46.152,3
2022-02-04,食用菌,62.232,4
2022-02-05,食用菌,94.217,5
2022-02-06,食用菌,90.519,6
2022-02-07,食用菌,89.43,0
2022-02-08,食用菌,48.124,1
2022-02-09,食用菌,54.397999999999996,2
2022-02-10,食用菌,45.478,3
2022-02-11,食用菌,44.35,4
2022-02-12,食用菌,44.628,5
2022-02-13,食用菌,62.028,6
2022-02-14,食用菌,43.618,0
2022-02-15,食用菌,54.996,1
2022-02-16,食用菌,19.235,2
2022-02-17,食用菌,28.335,3
2022-02-18,食用菌,44.249,4
2022-02-19,食用菌,49.453,5
2022-02-20,食用菌,29.076,6
2022-02-21,食用菌,11.197,0
2022-02-22,食用菌,14.499,1
2022-02-23,食用菌,16.979,2
2022-02-24,食用菌,27.097,3
2022-02-25,食用菌,33.498,4
2022-02-26,食用菌,44.56,5
2022-02-27,食用菌,29.748,6
2022-02-28,食用菌,11.887,0
2022-03-01,食用菌,18.112000000000002,1
2022-03-02,食用菌,17.916,2
2022-03-03,食用菌,15.525,3
2022-03-04,食用菌,28.908,4
2022-03-05,食用菌,33.725,5
2022-03-06,食用菌,39.323,6
2022-03-07,食用菌,12.626,0
2022-03-08,食用菌,14.096,1
2022-03-09,食用菌,21.91,2
2022-03-10,食用菌,14.375,3
2022-03-11,食用菌,11.525,4
2022-03-12,食用菌,23.441,5
2022-03-13,食用菌,25.827,6
2022-03-14,食用菌,13.799,0
2022-03-15,食用菌,17.42,1
2022-03-16,食用菌,17.088,2
2022-03-17,食用菌,22.721,3
2022-03-18,食用菌,29.951999999999998,4
2022-03-19,食用菌,49.829,5
2022-03-20,食用菌,43.0,6
2022-03-21,食用菌,28.074,0
2022-03-22,食用菌,31.656,1
2022-03-23,食用菌,28.279,2
2022-03-24,食用菌,18.106,3
2022-03-25,食用菌,43.386,4
2022-03-26,食用菌,43.183,5
2022-03-27,食用菌,24.078,6
2022-03-28,食用菌,21.238,0
2022-03-29,食用菌,26.983,1
2022-03-30,食用菌,22.45,2
2022-03-31,食用菌,26.203,3
2022-04-01,食用菌,19.915,4
2022-04-02,食用菌,30.03,5
2022-04-03,食用菌,46.766,6
2022-04-04,食用菌,40.745,0
2022-04-05,食用菌,31.476,1
2022-04-06,食用菌,20.492,2
2022-04-07,食用菌,14.881,3
2022-04-08,食用菌,18.886,4
2022-04-09,食用菌,35.619,5
2022-04-10,食用菌,30.946,6
2022-04-11,食用菌,11.87,0
2022-04-12,食用菌,16.858999999999998,1
2022-04-13,食用菌,31.963,2
2022-04-14,食用菌,21.589,3
2022-04-15,食用菌,39.136,4
2022-04-16,食用菌,28.104,5
2022-04-17,食用菌,40.244,6
2022-04-18,食用菌,28.667,0
2022-04-19,食用菌,23.736,1
2022-04-20,食用菌,33.394,2
2022-04-21,食用菌,27.479,3
2022-04-22,食用菌,26.309,4
2022-04-23,食用菌,27.473,5
2022-04-24,食用菌,32.921,6
2022-04-25,食用菌,28.121,0
2022-04-26,食用菌,13.139,1
2022-04-27,食用菌,27.102,2
2022-04-28,食用菌,16.357,3
2022-04-29,食用菌,24.064,4
2022-04-30,食用菌,34.151,5
2022-05-01,食用菌,33.083,6
2022-05-02,食用菌,42.191,0
2022-05-03,食用菌,18.375,1
2022-05-04,食用菌,27.071,2
2022-05-05,食用菌,16.992,3
2022-05-06,食用菌,19.454,4
2022-05-07,食用菌,34.837,5
2022-05-08,食用菌,35.067,6
2022-05-09,食用菌,34.581,0
2022-05-10,食用菌,9.417,1
2022-05-11,食用菌,20.87,2
2022-05-12,食用菌,21.925,3
2022-05-13,食用菌,26.1,4
2022-05-14,食用菌,26.77,5
2022-05-15,食用菌,34.51,6
2022-05-16,食用菌,18.527,0
2022-05-17,食用菌,12.789,1
2022-05-18,食用菌,20.598,2
2022-05-19,食用菌,13.195,3
2022-05-20,食用菌,14.719,4
2022-05-21,食用菌,43.484,5
2022-05-22,食用菌,23.398,6
2022-05-23,食用菌,4.6370000000000005,0
2022-05-24,食用菌,14.041,1
2022-05-25,食用菌,18.698,2
2022-05-26,食用菌,21.185,3
2022-05-27,食用菌,19.308,4
2022-05-28,食用菌,46.827,5
2022-05-29,食用菌,33.517,6
2022-05-30,食用菌,16.585,0
2022-05-31,食用菌,39.474,1
2022-06-01,食用菌,35.603,2
2022-06-02,食用菌,36.405,3
2022-06-03,食用菌,61.149,4
2022-06-04,食用菌,27.698,5
2022-06-05,食用菌,41.369,6
2022-06-06,食用菌,26.543,0
2022-06-07,食用菌,28.139,1
2022-06-08,食用菌,28.048,2
2022-06-09,食用菌,27.768,3
2022-06-10,食用菌,27.152,4
2022-06-11,食用菌,36.533,5
2022-06-12,食用菌,49.293,6
2022-06-13,食用菌,35.014,0
2022-06-14,食用菌,16.266,1
2022-06-15,食用菌,26.243,2
2022-06-16,食用菌,32.228,3
2022-06-17,食用菌,36.568,4
2022-06-18,食用菌,50.206,5
2022-06-19,食用菌,49.153,6
2022-06-20,食用菌,35.656,0
2022-06-21,食用菌,29.804,1
2022-06-22,食用菌,28.097,2
2022-06-23,食用菌,28.488,3
2022-06-24,食用菌,29.265,4
2022-06-25,食用菌,47.569,5
2022-06-26,食用菌,54.309,6
2022-06-27,食用菌,26.887,0
2022-06-28,食用菌,39.702,1
2022-06-29,食用菌,39.934,2
2022-06-30,食用菌,38.627,3
2022-07-01,食用菌,50.953,4
2022-07-02,食用菌,45.704,5
2022-07-03,食用菌,42.18,6
2022-07-04,食用菌,36.688,0
2022-07-05,食用菌,50.367,1
2022-07-06,食用菌,32.226,2
2022-07-07,食用菌,29.189,3
2022-07-08,食用菌,49.425,4
2022-07-09,食用菌,55.629,5
2022-07-10,食用菌,80.418,6
2022-07-11,食用菌,55.108,0
2022-07-12,食用菌,27.869,1
2022-07-13,食用菌,63.603,2
2022-07-14,食用菌,44.709,3
2022-07-15,食用菌,66.136,4
2022-07-16,食用菌,89.471,5
2022-07-17,食用菌,73.67099999999999,6
2022-07-18,食用菌,52.193,0
2022-07-19,食用菌,44.352,1
2022-07-20,食用菌,37.088,2
2022-07-21,食用菌,43.486,3
2022-07-22,食用菌,60.678,4
2022-07-23,食用菌,101.743,5
2022-07-24,食用菌,67.64,6
2022-07-25,食用菌,66.315,0
2022-07-26,食用菌,59.465,1
2022-07-27,食用菌,58.869,2
2022-07-28,食用菌,69.521,3
2022-07-29,食用菌,52.634,4
2022-07-30,食用菌,86.456,5
2022-07-31,食用菌,98.219,6
2022-08-01,食用菌,36.451,0
2022-08-02,食用菌,57.276,1
2022-08-03,食用菌,76.332,2
2022-08-04,食用菌,81.526,3
2022-08-05,食用菌,66.543,4
2022-08-06,食用菌,91.924,5
2022-08-07,食用菌,105.113,6
2022-08-08,食用菌,87.266,0
2022-08-09,食用菌,77.1,1
2022-08-10,食用菌,39.034,2
2022-08-11,食用菌,68.93900000000001,3
2022-08-12,食用菌,60.39,4
2022-08-13,食用菌,72.19,5
2022-08-14,食用菌,87.77,6
2022-08-15,食用菌,67.468,0
2022-08-16,食用菌,71.408,1
2022-08-17,食用菌,66.376,2
2022-08-18,食用菌,84.219,3
2022-08-19,食用菌,91.655,4
2022-08-20,食用菌,70.643,5
2022-08-21,食用菌,72.191,6
2022-08-22,食用菌,47.201,0
2022-08-23,食用菌,48.094,1
2022-08-24,食用菌,59.056,2
2022-08-25,食用菌,41.528,3
2022-08-26,食用菌,73.827,4
2022-08-27,食用菌,68.656,5
2022-08-28,食用菌,71.953,6
2022-08-29,食用菌,74.182,0
2022-08-30,食用菌,33.987,1
2022-08-31,食用菌,30.29,2
2022-09-01,食用菌,58.419,3
2022-09-02,食用菌,61.119,4
2022-09-03,食用菌,77.887,5
2022-09-04,食用菌,87.775,6
2022-09-05,食用菌,47.452,0
2022-09-06,食用菌,40.62,1
2022-09-07,食用菌,44.356,2
2022-09-08,食用菌,62.072,3
2022-09-09,食用菌,103.568,4
2022-09-10,食用菌,114.942,5
2022-09-11,食用菌,92.33,6
2022-09-12,食用菌,98.587,0
2022-09-13,食用菌,68.334,1
2022-09-14,食用菌,53.107,2
2022-09-15,食用菌,56.663000000000004,3
2022-09-16,食用菌,74.425,4
2022-09-17,食用菌,90.05,5
2022-09-18,食用菌,80.373,6
2022-09-19,食用菌,30.316,0
2022-09-20,食用菌,47.235,1
2022-09-21,食用菌,46.791,2
2022-09-22,食用菌,50.943,3
2022-09-23,食用菌,87.179,4
2022-09-24,食用菌,101.607,5
2022-09-25,食用菌,118.404,6
2022-09-26,食用菌,58.142,0
2022-09-27,食用菌,37.499,1
2022-09-28,食用菌,53.384,2
2022-09-29,食用菌,44.333,3
2022-09-30,食用菌,53.895,4
2022-10-01,食用菌,122.01,5
2022-10-02,食用菌,91.23,6
2022-10-03,食用菌,81.68900000000001,0
2022-10-04,食用菌,117.054,1
2022-10-05,食用菌,87.491,2
2022-10-06,食用菌,184.582,3
2022-10-07,食用菌,154.165,4
2022-10-08,食用菌,108.094,5
2022-10-09,食用菌,121.547,6
2022-10-10,食用菌,103.327,0
2022-10-11,食用菌,89.443,1
2022-10-12,食用菌,82.773,2
2022-10-13,食用菌,70.046,3
2022-10-14,食用菌,65.579,4
2022-10-15,食用菌,223.125,5
2022-10-16,食用菌,209.72,6
2022-10-17,食用菌,104.537,0
2022-10-18,食用菌,156.31,1
2022-10-19,食用菌,105.856,2
2022-10-20,食用菌,88.041,3
2022-10-21,食用菌,288.383,4
2022-10-22,食用菌,157.648,5
2022-10-23,食用菌,152.181,6
2022-10-24,食用菌,85.05,0
2022-10-25,食用菌,89.459,1
2022-10-26,食用菌,104.795,2
2022-10-27,食用菌,116.582,3
2022-10-28,食用菌,164.567,4
2022-10-29,食用菌,246.83,5
2022-10-30,食用菌,197.429,6
2022-10-31,食用菌,60.844,0
2022-11-01,食用菌,96.659,1
2022-11-03,食用菌,120.855,3
2022-11-05,食用菌,176.843,5
2022-11-06,食用菌,165.482,6
2022-11-07,食用菌,86.0,0
2022-11-08,食用菌,82.087,1
2022-11-09,食用菌,68.901,2
2022-11-10,食用菌,74.627,3
2022-11-11,食用菌,163.552,4
2022-11-12,食用菌,257.066,5
2022-11-13,食用菌,206.762,6
2022-11-14,食用菌,99.074,0
2022-11-15,食用菌,102.92,1
2022-11-16,食用菌,92.695,2
2022-11-17,食用菌,90.18,3
2022-11-18,食用菌,153.087,4
2022-11-19,食用菌,440.93,5
2022-11-20,食用菌,156.828,6
2022-11-21,食用菌,343.02,0
2022-11-22,食用菌,36.489,1
2022-11-23,食用菌,68.562,2
2022-11-24,食用菌,43.262,3
2022-11-25,食用菌,32.969,4
2022-11-26,食用菌,57.284,5
2022-11-27,食用菌,8.596,6
2022-11-28,食用菌,3.012,0
2022-11-29,食用菌,8.283,1
2022-12-04,食用菌,30.0,6
2022-12-05,食用菌,114.0,0
2022-12-06,食用菌,98.62,1
2022-12-07,食用菌,124.352,2
2022-12-08,食用菌,82.678,3
2022-12-09,食用菌,71.484,4
2022-12-10,食用菌,149.336,5
2022-12-11,食用菌,144.333,6
2022-12-12,食用菌,85.722,0
2022-12-13,食用菌,91.195,1
2022-12-14,食用菌,102.181,2
2022-12-15,食用菌,94.034,3
2022-12-16,食用菌,141.993,4
2022-12-17,食用菌,142.647,5
2022-12-18,食用菌,131.36,6
2022-12-19,食用菌,86.269,0
2022-12-20,食用菌,103.847,1
2022-12-21,食用菌,128.851,2
2022-12-22,食用菌,99.983,3
2022-12-23,食用菌,92.544,4
2022-12-24,食用菌,139.067,5
2022-12-25,食用菌,160.777,6
2022-12-26,食用菌,115.933,0
2022-12-27,食用菌,102.06,1
2022-12-28,食用菌,119.913,2
2022-12-29,食用菌,123.439,3
2022-12-30,食用菌,131.883,4
2022-12-31,食用菌,178.021,5
2023-01-01,食用菌,159.047,6
2023-01-02,食用菌,132.934,0
2023-01-03,食用菌,86.599,1
2023-01-04,食用菌,88.495,2
2023-01-05,食用菌,101.317,3
2023-01-06,食用菌,115.083,4
2023-01-07,食用菌,108.037,5
2023-01-08,食用菌,115.9,6
2023-01-09,食用菌,100.363,0
2023-01-10,食用菌,100.017,1
2023-01-11,食用菌,88.976,2
2023-01-12,食用菌,87.742,3
2023-01-13,食用菌,123.264,4
2023-01-14,食用菌,204.679,5
2023-01-15,食用菌,178.944,6
2023-01-16,食用菌,144.546,0
2023-01-17,食用菌,166.406,1
2023-01-18,食用菌,212.899,2
2023-01-19,食用菌,384.359,3
2023-01-20,食用菌,455.627,4
2023-01-22,食用菌,91.901,6
2023-01-23,食用菌,146.538,0
2023-01-24,食用菌,48.517,1
2023-01-25,食用菌,165.671,2
2023-01-26,食用菌,204.906,3
2023-01-27,食用菌,215.811,4
2023-01-28,食用菌,163.237,5
2023-01-29,食用菌,122.262,6
2023-01-30,食用菌,113.826,0
2023-01-31,食用菌,104.426,1
2023-02-01,食用菌,92.321,2
2023-02-02,食用菌,125.853,3
2023-02-03,食用菌,125.441,4
2023-02-04,食用菌,126.55,5
2023-02-05,食用菌,112.777,6
2023-02-06,食用菌,79.476,0
2023-02-07,食用菌,63.807,1
2023-02-08,食用菌,75.372,2
2023-02-09,食用菌,88.67,3
2023-02-10,食用菌,103.7,4
2023-02-11,食用菌,143.531,5
2023-02-12,食用菌,109.179,6
2023-02-13,食用菌,103.147,0
2023-02-14,食用菌,75.069,1
2023-02-15,食用菌,72.325,2
2023-02-16,食用菌,74.701,3
2023-02-17,食用菌,104.876,4
2023-02-18,食用菌,134.317,5
2023-02-19,食用菌,105.097,6
2023-02-20,食用菌,64.776,0
2023-02-21,食用菌,55.615,1
2023-02-22,食用菌,74.474,2
2023-02-23,食用菌,77.906,3
2023-02-24,食用菌,83.785,4
2023-02-25,食用菌,115.867,5
2023-02-26,食用菌,92.628,6
2023-02-27,食用菌,65.006,0
2023-02-28,食用菌,61.482,1
2023-03-01,食用菌,73.717,2
2023-03-02,食用菌,62.87,3
2023-03-03,食用菌,90.386,4
2023-03-04,食用菌,105.25,5
2023-03-05,食用菌,84.307,6
2023-03-06,食用菌,54.979,0
2023-03-07,食用菌,71.957,1
2023-03-08,食用菌,65.41,2
2023-03-09,食用菌,44.888,3
2023-03-10,食用菌,71.433,4
2023-03-11,食用菌,116.774,5
2023-03-12,食用菌,109.272,6
2023-03-13,食用菌,55.527,0
2023-03-14,食用菌,46.835,1
2023-03-15,食用菌,81.886,2
2023-03-16,食用菌,89.875,3
2023-03-17,食用菌,136.726,4
2023-03-18,食用菌,147.687,5
2023-03-19,食用菌,125.119,6
2023-03-20,食用菌,74.011,0
2023-03-21,食用菌,80.883,1
2023-03-22,食用菌,89.191,2
2023-03-23,食用菌,70.785,3
2023-03-24,食用菌,105.586,4
2023-03-25,食用菌,112.197,5
2023-03-26,食用菌,120.223,6
2023-03-27,食用菌,74.574,0
2023-03-28,食用菌,79.756,1
2023-03-29,食用菌,86.112,2
2023-03-30,食用菌,63.476,3
2023-03-31,食用菌,104.745,4
2023-04-01,食用菌,101.324,5
2023-04-02,食用菌,109.447,6
2023-04-03,食用菌,93.459,0
2023-04-04,食用菌,90.507,1
2023-04-05,食用菌,115.412,2
2023-04-06,食用菌,73.004,3
2023-04-07,食用菌,88.025,4
2023-04-08,食用菌,128.855,5
2023-04-09,食用菌,83.908,6
2023-04-10,食用菌,51.773,0
2023-04-11,食用菌,62.405,1
2023-04-12,食用菌,63.48,2
2023-04-13,食用菌,51.532,3
2023-04-14,食用菌,83.023,4
2023-04-15,食用菌,106.142,5
2023-04-16,食用菌,85.949,6
2023-04-17,食用菌,39.144999999999996,0
2023-04-18,食用菌,66.338,1
2023-04-19,食用菌,58.407000000000004,2
2023-04-20,食用菌,55.919,3
2023-04-21,食用菌,89.492,4
2023-04-22,食用菌,158.36,5
2023-04-23,食用菌,81.715,6
2023-04-24,食用菌,60.294,0
2023-04-25,食用菌,68.882,1
2023-04-26,食用菌,45.674,2
2023-04-27,食用菌,62.808,3
2023-04-28,食用菌,81.778,4
2023-04-29,食用菌,127.524,5
2023-04-30,食用菌,97.254,6
2023-05-01,食用菌,83.717,0
2023-05-02,食用菌,66.312,1
2023-05-03,食用菌,72.027,2
2023-05-04,食用菌,55.952,3
2023-05-05,食用菌,63.126,4
2023-05-06,食用菌,99.697,5
2023-05-07,食用菌,115.423,6
2023-05-08,食用菌,58.128,0
2023-05-09,食用菌,49.033,1
2023-05-10,食用菌,78.595,2
2023-05-11,食用菌,42.217,3
2023-05-12,食用菌,67.921,4
2023-05-13,食用菌,95.606,5
2023-05-14,食用菌,97.677,6
2023-05-15,食用菌,61.585,0
2023-05-16,食用菌,57.535,1
2023-05-17,食用菌,54.7,2
2023-05-18,食用菌,49.756,3
2023-05-19,食用菌,60.947,4
2023-05-20,食用菌,82.754,5
2023-05-21,食用菌,94.76,6
2023-05-22,食用菌,70.154,0
2023-05-23,食用菌,49.994,1
2023-05-24,食用菌,47.818,2
2023-05-25,食用菌,50.69,3
2023-05-26,食用菌,53.736,4
2023-05-27,食用菌,91.754,5
2023-05-28,食用菌,109.635,6
2023-05-29,食用菌,53.849,0
2023-05-30,食用菌,46.299,1
2023-05-31,食用菌,46.711,2
2023-06-01,食用菌,44.867,3
2023-06-02,食用菌,68.385,4
2023-06-03,食用菌,94.541,5
2023-06-04,食用菌,95.926,6
2023-06-05,食用菌,49.192,0
2023-06-06,食用菌,56.608,1
2023-06-07,食用菌,44.446,2
2023-06-08,食用菌,49.993,3
2023-06-09,食用菌,55.465,4
2023-06-10,食用菌,98.844,5
2023-06-11,食用菌,79.626,6
2023-06-12,食用菌,36.153999999999996,0
2023-06-13,食用菌,54.24,1
2023-06-14,食用菌,43.778,2
2023-06-15,食用菌,34.886,3
2023-06-16,食用菌,58.503,4
2023-06-17,食用菌,93.35,5
2023-06-18,食用菌,72.039,6
2023-06-19,食用菌,43.293,0
2023-06-20,食用菌,39.223,1
2023-06-21,食用菌,63.364,2
2023-06-22,食用菌,77.476,3
2023-06-23,食用菌,55.417,4
2023-06-24,食用菌,54.18,5
2023-06-25,食用菌,35.271,6
2023-06-26,食用菌,39.582,0
2023-06-27,食用菌,38.708,1
2023-06-28,食用菌,53.742,2
2023-06-29,食用菌,48.314,3
2023-06-30,食用菌,39.572,4
